Age,Income,Employment_Type,Years_Employed,Loan_Amount,Loan_Term,Credit_History,Existing_Debt,Debt_to_Income,Previous_Default,Savings,Dependents,Property_Owned,Loan_Purpose,Risk_Label
59,2349084,Self-Employed,14,309178,24,Good,644167,0.27422038793828235,0,110268,4,0,Education,0
59,2354489,Salaried,18,1620006,60,Good,87498,0.03716218798975574,0,912756,3,1,Car,0
60,398167,Business,2,379365,36,Bad,64820,0.16279560386570494,1,787201,3,0,Personal,1
50,1945573,Business,1,841743,120,Bad,103355,0.05312314000906673,1,1284372,0,1,Home,1
32,1516025,Business,5,1039436,180,Bad,258795,0.17070617522390777,0,486232,0,1,Home,0
47,2373882,Self-Employed,9,1248079,24,Good,654811,0.2758396264685328,1,527035,5,1,Car,0
64,2490690,Business,36,578178,60,Average,565894,0.2272036153822373,1,489492,0,1,Business,0
59,1585689,Self-Employed,1,698531,180,Bad,251995,0.15891819964810272,0,906606,3,0,Education,0
27,376508,Business,6,156530,120,Average,604365,1.605180752651331,0,460337,3,0,Business,0
22,1628349,Self-Employed,1,1863045,12,Average,341097,0.20947400743083489,0,1363715,5,1,Home,0
49,2215505,Self-Employed,25,252283,60,Bad,196769,0.08881447398472403,1,561353,5,0,Business,1
56,1166797,Self-Employed,30,1634398,120,Good,487879,0.4181349299535995,0,564685,3,0,Personal,0
60,143247,Salaried,17,657086,24,Bad,533556,3.7247012174690046,0,1397527,1,1,Car,1
45,1405160,Salaried,14,1028732,12,Average,376896,0.2682226449495823,0,48984,0,0,Education,0
44,1624384,Business,11,183767,60,Average,648663,0.39932836119516,1,136330,2,0,Business,0
37,1857095,Business,2,636146,24,Bad,129312,0.06963129531268174,0,12666,4,0,Home,0
62,408998,Salaried,40,1806187,180,Average,284806,0.696348890828584,0,1079111,3,1,Car,0
54,471279,Business,22,1700237,60,Good,647972,1.3749193685282635,0,489570,3,0,Home,0
60,1441685,Self-Employed,26,944498,24,Average,201664,0.13988066749625092,0,491234,4,1,Personal,0
34,1326914,Business,0,264020,36,Good,623094,0.4695809452753191,0,897421,2,0,Home,0
29,2436121,Business,2,819598,24,Average,50015,0.02053058098075548,1,772838,0,1,Personal,0
52,994371,Self-Employed,29,785716,120,Bad,105878,0.10647725398543,0,973548,2,1,Car,0
49,1333475,Salaried,12,1423343,24,Average,379989,0.28496125914527143,0,415515,1,1,Education,0
62,2281196,Business,5,1980267,60,Good,767595,0.33648781757998103,0,200235,3,1,Car,0
50,2129021,Salaried,10,592335,60,Bad,288249,0.1353903341534282,0,75766,3,1,Home,0
45,1821240,Business,24,667075,12,Good,127948,0.07025319548593514,1,402690,5,0,Personal,0
28,1918792,Business,5,1888756,36,Good,228576,0.11912488736408773,1,1015602,1,1,Car,0
64,2382990,Business,31,1063343,60,Average,593128,0.24890064628863476,1,118451,0,1,Car,0
32,185318,Self-Employed,1,1581266,24,Good,416880,2.2495264921567677,1,591460,0,0,Home,1
37,890746,Business,16,275281,24,Bad,637147,0.7152951399218858,0,898613,4,0,Personal,0
52,389536,Business,0,1356002,12,Bad,177789,0.4564110726323815,0,742452,3,0,Home,1
46,1403743,Self-Employed,5,1579247,12,Good,719094,0.5122686187794926,1,1119043,2,1,Home,1
37,1861093,Business,4,156081,120,Bad,613333,0.32955508964082414,0,558986,0,1,Business,0
29,2128187,Salaried,5,101663,12,Good,15708,0.007380926873001821,1,311955,3,0,Car,0
56,1030681,Self-Employed,2,1849678,36,Good,762002,0.7393182378269922,0,142483,3,1,Business,0
61,2302048,Business,39,121295,180,Average,743974,0.3231790461454122,0,887121,0,0,Business,0
31,1176731,Business,8,875816,12,Bad,374705,0.31842849518836913,1,554594,3,0,Personal,1
36,2324664,Self-Employed,3,1569163,36,Average,373616,0.1607182110110489,1,657409,0,1,Education,0
32,237796,Self-Employed,10,1040198,60,Average,698376,2.9368579082158313,0,269544,2,0,Car,1
39,1708015,Self-Employed,15,640978,24,Average,528787,0.30959136214180666,1,907317,0,0,Home,0
44,1591091,Business,10,428480,180,Good,32711,0.020558836321218382,0,791971,5,0,Home,0
60,1872290,Self-Employed,24,1835954,60,Average,133272,0.0711812426593943,1,767836,1,0,Car,1
38,1246081,Business,2,504351,180,Bad,312252,0.2505870400182332,1,636584,3,1,Car,1
53,2255619,Business,32,1086685,60,Good,480047,0.21282263856500652,1,1107447,2,0,Business,0
37,2025279,Salaried,0,306687,60,Average,725451,0.35819787881181864,1,107450,2,1,Business,0
42,2499126,Self-Employed,21,1498685,60,Good,116381,0.04656866177669242,0,134508,2,1,Personal,0
28,1319386,Business,2,1672241,180,Bad,360032,0.2728782381515052,1,1046811,0,1,Car,1
25,849903,Salaried,2,1024339,120,Average,627234,0.7380057041736479,1,630271,0,0,Business,1
64,244123,Self-Employed,29,1404204,12,Average,82989,0.33994609296914685,1,1346932,5,0,Education,1
55,2051760,Business,30,1085362,120,Average,459451,0.2239300776260003,1,648307,4,0,Business,0
41,2187359,Self-Employed,0,168015,180,Bad,740674,0.3386154999634262,0,254079,1,0,Car,0
45,808105,Salaried,21,1033609,36,Bad,365890,0.4527747597468649,0,1017703,5,1,Business,1
44,1172590,Self-Employed,21,1116646,180,Average,56958,0.048574481639378095,1,1130650,1,0,Personal,1
22,1344665,Salaried,0,208823,120,Good,630152,0.46863087190424985,1,1441578,5,0,Business,1
59,2452514,Salaried,24,847079,60,Good,664076,0.2707734713141408,1,219963,1,0,Business,0
27,2438136,Business,3,1955324,180,Bad,782355,0.32088229660597417,1,264512,5,0,Home,1
36,1652875,Salaried,2,498982,120,Average,124046,0.07504858198679151,0,406619,1,1,Home,0
22,786326,Self-Employed,0,1328805,120,Good,118834,0.15112542237516963,1,1142424,1,1,Home,1
42,175609,Business,21,1129600,24,Good,70313,0.40039291612094985,1,1438533,5,0,Business,1
63,581243,Business,36,1212208,12,Bad,251451,0.4326083366021843,0,3051,3,0,Business,1
25,1124646,Business,3,1021525,24,Good,721772,0.6417764863108157,0,189407,3,0,Car,0
50,1380386,Business,22,777975,180,Good,73523,0.0532625995463591,1,1143052,1,0,Personal,0
62,342866,Self-Employed,16,1696711,120,Good,344894,1.005911913365824,0,28251,1,0,Education,1
46,303062,Business,8,150235,120,Good,74740,0.2466153901993975,0,378496,1,0,Home,0
21,1163233,Business,0,227247,120,Average,663165,0.5701045533400846,0,529525,0,0,Personal,0
60,307628,Business,0,1232991,60,Average,406716,1.3220990218737505,1,446438,4,0,Education,1
42,2469916,Business,2,790427,24,Good,512153,0.2073563605578649,1,67215,2,1,Home,0
57,323861,Salaried,28,1553181,12,Bad,9435,0.029132778776145396,1,447556,0,1,Home,1
50,198781,Salaried,19,210196,60,Bad,226507,1.139474399090461,1,306063,1,1,Car,1
46,1859183,Salaried,20,1455478,36,Average,484963,0.26084723190388903,1,1367293,5,1,Education,1
57,408790,Salaried,9,1833541,24,Average,360260,0.8812816329126619,1,650419,1,0,Personal,1
39,1007225,Salaried,0,1402695,60,Average,9540,0.009471558518147863,1,1446403,1,1,Home,1
48,841747,Salaried,23,1813211,12,Good,536226,0.637038638642444,1,952699,0,1,Car,1
53,1524330,Business,11,1598098,60,Bad,491072,0.3221557522611559,0,1086880,1,1,Car,0
63,2175723,Self-Employed,28,158940,24,Good,265517,0.12203615899810821,1,667521,4,1,Business,0
55,2049305,Business,7,662956,120,Bad,638873,0.3117509049405018,1,1386073,5,0,Education,1
54,123267,Self-Employed,10,181484,60,Bad,531831,4.314428724405361,1,892323,0,0,Car,1
41,636771,Business,9,613044,12,Bad,543176,0.8530148938709616,0,691095,2,0,Personal,1
55,2303151,Self-Employed,17,120640,180,Average,196582,0.08535346342751152,1,400573,4,1,Personal,0
32,1335856,Business,6,1694044,12,Average,698646,0.5229946019671268,1,637144,2,0,Home,1
61,1018320,Self-Employed,19,1276607,60,Bad,119180,0.11703578734014128,1,66234,2,1,Car,1
56,529995,Self-Employed,18,1823832,120,Good,59163,0.1116291443709009,0,51934,3,1,Business,0
39,125486,Self-Employed,15,923332,36,Bad,650308,5.182273861037398,1,1039458,3,1,Education,1
45,1929891,Business,20,372710,24,Good,197775,0.10247982788674184,1,289336,4,1,Personal,0
62,1009465,Salaried,4,991218,60,Average,38102,0.03774470858850125,1,74460,2,1,Education,1
31,1896203,Salaried,8,1253273,120,Average,213945,0.11282805014650323,0,231915,0,0,Personal,0
58,645830,Salaried,12,1804279,24,Average,39081,0.06051273475568686,0,718216,1,1,Personal,0
47,925497,Business,1,1313108,180,Good,612380,0.661676200272718,0,1365413,2,0,Personal,0
28,1182383,Salaried,4,207504,120,Good,238067,0.20134490994465418,0,692440,4,0,Car,0
24,1335557,Self-Employed,3,69870,120,Average,203196,0.15214314915563382,0,248683,5,0,Car,0
59,1811738,Business,9,498345,36,Average,749074,0.4134558013047133,1,1134764,4,1,Business,0
48,910141,Self-Employed,25,1128931,24,Average,711131,0.7813407138666274,0,451015,4,1,Business,0
61,425062,Business,0,1662162,36,Bad,501708,1.1803144475054286,0,866651,5,0,Car,1
45,1988599,Self-Employed,0,1988341,12,Average,242804,0.12209795836266721,1,1425541,1,0,Home,1
64,1673068,Self-Employed,31,1514492,60,Good,758574,0.45340269887255097,1,128148,5,1,Personal,1
41,851899,Self-Employed,4,309747,12,Average,615650,0.7226787181594084,1,423570,3,0,Personal,1
38,978158,Self-Employed,8,102528,12,Bad,259214,0.26500190664298956,1,970240,4,1,Business,1
23,2372728,Self-Employed,2,915291,180,Bad,11023,0.004645705430329381,0,545735,5,0,Home,0
32,1454679,Self-Employed,11,955588,36,Average,160775,0.11052258916050266,0,1057913,3,0,Home,0
56,1464027,Salaried,27,1225592,24,Good,791267,0.540472586589874,0,497562,5,0,Car,0
37,2124168,Business,0,367428,12,Average,319187,0.15026440928193566,1,1042892,3,1,Car,0
49,1720396,Salaried,13,172402,36,Average,118012,0.06859579504033081,0,438661,1,0,Home,0
25,695278,Self-Employed,0,1228049,24,Good,478007,0.6875038653547713,1,844573,1,0,Education,1
25,645303,Salaried,0,1160389,12,Good,27712,0.0429441007649108,0,112816,2,1,Home,0
41,255230,Business,16,1931548,12,Good,151456,0.5934075406200657,1,862312,2,1,Home,1
21,120404,Business,0,1008447,12,Bad,703286,5.84100328059466,0,1323483,0,0,Car,1
25,2452517,Self-Employed,2,1149188,60,Good,200244,0.08164833040980739,1,1053385,1,1,Business,0
39,1313104,Business,13,1137341,24,Good,316076,0.2407088542043477,1,934604,3,0,Home,0
21,820903,Business,0,1993327,120,Bad,92193,0.11230667654195862,0,1084763,1,1,Car,1
54,1480642,Salaried,11,690053,120,Bad,631172,0.4262823651616223,1,125917,5,1,Home,1
37,1091375,Salaried,14,589542,12,Bad,44238,0.040534151383207984,1,1252,4,1,Home,1
34,1654026,Business,2,1420214,12,Bad,605605,0.36613973048807547,1,327359,3,1,Personal,1
54,126949,Salaried,33,1827489,60,Bad,662301,5.2170224497833795,0,550222,2,1,Education,1
54,1484133,Salaried,32,1982247,36,Good,304462,0.20514454894234618,1,250875,5,1,Education,0
62,373490,Business,16,1346516,24,Bad,365340,0.9781761809521514,1,433027,1,1,Business,1
37,1679312,Business,4,273777,36,Bad,5569,0.0033162370564629702,1,594124,5,1,Personal,1
63,2475242,Self-Employed,10,821954,120,Good,661614,0.26729254461077157,0,679574,2,0,Personal,0
36,1192647,Salaried,3,1078455,12,Good,172312,0.14447850497380618,1,1305794,2,0,Education,0
47,2070367,Salaried,17,1651596,180,Good,645753,0.3119025216773057,0,928818,2,1,Car,0
41,1649297,Business,9,1135244,24,Average,285205,0.17292508691576658,0,1389972,5,0,Home,0
21,1167172,Salaried,0,1465400,60,Good,147979,0.1267841185496923,0,1198425,5,1,Business,0
54,2214157,Salaried,25,1997436,60,Good,212890,0.09614941661796493,0,1072200,1,0,Car,0
42,2403869,Self-Employed,10,1479551,24,Good,183868,0.07648832923577398,1,659792,1,0,Car,0
56,2427328,Business,7,964032,24,Average,472930,0.19483555793219626,0,917559,5,1,Personal,0
34,509593,Salaried,11,1172262,36,Average,67661,0.1327743262283308,1,568535,1,1,Home,1
46,2483917,Business,23,1357506,60,Good,660482,0.26590330276603336,0,804462,5,1,Business,0
63,973499,Self-Employed,17,680265,120,Average,613157,0.6298479712378018,1,821106,0,0,Education,1
57,2439049,Business,16,145462,24,Bad,399445,0.16377073040733073,0,1498585,5,1,Car,0
64,778956,Business,19,1497960,36,Average,632387,0.8118381374068145,1,531849,2,0,Personal,1
61,1817900,Salaried,17,76734,180,Average,26069,0.0143401648384593,1,537198,0,0,Education,0
64,2408228,Self-Employed,5,1052163,60,Bad,709913,0.2947863346882709,1,572735,1,0,Personal,1
26,1434532,Salaried,0,1812592,180,Good,116421,0.08115602778046932,1,525893,3,0,Education,1
50,307210,Self-Employed,29,1884813,36,Bad,144990,0.47195575679256274,1,1207094,0,0,Business,1
23,538034,Business,2,1083255,60,Average,790756,1.469711078275577,0,795543,5,1,Business,0
22,1852682,Self-Employed,1,1841822,12,Average,762501,0.4115658210282061,1,387952,5,0,Education,1
58,2477821,Business,1,575134,12,Good,535242,0.21601309537166108,1,1389959,1,0,Personal,0
64,2354693,Self-Employed,25,1927109,60,Average,64323,0.027316925256530147,0,616210,3,1,Business,0
53,1074480,Business,11,439678,12,Good,104537,0.0972906919712866,1,864909,5,0,Business,0
57,1170493,Business,10,1655118,12,Bad,786275,0.6717462883192908,1,1416012,2,1,Personal,1
23,402272,Salaried,1,816641,120,Bad,714743,1.7767610553032394,0,589833,4,0,Car,1
43,523081,Self-Employed,11,351953,24,Good,378892,0.7243453225306931,0,5287,1,0,Business,0
40,776702,Salaried,4,1207448,180,Average,772042,0.9939989931801474,1,93070,5,0,Car,1
55,1131293,Business,30,1467008,120,Bad,607812,0.5372714785016096,1,227645,3,1,Personal,1
64,1473649,Salaried,13,1428164,24,Average,663927,0.45053235164387745,1,888266,0,0,Education,1
54,1504418,Self-Employed,0,1759351,120,Bad,691519,0.45965851268828695,0,1092501,3,1,Car,1
49,652295,Salaried,10,1533624,36,Average,58596,0.0898303837521616,0,948027,5,1,Education,0
55,993172,Salaried,4,1511074,24,Good,679290,0.6839593907607234,1,499097,5,1,Education,1
24,1182636,Business,1,1575848,36,Bad,518545,0.4384650573252824,1,829735,5,1,Personal,1
52,455484,Salaried,5,1039024,180,Average,218134,0.4789049035643325,0,1151550,0,0,Personal,0
45,809376,Business,14,488774,36,Good,511937,0.6325074717962087,1,411597,4,0,Business,0
60,2309415,Self-Employed,38,903938,180,Bad,565445,0.24484328505561578,1,1272386,2,1,Education,1
28,1658601,Business,7,1024323,12,Good,343054,0.20683322460722947,1,906862,4,0,Home,0
53,1227955,Business,29,1501238,24,Bad,656282,0.5344507457921945,1,98723,4,1,Personal,1
58,2052728,Business,32,1929036,36,Average,32154,0.015664025792006642,0,1262518,0,1,Home,0
24,2498325,Business,1,1130841,12,Bad,365060,0.14612184318619748,1,1291898,1,0,Car,1
53,1739061,Self-Employed,12,1253358,180,Good,684846,0.3938019461065793,1,1120483,4,0,Home,0
44,2019443,Business,23,1489758,60,Average,756892,0.37480217327145493,1,1330823,4,1,Personal,1
49,1827692,Self-Employed,1,197550,36,Good,232050,0.12696333574621121,1,432882,3,1,Personal,0
56,1660889,Business,26,645603,36,Average,388349,0.23381981949436748,1,1062729,5,0,Business,0
26,2099079,Salaried,1,126077,24,Bad,133515,0.06360643710577968,1,993497,4,1,Home,1
60,245885,Self-Employed,17,591656,24,Good,670688,2.72763801111084,0,188014,3,0,Business,1
63,2171531,Self-Employed,35,1310527,36,Average,505155,0.23262609070462698,1,195716,4,0,Business,0
28,120126,Business,1,1126208,120,Average,500315,4.164883831278564,1,1158521,0,1,Home,1
49,2396106,Salaried,22,1133136,180,Bad,284260,0.11863410106476881,1,132717,3,1,Education,1
43,614592,Self-Employed,21,1267078,180,Average,432498,0.7037144907280103,0,330388,0,1,Business,0
29,2274697,Business,3,875656,12,Average,13224,0.00581351898142083,1,40738,3,1,Home,0
45,1137433,Salaried,10,516725,180,Average,663937,0.5837147474051242,1,1174737,2,0,Car,1
54,2207258,Business,16,712143,24,Average,566202,0.2565181521516052,1,1250155,2,1,Personal,0
44,2196696,Business,6,856388,120,Average,218967,0.0996801106388364,1,383152,4,1,Home,0
63,1959765,Salaried,25,1764331,24,Average,147313,0.07516866809608902,1,158768,0,0,Business,1
40,139816,Salaried,16,807907,60,Bad,314997,2.2529234642425457,0,1204565,3,0,Home,1
60,1158896,Self-Employed,6,780880,24,Good,526047,0.4539204088025079,0,781452,5,0,Education,0
43,253554,Salaried,18,1192077,12,Good,264223,1.0420737118179488,1,1108252,0,0,Home,1
49,1783261,Self-Employed,15,1716471,120,Bad,220178,0.12346923783493396,1,1198097,0,0,Car,1
34,944690,Self-Employed,1,1236293,12,Bad,381915,0.4042750486667069,0,562288,1,1,Car,1
50,420709,Self-Employed,18,1950163,24,Bad,186240,0.4426802310380072,0,1323062,2,0,Car,0
52,1137289,Self-Employed,18,1960637,12,Bad,183675,0.1615023432897502,0,652465,4,1,Personal,0
28,1376182,Business,2,555815,120,Good,292822,0.21277838775802346,1,76218,4,0,Home,0
28,1855416,Self-Employed,6,512052,24,Average,334402,0.18023010460721228,1,1088562,0,0,Personal,0
48,592327,Business,1,647794,12,Bad,34911,0.05893862859766886,0,425037,5,0,Home,1
63,436915,Salaried,36,1744164,24,Good,611213,1.398925651612667,0,768734,1,0,Education,0
27,1959433,Self-Employed,6,328176,12,Good,526486,0.2686928980511719,0,708754,4,0,Personal,0
39,264931,Business,17,451921,180,Good,260910,0.984818745942355,0,1071812,3,1,Business,1
31,2057878,Business,6,428387,180,Bad,538884,0.261863792769157,0,996261,5,1,Personal,0
29,2355307,Business,2,956739,36,Bad,781817,0.3319383282356278,1,1305289,5,0,Car,1
43,337215,Business,16,1782465,12,Good,35954,0.10662008920098691,1,1076432,5,0,Home,1
29,1006040,Business,6,1122328,60,Bad,148757,0.14786375505570848,0,1362413,3,0,Home,0
46,1406585,Business,12,1355185,120,Average,388822,0.2764295961995925,0,336676,2,0,Car,0
26,1134929,Salaried,4,535417,180,Average,431459,0.3801635343148917,1,188456,5,1,Home,0
54,2126032,Business,24,1744693,180,Bad,652665,0.30698723867409394,0,573044,1,1,Business,0
42,836756,Self-Employed,5,1127978,36,Bad,4263,0.005094669061627211,1,1040993,3,1,Business,1
27,344137,Self-Employed,4,979168,12,Good,297881,0.8655858986801807,0,363476,3,0,Education,1
22,1269947,Business,1,1083578,24,Average,192192,0.15133848000075595,0,1198898,4,0,Business,0
56,2173490,Self-Employed,25,1676140,180,Average,581780,0.2676707656024341,1,708362,2,0,Education,1
56,1390896,Self-Employed,34,428165,120,Good,708662,0.5094999845423492,1,416366,5,0,Personal,0
42,765188,Salaried,0,1681993,60,Good,761379,0.9950208379890458,1,1254126,3,1,Home,1
39,1629090,Salaried,10,979616,60,Average,121789,0.07475886859604527,1,679418,4,0,Car,0
63,1234593,Self-Employed,8,1786857,36,Good,499137,0.40429242325817233,0,656884,0,0,Education,0
29,1726872,Business,7,1153913,12,Good,275494,0.1595334457137265,1,1072930,2,1,Business,0
57,1778987,Salaried,29,1643445,36,Good,613217,0.3446999080376034,1,285195,2,1,Education,0
57,1500346,Salaried,16,230553,60,Good,560696,0.3737108815494016,1,880438,0,0,Personal,0
32,819983,Self-Employed,7,443554,12,Average,202503,0.24695969677457122,0,1191902,4,1,Home,0
37,2140836,Self-Employed,15,370197,12,Good,464071,0.21677082374790793,0,671256,1,1,Car,0
45,895435,Salaried,14,1356170,36,Good,511897,0.5716734641001702,0,1401320,4,1,Education,0
46,1684718,Self-Employed,9,1652575,12,Bad,369040,0.21905136702322464,0,612121,4,1,Education,0
42,2049465,Business,6,1143389,180,Good,692558,0.337921195082036,0,664180,0,1,Business,0
28,1645233,Self-Employed,2,1848870,120,Average,755164,0.459000968859141,0,399953,5,0,Personal,0
59,401570,Business,17,1347897,60,Good,66150,0.1647280306595845,0,1138189,2,1,Car,0
64,2051451,Salaried,33,1049554,60,Average,134055,0.06534639855088006,0,490457,3,0,Car,0
59,1262647,Business,3,891052,36,Bad,146389,0.11593809200980795,0,269708,1,1,Business,0
53,1131727,Self-Employed,1,173618,36,Average,459297,0.40583691487707296,1,1173917,2,0,Car,0
33,870865,Self-Employed,2,932554,36,Bad,564262,0.6479320584337889,0,893741,3,1,Education,1
49,2213373,Business,20,1291835,12,Good,275128,0.12430253540522297,1,819471,3,1,Car,0
30,1979582,Business,6,300195,24,Bad,143748,0.07261529322084499,0,1452608,5,0,Personal,0
23,2327148,Salaried,1,599239,60,Bad,556701,0.23922017885403984,1,1214449,3,1,Education,1
38,1019005,Business,4,483816,60,Bad,713135,0.6998339558353925,0,1270464,4,1,Business,0
35,286472,Salaried,14,261760,180,Good,122744,0.42846620798469665,1,1091577,4,0,Car,1
57,2455658,Self-Employed,5,1754742,12,Bad,711998,0.2899417223645465,0,912727,2,0,Personal,0
33,299352,Salaried,6,1965443,36,Average,193283,0.6456691598213481,1,972346,3,1,Personal,1
49,1118974,Salaried,21,1402564,120,Bad,326898,0.2921405750798722,0,951661,1,0,Home,0
63,1415160,Business,25,526072,12,Average,682736,0.4824440470024259,0,1026553,2,1,Education,0
26,1088452,Business,5,1564542,24,Bad,66262,0.060877226669410624,0,833032,2,1,Home,0
40,408316,Salaried,9,527602,24,Good,780977,1.9126732416235426,0,944189,0,0,Car,0
44,1852767,Salaried,2,1422133,120,Average,578316,0.31213621996925683,0,793719,4,1,Business,0
45,835080,Business,3,84701,180,Good,83300,0.09975080261675215,1,765537,2,1,Education,0
61,2459767,Salaried,2,93642,120,Bad,517083,0.21021616672791907,0,491036,0,1,Business,0
23,1262953,Self-Employed,0,1931550,24,Average,326916,0.2588502827498072,1,312250,1,0,Business,1
44,976101,Salaried,7,1775690,60,Average,135044,0.13835029535847687,0,1160793,1,1,Home,0
26,1012964,Business,3,453119,12,Average,658380,0.6499533547555937,1,1135564,0,0,Education,1
60,522732,Salaried,31,576684,180,Bad,84082,0.16085075937428858,0,128322,1,1,Home,0
60,1418266,Business,12,1882684,180,Bad,99616,0.07023783250967554,1,910597,2,1,Car,1
36,1188199,Self-Employed,11,540042,180,Bad,458298,0.38570779330079114,0,1047343,0,0,Car,0
33,546346,Salaried,12,934056,60,Average,681652,1.2476539635067092,0,1117850,5,0,Education,0
27,168874,Business,4,1173129,12,Good,592632,3.509293856402665,0,709662,1,0,Personal,1
30,798250,Business,4,1528301,120,Bad,42534,0.05328399212778938,1,495518,1,0,Home,1
56,2343361,Self-Employed,13,1287580,36,Good,616412,0.2630459997217673,1,164134,1,1,Education,0
52,608972,Salaried,13,1173994,180,Bad,128232,0.21057091201087733,1,520551,1,0,Business,1
44,1494572,Salaried,2,182079,24,Average,202053,0.13519112147750562,1,600530,5,1,Education,0
27,1197833,Self-Employed,0,485423,120,Average,144353,0.12051169026759968,1,323390,3,0,Home,0
35,1784221,Self-Employed,4,1049701,120,Bad,727955,0.40799575389161213,1,1487331,1,1,Education,1
24,903066,Business,3,755552,36,Good,326032,0.36102747636664834,0,597897,5,1,Business,0
21,1422549,Self-Employed,0,1381673,12,Bad,376826,0.26489473129239743,1,1479359,4,0,Business,1
32,604090,Business,2,726787,24,Average,289227,0.47878051485620543,1,742406,4,1,Home,1
31,1081568,Business,5,1130174,36,Average,505934,0.46777783017079816,0,289226,1,0,Education,0
43,932461,Business,1,282732,12,Average,669648,0.7181504447366219,0,613474,4,0,Education,0
61,2430182,Business,14,1664710,36,Good,338076,0.13911544933035908,1,148554,3,1,Education,0
52,1622337,Self-Employed,14,1439517,180,Average,314451,0.19382582421172406,0,920597,2,0,Home,0
47,1606205,Salaried,11,274695,36,Bad,295900,0.18422294525110727,1,1101844,4,0,Car,1
40,693189,Self-Employed,18,1293064,12,Average,687556,0.9918723582279029,1,390530,2,0,Education,1
21,1967865,Business,0,291531,60,Average,246693,0.12536066988301034,1,994465,4,0,Personal,0
55,1406936,Self-Employed,23,1605979,180,Bad,26385,0.01875350495437962,1,431374,3,0,Car,1
36,1254106,Self-Employed,7,333707,60,Bad,377816,0.30126297038450467,1,1478236,4,1,Business,1
28,1898254,Business,2,293373,180,Average,347697,0.18316664515568246,1,1210355,2,1,Education,0
49,1775743,Self-Employed,11,1336836,24,Average,670611,0.3776507199235926,0,646701,0,0,Business,0
50,638349,Self-Employed,6,847968,180,Average,552829,0.8660280410433148,1,79083,3,0,Education,1
56,1534821,Business,21,1890117,12,Average,756097,0.4926284611505438,1,841047,2,0,Personal,1
33,835472,Self-Employed,7,1094244,36,Average,778513,0.9318230511339086,1,1206237,1,0,Car,1
51,1013093,Self-Employed,10,727164,24,Average,64288,0.06345709282652942,1,51195,5,1,Education,1
61,284053,Salaried,23,1829240,120,Average,436624,1.5371161821343828,1,1088075,0,1,Car,1
52,1789211,Business,19,1396208,24,Good,336585,0.18811912730296912,0,22431,1,0,Personal,0
53,693441,Business,32,948792,120,Bad,176076,0.25391597278503464,1,1268300,3,1,Personal,1
46,2005077,Salaried,6,1731601,60,Good,736421,0.3672779812057187,1,678758,1,1,Education,0
35,841001,Business,6,374912,12,Good,575335,0.6841065776300175,0,858058,4,0,Personal,0
23,1563717,Business,0,810581,12,Bad,642120,0.41063670047924244,1,916838,0,1,Home,1
32,484359,Salaried,1,1358507,12,Good,406845,0.8399640763068792,0,100734,2,1,Business,0
40,1267087,Business,3,1372373,60,Bad,683321,0.5392845642922985,1,606229,1,1,Home,1
23,272360,Salaried,1,611165,180,Bad,373706,1.3720980610292957,0,932817,5,1,Home,1
32,261398,Salaried,11,1617628,180,Bad,132632,0.50739291275024,0,865580,2,0,Personal,1
39,1319670,Business,13,644604,12,Average,28380,0.02150536004807259,1,634486,4,1,Car,0
52,759282,Salaried,11,856481,36,Bad,468933,0.6175997618806163,0,1217060,0,1,Home,1
23,2146395,Salaried,1,1893954,180,Bad,225314,0.10497317363617897,1,1487292,4,0,Business,1
35,1688560,Self-Employed,13,1473060,180,Average,508062,0.3008845993718912,1,132028,3,1,Car,1
57,1115843,Salaried,27,1910971,12,Bad,626045,0.5610506486569807,1,1481235,3,1,Business,1
44,1544945,Business,16,1441538,24,Bad,266847,0.17272254175874108,1,720488,3,0,Business,1
54,1583807,Business,1,339102,120,Good,288161,0.18194187679314663,0,1435397,1,1,Education,0
32,369474,Salaried,1,962935,120,Average,260116,0.7040151566411801,1,871310,0,1,Personal,1
55,139975,Salaried,29,979065,60,Average,197133,1.408334285877579,1,874829,1,1,Education,1
57,508076,Salaried,13,775495,180,Bad,297190,0.5849310242345156,0,1488856,3,0,Personal,1
22,2417574,Business,1,1200096,180,Bad,585560,0.24220965223416027,0,747512,3,1,Education,0
22,2210212,Business,0,194832,12,Good,152999,0.06922364496091553,0,348619,3,0,Business,0
43,1404382,Business,10,1806169,36,Average,44738,0.03185598230682086,0,557685,5,1,Car,0
36,1162377,Business,12,432729,12,Bad,111453,0.0958836110112201,0,1068392,0,1,Car,0
25,1585291,Salaried,0,421000,24,Average,213567,0.13471776808310393,1,595923,3,0,Home,0
63,437348,Salaried,36,1376283,60,Average,92324,0.21109914507635777,0,223536,0,0,Home,0
64,461815,Self-Employed,27,1968318,60,Bad,460494,0.9971373880506522,1,149381,3,0,Car,1
40,1057841,Self-Employed,13,1966545,120,Average,721864,0.6823930227765583,1,746788,3,1,Personal,1
46,1327068,Salaried,0,220102,180,Average,394274,0.2971013564479315,0,217285,4,1,Personal,0
25,1833136,Business,2,346141,120,Average,643561,0.35107086922581343,0,1297076,1,0,Home,0
44,1927610,Self-Employed,10,1295309,24,Bad,651233,0.3378446169896312,0,1041592,2,1,Personal,0
43,199141,Salaried,19,1137638,36,Good,628349,3.155281156159926,0,1343276,3,0,Personal,1
36,1694833,Salaried,9,447686,24,Good,121863,0.07190261701145953,1,796657,4,1,Personal,0
21,1669302,Self-Employed,0,1075799,24,Good,678556,0.4064906131481223,0,800101,4,0,Personal,0
42,1939822,Business,1,98320,24,Good,496758,0.2560841891244717,1,1195225,2,0,Personal,0
30,568625,Salaried,1,786400,24,Bad,286233,0.5033765603401884,1,1085063,0,0,Personal,1
32,1342471,Business,8,366205,12,Bad,101376,0.07551442413696524,1,1473682,5,0,Home,1
25,278056,Salaried,1,1893133,24,Good,560347,2.0152234973404735,0,462785,1,0,Home,1
26,1098080,Business,0,792488,180,Average,635567,0.5787979211005381,1,682568,4,0,Business,1
33,841384,Business,10,469139,120,Good,519777,0.6177635684020989,1,1424764,5,0,Education,0
24,1102469,Business,1,385441,60,Average,245014,0.22224096800819976,0,156498,4,1,Car,0
31,514583,Salaried,5,689430,12,Average,616024,1.1971301089812354,1,1100500,0,0,Personal,1
32,2081977,Self-Employed,6,1985502,180,Good,664468,0.31915226769927446,1,208786,3,1,Business,0
49,2058904,Business,0,1078400,60,Bad,139999,0.06799682355426792,1,880112,2,1,Personal,1
64,199973,Salaried,25,684122,24,Bad,760674,3.80386450238531,1,1048173,5,0,Business,1
30,2032584,Self-Employed,2,1645476,12,Average,225049,0.1107205848709894,0,1317191,1,1,Personal,0
26,867419,Salaried,4,1294380,60,Average,787609,0.9079903622236056,1,135832,3,1,Business,1
25,1774753,Business,4,1765499,12,Good,571107,0.32179502060567267,1,1384490,5,0,Education,0
64,2033722,Salaried,42,763708,120,Good,548884,0.26989122904151647,0,850538,4,0,Education,0
35,1486808,Self-Employed,3,1238554,120,Bad,569667,0.3831473982199462,1,770188,5,1,Education,1
39,1477133,Salaried,3,1892159,12,Bad,582004,0.39400893893174216,1,880179,5,1,Personal,1
47,1372078,Business,2,1620439,60,Bad,121999,0.08891543416960686,1,1163369,3,0,Business,1
50,1538897,Salaried,1,750336,24,Good,698956,0.4541925455748204,1,1305944,5,1,Personal,1
31,874950,Business,9,1171164,120,Average,63646,0.07274235928640575,1,265798,0,0,Education,1
62,275683,Self-Employed,19,682259,180,Average,536437,1.9458401648263954,0,1410822,5,0,Home,1
21,2107755,Self-Employed,0,1956039,60,Good,566956,0.2689855941579576,1,1455465,2,0,Personal,1
33,331830,Salaried,5,1515461,60,Good,165140,0.497662966992234,1,1189083,0,1,Business,1
46,681672,Self-Employed,14,656217,36,Good,600441,0.8808343589961756,0,75388,1,0,Business,0
28,1895767,Salaried,7,282601,12,Average,127834,0.0674312468614303,0,1082660,3,1,Home,0
44,1617618,Business,3,1761163,120,Good,162982,0.10075425671928928,0,298185,0,0,Car,0
38,354386,Self-Employed,3,1295129,60,Good,461792,1.3030726296393491,1,501174,1,0,Home,1
25,315246,Self-Employed,0,296242,24,Average,511083,1.6212144762678153,0,17633,0,0,Home,1
41,169104,Salaried,15,1166964,24,Average,540302,3.1950681529227403,1,1141154,3,1,Personal,1
27,1260234,Self-Employed,1,255768,60,Good,158285,0.12559959055255568,1,771148,4,0,Home,0
45,2185153,Salaried,2,1627222,180,Good,327252,0.14976152710518342,0,257681,2,1,Home,0
62,2118197,Salaried,38,1749752,24,Good,229104,0.10815986040965009,0,842186,3,0,Business,0
39,1464613,Salaried,9,1129583,60,Bad,694892,0.4744540199670357,0,1364973,3,1,Home,1
60,324451,Self-Employed,2,1377176,36,Average,555655,1.7125953916141679,0,1103200,2,1,Education,1
26,2285160,Self-Employed,3,166492,60,Bad,72240,0.03161265223763227,1,1375035,1,1,Personal,1
25,1467098,Salaried,4,699991,180,Good,165575,0.11285877776482706,1,1043445,3,0,Car,0
23,2446341,Salaried,1,301051,120,Average,649829,0.2656329327624674,1,713936,2,1,Business,0
54,391830,Self-Employed,29,365507,36,Bad,359687,0.9179646327115517,0,1224491,1,0,Car,1
56,2259980,Self-Employed,28,322670,12,Average,25592,0.011323989006987226,1,291126,1,1,Car,0
50,874296,Business,22,1355487,36,Good,68619,0.07848477119331303,1,308623,3,1,Education,0
28,2388115,Salaried,2,1853919,120,Good,98540,0.04126265223297361,1,859414,3,1,Car,0
60,2246453,Self-Employed,4,1612579,120,Average,193783,0.08626172625836095,1,18752,0,1,Business,1
50,2053460,Self-Employed,19,267029,12,Good,56273,0.02740397796695433,0,1307079,0,0,Car,0
36,130699,Self-Employed,5,584003,36,Good,19169,0.14666411629686305,0,518652,5,1,Home,0
56,1812128,Business,22,1842113,120,Good,522988,0.28860417773789837,1,1173057,0,0,Home,0
41,1985690,Salaried,8,1969424,60,Bad,448330,0.22578034548174916,1,389954,3,1,Car,1
43,138073,Salaried,3,1294625,60,Bad,233782,1.6931645349595144,0,614661,2,0,Business,1
42,1703246,Salaried,21,776331,120,Good,457828,0.26879718561077753,0,61929,3,1,Personal,0
62,407313,Business,34,241703,24,Bad,45033,0.11056089405225453,0,990669,5,1,Car,0
23,413894,Salaried,1,1565592,120,Average,78222,0.18898996122204906,0,636308,2,0,Personal,0
22,2142234,Salaried,1,1753377,36,Average,203981,0.09521877851869659,1,104211,1,0,Car,1
30,1043160,Self-Employed,1,910952,24,Bad,456956,0.4380493519217072,1,850741,0,1,Business,1
56,2379776,Self-Employed,15,743045,120,Bad,145788,0.06126120220508056,0,638387,2,0,Business,0
55,1088616,Business,5,1673064,60,Good,202380,0.18590560316438196,0,1490036,1,0,Home,0
28,1929377,Self-Employed,3,1770856,180,Bad,556110,0.2882327879762286,1,964163,4,0,Home,1
32,127967,Salaried,11,1307100,12,Good,729630,5.701659789947487,0,1213261,3,0,Education,1
38,1876124,Business,5,1478127,60,Good,471082,0.25109307748684123,0,60545,3,1,Personal,0
43,2216594,Self-Employed,1,1457753,12,Bad,366936,0.1655403896516955,1,250497,5,0,Business,1
31,1611633,Salaried,7,1254680,24,Good,693206,0.43012619490529486,0,1093512,2,1,Business,0
41,1370632,Self-Employed,13,187478,24,Bad,97359,0.07103214354243623,0,909711,3,1,Home,0
53,1739715,Salaried,16,1010612,120,Bad,427387,0.24566480965858795,0,434995,4,0,Home,0
56,1664613,Business,34,408918,12,Average,489626,0.29413786018860827,1,288859,5,0,Personal,0
34,675462,Salaried,4,1596236,180,Good,76373,0.11306762916695659,1,1241597,1,0,Business,0
47,1402789,Salaried,14,552420,60,Bad,154249,0.10995872511209803,1,1334742,1,1,Personal,1
59,1658112,Salaried,12,1776676,60,Average,321497,0.19389329919010345,1,1236180,4,0,Personal,1
38,822436,Business,12,706031,120,Good,262307,0.3189387150626735,1,1352144,2,1,Home,0
31,1304446,Salaried,4,560259,24,Average,644863,0.4943573790272813,0,1340020,1,0,Car,0
24,1849057,Salaried,3,1398207,24,Average,225019,0.121693857088312,0,1475153,2,0,Personal,0
61,937052,Business,37,1355129,24,Good,448532,0.47866235954636505,0,719401,4,0,Car,0
61,2220343,Salaried,8,1975544,60,Good,628864,0.2832281844615069,0,1244289,3,0,Business,0
49,424224,Self-Employed,9,664641,60,Bad,413497,0.9747115327950969,1,552959,3,1,Business,1
60,2439124,Self-Employed,27,1488454,12,Average,748321,0.3067989545431251,1,508679,2,0,Home,0
42,1847408,Business,14,1041120,120,Good,7099,0.003842679125196424,0,1467223,4,0,Home,0
39,1085188,Business,11,113936,36,Good,677974,0.6247520017250451,1,223332,4,1,Business,0
28,607510,Salaried,2,1528016,120,Average,269932,0.44432446490680827,1,1196179,4,0,Home,1
60,261214,Business,35,453082,24,Average,201139,0.7700132075110541,1,1028494,2,1,Car,1
27,1619698,Business,2,142601,24,Good,29956,0.018494794403157624,1,1286916,5,1,Business,0
52,1638087,Salaried,31,1927541,12,Average,421486,0.25730363692304686,1,603103,3,0,Education,1
37,2365854,Self-Employed,7,823887,60,Average,254311,0.10749221740132003,0,652184,0,1,Home,0
22,1658510,Self-Employed,1,796434,24,Bad,208432,0.1256741740030666,0,182051,5,1,Personal,0
24,1063693,Business,0,1551352,24,Bad,471256,0.443037189266838,1,123257,5,1,Home,1
30,1123171,Salaried,7,853585,12,Average,321909,0.2866070379247346,1,754444,4,1,Personal,1
52,232990,Business,15,1108079,36,Bad,191775,0.8231004631080171,0,981883,1,0,Education,1
31,1738702,Business,0,1550071,180,Bad,613777,0.353008535672855,1,26806,0,1,Car,1
45,190119,Salaried,13,1940427,36,Good,629720,3.312223858615611,1,470641,5,0,Education,1
50,1870740,Self-Employed,11,929903,60,Bad,84080,0.04494475718445258,0,1301367,4,1,Personal,0
55,2341599,Business,29,229830,24,Good,507942,0.21692090878032114,0,1386992,3,0,Car,0
61,426094,Self-Employed,17,1461220,60,Average,683404,1.6038770696675624,1,387732,5,0,Education,1
28,742893,Salaried,7,891965,120,Good,344710,0.4640096702894356,0,632543,2,1,Education,0
42,1226581,Self-Employed,10,1288360,60,Good,567829,0.4629360287367661,1,23387,4,0,Personal,1
33,2361281,Self-Employed,12,1078308,180,Average,643534,0.2725358512875633,0,317875,2,1,Home,0
51,604814,Business,18,1276134,36,Average,544855,0.900862247133421,0,422955,4,1,Home,0
42,1172330,Salaried,4,117260,120,Bad,66912,0.057076030574982665,0,256695,2,0,Home,0
39,988374,Business,6,154555,120,Average,261486,0.26456152776021247,0,795928,4,1,Education,0
28,1945977,Salaried,7,1032599,24,Good,415872,0.21370847974643084,0,55147,4,1,Home,0
23,2461991,Self-Employed,2,596015,12,Good,763711,0.31020043931905544,1,1143657,1,0,Personal,0
63,1760920,Self-Employed,9,739556,36,Good,692095,0.39303012457685493,1,760109,2,0,Personal,0
47,1769729,Business,8,1166271,12,Good,431116,0.24360552174625508,1,521608,3,1,Personal,0
56,1609493,Salaried,25,566409,24,Average,666165,0.413897162710765,1,691211,0,0,Personal,0
34,1546445,Self-Employed,8,332017,12,Average,564660,0.3651339910995922,1,1138040,3,0,Education,0
31,1860687,Business,2,795182,120,Average,791542,0.4254028617371639,1,447557,2,0,Home,0
57,744771,Business,3,1730403,36,Average,542601,0.7285464544853996,0,1163490,1,0,Car,0
57,2321044,Business,20,1178649,180,Average,588717,0.25364307887180126,1,104195,3,0,Education,0
40,1458486,Business,6,118099,60,Good,429276,0.2943296717762997,0,1012237,2,0,Education,0
44,606275,Salaried,23,1207655,12,Bad,16029,0.026438453773528887,0,1294929,2,1,Home,0
51,2146683,Business,27,1470178,12,Average,68926,0.032108125835008786,0,317650,5,1,Home,0
44,1210668,Business,11,1033581,120,Average,152889,0.12628472357019135,1,693221,4,1,Car,1
51,1905516,Self-Employed,3,1366189,180,Average,290998,0.15271341058620835,1,661616,0,0,Car,1
38,1529854,Self-Employed,16,396874,24,Good,418267,0.27340303492814677,1,1338106,2,0,Education,0
53,1621584,Business,5,1919059,12,Average,311955,0.19237659450475925,0,30447,2,0,Car,0
35,761147,Self-Employed,10,1082038,180,Bad,407688,0.5356225070551325,0,504409,4,1,Car,1
30,2383089,Business,2,1414940,36,Good,243306,0.10209685744138912,0,1142384,5,0,Car,0
26,2270224,Self-Employed,2,1706684,36,Good,477746,0.2104399343677389,1,1071860,2,0,Personal,0
62,931554,Self-Employed,25,787266,36,Average,587100,0.6302365399788525,1,1318719,4,1,Personal,1
40,889097,Business,4,1993907,36,Good,769605,0.8656019921313511,1,1336921,3,0,Personal,1
59,1697969,Salaried,34,1455568,12,Good,789271,0.46483212306460064,0,68920,3,0,Education,0
26,2224683,Business,3,1761672,60,Good,663070,0.29805131874908974,1,1115731,0,0,Car,0
56,2349655,Salaried,29,714917,60,Good,365446,0.15553170336423716,0,952246,3,1,Education,0
34,2365239,Self-Employed,9,536799,24,Bad,519349,0.21957560332143883,1,755678,1,1,Car,1
45,1594764,Self-Employed,5,1874299,36,Good,566088,0.3549664057086781,1,1144620,3,1,Education,0
63,778003,Business,17,855113,180,Good,366008,0.47044488203145485,0,933396,3,1,Education,0
53,1723546,Self-Employed,6,1850830,120,Average,407505,0.23643393536700769,0,115359,2,1,Home,0
40,371351,Business,14,1337087,60,Good,235718,0.6347562420560546,0,50601,1,1,Car,1
64,1804351,Self-Employed,13,1562760,12,Bad,413860,0.2293676621856489,1,1460537,4,0,Business,1
38,1983236,Business,2,299430,24,Average,427737,0.21567618998637075,0,1171364,0,0,Home,0
39,570930,Business,11,1704776,24,Good,661948,1.1594185637143544,0,1401256,0,0,Business,0
24,211006,Business,1,179350,60,Bad,688725,3.263991241996711,1,805878,0,1,Home,1
37,326487,Self-Employed,1,777067,36,Bad,678841,2.0792219009580752,0,280618,0,1,Home,1
59,165232,Salaried,16,510385,60,Bad,783301,4.740584507937276,0,312813,5,0,Personal,1
54,1499904,Salaried,9,1111716,36,Bad,388612,0.259091075768132,1,538645,0,1,Home,1
22,1758497,Salaried,1,670399,180,Average,406140,0.2309584656906064,0,1117862,5,0,Education,0
32,2287354,Salaried,9,198066,60,Average,190706,0.08337402808046848,0,624446,0,0,Education,0
52,400852,Business,19,1828841,12,Average,588158,1.4672660551374195,0,533571,5,0,Personal,0
42,1698638,Self-Employed,7,1719332,36,Good,525069,0.3091115887484039,1,114586,4,0,Business,0
61,2388185,Salaried,1,1180392,36,Average,677623,0.28373962497058436,0,275709,2,0,Car,0
28,997611,Business,0,493945,24,Good,41971,0.042071466662389784,1,18658,5,1,Education,0
59,2396787,Salaried,22,1449384,24,Bad,706938,0.29495224442044937,0,210097,2,1,Education,0
39,1394634,Salaried,11,1683865,120,Bad,180231,0.12923166276480944,1,122775,3,0,Car,1
48,2030947,Salaried,4,1360292,120,Bad,400455,0.19717639250241759,1,268854,0,0,Business,1
35,339055,Business,13,1398711,180,Bad,734417,2.166064013024397,0,1030697,3,0,Education,1
40,991877,Business,11,130257,24,Average,477958,0.48187176245465674,1,824143,2,0,Personal,1
23,2427697,Business,2,578423,60,Bad,371616,0.15307340534119154,0,775158,4,0,Car,0
52,399215,Self-Employed,10,796084,120,Bad,592131,1.4832346398941927,0,1088477,5,0,Business,1
39,2080584,Self-Employed,11,1441405,180,Good,372598,0.17908328667177742,1,1416207,0,0,Business,0
41,153691,Business,5,1296713,24,Good,550458,3.581565728860318,1,532726,2,0,Home,1
25,916184,Business,2,289968,24,Average,288963,0.31539809099690563,0,495384,3,0,Home,0
54,1430077,Salaried,4,1393714,180,Good,670396,0.46878282163630236,0,1146332,0,1,Car,0
58,1824581,Business,18,1360267,120,Average,606123,0.33219827883866004,1,1170808,2,1,Business,1
22,1613934,Business,1,1256123,36,Bad,412104,0.25534113827384625,0,308449,5,0,Education,1
23,1181339,Self-Employed,1,1861417,36,Good,429332,0.36342797162544227,0,645275,1,0,Car,0
53,965474,Self-Employed,17,1300617,12,Good,33866,0.03507703462026464,0,1153976,5,1,Education,0
37,2404139,Business,10,483934,60,Bad,294746,0.12259934945552256,1,1237715,4,0,Home,1
36,2123426,Salaried,7,1764423,60,Bad,262299,0.12352626202831554,0,123950,5,0,Home,0
29,158547,Business,0,595735,60,Bad,691958,4.364343921083836,1,1304766,2,0,Home,1
24,874105,Self-Employed,0,899710,120,Bad,579365,0.6628086296170029,1,112782,4,1,Education,1
55,2095608,Business,13,1284915,36,Average,475595,0.22694834771181074,1,1465744,0,0,Home,0
55,2268091,Self-Employed,12,1810462,12,Good,141521,0.062396498907451727,0,873093,2,0,Personal,0
47,703098,Business,26,526513,120,Average,146295,0.20807169402886364,1,465453,5,1,Home,1
34,1433379,Self-Employed,4,1173143,24,Bad,126498,0.08825154529852516,0,702098,5,1,Education,0
34,1932336,Self-Employed,8,296183,60,Bad,678743,0.35125498295587154,1,1372429,1,0,Home,1
58,2271061,Business,18,565693,120,Good,539570,0.2375848831956151,0,239017,2,0,Business,0
29,1960083,Self-Employed,6,1126941,60,Average,465982,0.23773572969321724,1,441416,2,0,Personal,0
39,1304141,Self-Employed,5,608516,12,Average,735036,0.5636165386898052,0,1473447,0,1,Education,0
50,1086920,Business,0,127175,12,Good,588595,0.5415250970401713,0,1357453,2,1,Business,0
55,611450,Business,13,175149,120,Bad,753704,1.2326482416416034,1,1251011,2,0,Home,1
24,1349787,Salaried,3,1375569,12,Bad,343912,0.2547896410399263,1,1416828,5,1,Car,1
42,977342,Self-Employed,15,1133868,12,Good,74813,0.07654733292201407,1,621424,5,1,Home,0
32,972746,Business,1,510244,120,Bad,574100,0.5901842925241609,1,705860,3,1,Home,1
57,1604738,Self-Employed,32,1171268,24,Good,460796,0.28714700646024055,1,1449160,4,0,Home,0
29,1214979,Business,2,845600,12,Good,312023,0.25681328087705146,0,1108447,0,1,Business,0
28,611862,Self-Employed,6,805111,120,Bad,223563,0.36538081237139686,1,137653,3,0,Car,1
35,1670184,Business,2,1911657,12,Good,127795,0.07651547583052176,1,88668,5,1,Car,0
60,2044914,Self-Employed,37,1718883,60,Good,553091,0.270471388786331,0,673590,3,1,Car,0
48,1676396,Self-Employed,2,1633957,12,Good,393409,0.23467531855521095,1,362455,1,0,Education,0
47,1966198,Self-Employed,8,1796688,120,Bad,687687,0.34975452637296633,1,1352790,5,1,Personal,1
26,2204504,Self-Employed,1,207584,24,Bad,348939,0.15828451284982342,0,291077,1,0,Education,0
47,1733447,Salaried,18,1970379,180,Bad,684393,0.3948159967879048,1,1465792,0,1,Car,1
49,1473324,Self-Employed,16,1980082,12,Average,226727,0.15388797447949365,1,73869,2,1,Home,1
40,322416,Self-Employed,12,1709580,60,Average,578533,1.7943625801369034,0,567344,5,0,Business,1
28,869971,Business,3,1081008,120,Average,409940,0.4712105676964316,0,265972,0,1,Business,0
62,2353706,Salaried,40,232024,60,Good,136535,0.058008494685192334,1,767524,0,0,Education,0
61,1620948,Business,38,361478,12,Average,546342,0.3370507030140985,1,546495,2,0,Personal,0
39,1845322,Self-Employed,12,1027022,24,Bad,314925,0.17066117964172126,0,708140,0,0,Education,0
60,1701074,Business,11,1865111,60,Good,602567,0.35422717987155183,1,191420,4,1,Business,0
32,2474476,Self-Employed,9,1853227,180,Good,658681,0.26618998681337513,0,867780,0,1,Home,0
47,767341,Business,22,1282541,60,Average,166892,0.21749363386860096,0,134832,3,0,Personal,0
38,1107073,Business,3,263981,36,Average,265888,0.2401718403647814,1,780926,3,1,Business,0
38,2215588,Business,14,60651,120,Average,99239,0.044791249640614754,1,865363,0,1,Personal,0
53,557625,Business,14,1506168,60,Average,323494,0.5801271820180551,1,333569,4,1,Education,1
61,1596402,Salaried,10,305948,120,Bad,521481,0.32665999750689517,1,861069,1,0,Car,1
29,1274424,Business,6,751979,180,Good,412755,0.3238754732526434,0,780741,2,0,Car,0
22,281445,Business,0,1235679,36,Good,224605,0.7980394107573033,1,203047,1,0,Car,1
37,2466920,Self-Employed,11,560370,12,Good,526570,0.21345231565988534,0,689984,4,1,Car,0
35,1861373,Salaried,0,1042382,180,Bad,643294,0.3456016899344248,1,1285016,0,1,Car,1
58,592501,Business,17,433395,36,Good,494178,0.8340528808341575,0,231496,4,0,Education,0
58,2017501,Self-Employed,33,1985135,36,Good,673218,0.3336888885364178,1,603291,3,1,Car,0
35,1499390,Salaried,6,132279,60,Average,15434,0.010293512499408092,1,719407,1,1,Car,0
56,1821243,Business,32,1862375,12,Bad,176806,0.09707979820386504,1,433819,4,1,Car,1
27,188803,Self-Employed,4,1976711,36,Average,748736,3.9656786932480244,0,699539,2,0,Home,1
49,1471099,Salaried,17,838443,60,Bad,509346,0.34623479029297805,0,1168810,2,0,Business,0
31,1678309,Self-Employed,4,1439959,36,Good,394145,0.23484636330594466,1,511603,3,0,Business,0
58,1698608,Self-Employed,4,878791,120,Good,675159,0.39747758312831266,1,360890,2,0,Home,0
31,321260,Self-Employed,3,827881,12,Bad,763034,2.375121785713174,0,833525,2,1,Education,1
47,1641466,Salaried,14,300100,180,Good,782877,0.4769373980713593,0,708521,4,1,Business,0
57,2225188,Salaried,34,995238,60,Bad,154245,0.06931770739474265,0,983825,3,0,Home,0
29,1456092,Salaried,3,805600,36,Average,59500,0.04086277456178967,1,167647,5,0,Personal,0
24,1577640,Self-Employed,0,183004,120,Average,532844,0.33774730753067395,1,786261,4,0,Personal,0
43,170098,Business,2,424313,12,Good,664929,3.9090706000623165,0,247199,4,1,Home,1
41,513574,Self-Employed,3,518466,36,Bad,624219,1.2154388356131043,0,156951,4,1,Car,1
55,682060,Business,33,601050,36,Good,144355,0.21164529272308488,1,694780,0,0,Car,0
55,1975227,Salaried,17,1592247,12,Good,599253,0.30338421691065537,0,177912,1,0,Personal,0
39,722276,Salaried,6,557732,24,Good,150023,0.2077083999628951,1,80388,0,1,Home,0
57,359779,Salaried,18,256846,60,Bad,694335,1.929887709155595,1,1035354,4,1,Education,1
54,2110922,Salaried,11,1698885,120,Bad,159380,0.07550251714534353,1,1093365,2,0,Home,1
59,651972,Business,16,444423,12,Bad,570387,0.8748629161023539,0,590381,1,0,Home,0
32,1659600,Business,2,1223650,120,Good,130351,0.07854357764305998,1,38635,3,0,Business,1
52,1536953,Business,3,647093,36,Average,421280,0.2741005911692868,1,909245,2,0,Education,0
31,712632,Salaried,2,610881,24,Average,560592,0.7866489483366613,1,1472178,4,1,Car,1
34,1656081,Salaried,11,1641218,36,Good,284334,0.1716907737660333,1,421614,3,1,Business,0
27,1319151,Self-Employed,6,1671320,180,Average,624455,0.4733760779652383,0,1022892,0,0,Education,0
37,1361968,Salaried,0,152239,120,Bad,635719,0.4667646620444371,0,704293,2,0,Personal,1
25,301948,Business,1,1256751,120,Average,249877,0.8275470360888759,0,953692,5,1,Personal,1
63,762613,Business,9,727673,60,Good,340093,0.44595693234060746,0,1361871,3,1,Car,0
22,1835880,Salaried,1,655730,24,Bad,49847,0.02715154195724015,1,1107229,0,1,Business,1
50,438766,Business,2,1176418,60,Average,272647,0.6213935870291065,0,84761,0,1,Business,0
60,1685213,Business,6,980370,60,Average,328768,0.19508976308053458,0,688152,4,0,Personal,0
21,1288932,Business,0,1315804,120,Good,42727,0.033149124120493464,1,340615,4,1,Personal,1
29,2228542,Business,0,987635,36,Average,356898,0.16014858138254456,1,1386689,0,0,Car,0
54,2271341,Salaried,13,1409231,180,Average,646403,0.28459078377452623,0,362462,5,1,Business,0
31,926242,Business,7,729682,12,Good,41869,0.04520304067075271,1,557243,4,1,Business,0
52,338401,Salaried,12,209292,36,Bad,477266,1.4103521846797595,1,496762,5,0,Business,1
36,583937,Self-Employed,7,645600,180,Good,584054,1.0001986512266714,1,1192097,1,1,Business,1
36,1929595,Business,1,685329,36,Bad,640473,0.33192077512598495,0,177164,3,0,Business,0
54,2365846,Business,13,1413837,180,Average,235062,0.09935638272466478,0,233077,4,1,Car,0
59,1983462,Business,0,704224,36,Bad,408808,0.2061082056988207,0,153245,4,0,Home,0
33,1804532,Business,2,1581192,36,Good,386328,0.21408752292144284,0,1472542,0,0,Home,0
43,682621,Salaried,9,1834841,12,Bad,613859,0.8992663582480495,0,1168839,5,0,Car,1
40,120159,Business,17,1048413,36,Average,162993,1.35646637816245,0,367003,5,0,Education,1
44,1399180,Self-Employed,22,1941079,120,Average,726481,0.5192187429646343,0,336907,5,0,Car,0
54,288785,Self-Employed,33,229838,180,Good,570442,1.9753104374865817,1,269160,3,0,Business,1
35,1018488,Salaried,14,370752,180,Good,613369,0.6022342902083381,1,1296220,1,0,Home,0
38,1060240,Salaried,17,784983,120,Good,677800,0.6392886145697063,1,166277,4,1,Car,1
64,1079131,Self-Employed,10,284104,120,Average,543296,0.5034564816908405,0,202346,2,0,Car,0
29,1567585,Business,3,1588659,36,Good,113550,0.07243621721551481,0,484146,4,0,Business,0
39,1668485,Salaried,15,1278343,36,Average,391858,0.2348584285394064,1,1288592,1,1,Personal,1
43,875612,Salaried,0,1714986,24,Bad,44760,0.051118473572228824,0,1047159,1,0,Education,1
43,1516436,Salaried,20,148538,60,Bad,539660,0.35587366966118605,0,816228,0,1,Car,0
44,1389611,Salaried,10,432736,24,Average,355779,0.2560275817998117,1,578328,5,1,Business,0
29,2485138,Self-Employed,4,1486457,24,Good,308112,0.12398179739644342,1,803940,5,0,Home,0
59,1842907,Self-Employed,34,823422,24,Good,591343,0.32087494329613847,1,630527,5,1,Education,0
55,2164940,Business,17,1388084,60,Good,680332,0.31424967239291973,1,1160291,1,0,Car,0
36,411464,Self-Employed,8,626677,180,Bad,488906,1.1882079885287935,1,118581,5,1,Home,1
53,1589539,Salaried,22,1468412,24,Good,214764,0.13511078676849905,1,872328,3,1,Business,0
38,968923,Business,5,1344315,36,Good,478356,0.49369816414909734,1,279067,5,0,Business,1
21,1753812,Business,0,1339467,12,Average,164074,0.09355273338719693,1,473314,4,0,Car,1
30,182507,Self-Employed,4,291225,12,Average,193069,1.0578659565608084,1,814604,4,0,Car,1
58,1973207,Self-Employed,1,1272613,24,Average,663376,0.33619162298145966,1,1481571,5,0,Home,0
30,857954,Self-Employed,8,1598674,24,Bad,707173,0.824254185825597,1,755728,3,1,Business,1
44,1181404,Self-Employed,10,933096,120,Good,516835,0.43747487102221505,1,656761,3,1,Personal,0
46,1582099,Self-Employed,22,331755,12,Good,699151,0.44191327981796347,0,338384,3,0,Personal,0
32,2483162,Self-Employed,5,1536516,180,Good,595642,0.239872291911566,0,1099950,5,1,Personal,0
61,506721,Self-Employed,36,1966037,120,Bad,292575,0.5773876010909335,1,1459700,0,1,Car,1
53,1762425,Business,6,1936963,180,Good,61240,0.03474755819535118,0,675453,3,0,Home,0
36,2398348,Business,6,1548339,120,Average,588398,0.24533460309571292,0,1233202,0,1,Car,0
52,648714,Business,7,864038,180,Good,441048,0.6798794539975181,1,552439,4,1,Personal,1
42,898883,Salaried,7,1188882,60,Good,749468,0.8337761045919162,0,893416,4,0,Personal,0
54,1726734,Salaried,22,1147643,24,Average,762371,0.44151013328623095,1,1160793,0,1,Car,0
25,2112503,Self-Employed,3,259329,120,Good,257354,0.12182414802528184,0,1109791,3,0,Home,0
42,2037160,Salaried,16,1268106,120,Good,177241,0.08700392359759489,1,138731,1,0,Home,0
46,2330840,Salaried,9,933194,180,Bad,744748,0.3195190062299402,0,893388,4,1,Home,0
28,1032743,Business,3,1367726,24,Bad,249243,0.24134054518835257,0,1034186,2,0,Business,0
21,2119920,Self-Employed,0,606718,120,Average,23091,0.010892387027629803,1,1124027,0,1,Home,0
51,2467693,Salaried,17,716393,120,Bad,370416,0.15010613147335122,1,124932,3,0,Home,1
61,1871498,Salaried,32,1830657,120,Good,682405,0.3646301707882291,0,1486561,4,0,Home,0
41,1821421,Salaried,4,1351893,60,Good,195877,0.10754070171547285,1,1395285,5,0,Home,0
38,973900,Salaried,2,1005357,60,Good,567815,0.5830315401668137,0,863659,4,1,Business,0
63,2357035,Salaried,32,1253920,180,Average,465226,0.19737755384304695,0,747852,1,1,Personal,0
31,1222686,Salaried,5,78328,36,Good,637199,0.5211464585785242,0,1323587,2,1,Home,0
46,458365,Business,24,1628315,120,Average,87178,0.19019298988144845,0,1285138,5,1,Education,0
38,2345541,Self-Employed,3,1295803,120,Good,492402,0.20993100954917882,0,811804,2,1,Business,0
54,416208,Business,15,1154321,36,Average,50081,0.12032656670086422,1,926215,4,0,Home,1
62,1569991,Self-Employed,29,348335,180,Bad,796643,0.5074185091389001,1,1159662,5,1,Business,1
21,1094250,Self-Employed,0,464758,60,Good,424528,0.38796217686801293,0,438458,3,0,Business,0
44,732181,Self-Employed,21,208763,60,Bad,602248,0.8225386584209937,1,1071177,3,0,Business,1
57,259227,Salaried,27,742137,180,Bad,281854,1.0872822380298424,0,370858,4,1,Car,1
44,2104681,Business,7,1707153,24,Average,151094,0.07178946748249854,1,1485255,2,1,Personal,1
42,1926684,Salaried,2,529083,36,Average,345740,0.17944811943830985,1,1454089,3,0,Business,0
29,2210421,Self-Employed,7,1511494,36,Average,418458,0.1893113622647621,1,1104417,2,0,Personal,0
21,227096,Business,0,1191340,12,Average,446790,1.9673971915084743,1,610032,2,1,Education,1
40,1660724,Salaried,2,418226,36,Average,3696,0.0022255340288127173,1,126310,2,1,Business,0
46,2008529,Salaried,12,156611,36,Average,398172,0.19824050424937642,1,468947,4,1,Car,0
47,1756675,Salaried,0,756673,24,Average,587520,0.3344498359401506,1,801849,1,0,Personal,0
40,1155891,Self-Employed,9,692762,120,Bad,271400,0.23479702255920104,0,767876,1,0,Home,0
21,1911376,Salaried,0,1032293,12,Bad,305505,0.15983502992868492,1,1083116,0,0,Car,1
49,1880511,Self-Employed,10,1494663,120,Bad,46002,0.024462486812102235,0,1098388,2,0,Home,0
32,1277522,Business,11,1834006,120,Bad,220462,0.17256988719576868,0,719174,1,0,Home,0
60,2487108,Salaried,20,1824029,120,Bad,395395,0.1589777528849761,0,1123177,3,0,Personal,0
35,1663276,Self-Employed,12,1880791,60,Average,432680,0.2601370667663895,0,1221999,2,1,Business,0
59,311387,Salaried,26,736915,120,Good,325497,1.0453100312150758,0,438242,4,1,Business,1
21,1118082,Business,0,1452222,24,Bad,376087,0.33636769363276253,1,371994,4,0,Home,1
56,1231009,Business,28,594279,36,Good,272919,0.2217033167886532,0,347139,2,1,Business,0
54,1850992,Salaried,22,1105991,60,Bad,770326,0.41616905088241823,0,1485676,4,0,Personal,0
51,169976,Salaried,28,315976,180,Good,221883,1.3053707266277201,1,211509,5,0,Personal,1
57,2147320,Self-Employed,9,1617399,24,Good,219526,0.10223250273247456,0,1395796,4,1,Car,0
40,2255730,Salaried,14,912147,24,Average,208859,0.0925903842257787,0,111435,5,1,Education,0
56,1322060,Salaried,22,1149577,12,Bad,192029,0.1452497275087912,0,428733,4,1,Business,0
45,1722970,Self-Employed,18,1581064,120,Bad,392573,0.22784655110271734,0,217583,2,0,Education,0
56,2196198,Salaried,15,1518919,120,Bad,136213,0.06202215737280638,1,553172,5,1,Car,1
41,924807,Self-Employed,16,1418335,120,Average,372282,0.4025505834724613,0,272158,1,0,Business,0
30,822495,Salaried,1,1588814,24,Average,78077,0.09492690541960082,1,1188360,0,1,Personal,1
31,2286239,Salaried,9,1863205,24,Bad,592656,0.25922737770312826,0,743859,0,0,Personal,0
41,2359332,Self-Employed,5,834192,120,Good,435928,0.18476747453623546,0,920114,3,0,Business,0
37,1441448,Business,1,1905591,120,Good,85774,0.05950540046855629,0,388518,2,0,Car,0
26,532672,Self-Employed,1,1656140,60,Average,509565,0.956618788637682,0,626256,1,1,Personal,1
61,2279173,Salaried,5,510115,180,Average,42291,0.018555406476205853,0,428276,2,1,Home,0
37,423664,Business,11,723647,36,Good,262318,0.6191637260571442,0,1140844,0,1,Home,0
37,457369,Self-Employed,14,1445811,120,Good,312863,0.684047926186676,1,129887,3,1,Personal,1
38,1996336,Business,10,608963,24,Average,495010,0.247959137159708,0,805351,5,0,Personal,0
53,2398669,Salaried,3,1711655,24,Average,159034,0.0663009084200828,1,478108,2,1,Education,1
26,2404408,Business,0,1073920,12,Bad,665938,0.2769653582231642,0,1033668,2,0,Business,0
36,1562181,Salaried,7,292188,180,Average,376047,0.2407190711453595,0,853823,5,1,Education,0
55,1488722,Self-Employed,11,758175,60,Good,529274,0.3555221488483754,0,263625,0,1,Car,0
40,1814814,Salaried,3,175355,120,Good,27798,0.015317263743136352,0,615937,5,1,Home,0
57,2129606,Self-Employed,13,1606407,60,Bad,405105,0.19022523874123254,1,1335055,2,1,Business,1
38,2008755,Business,15,983703,36,Average,334971,0.16675544466326422,0,131184,3,0,Business,0
31,212036,Business,10,197595,180,Good,772997,3.6455760079608748,0,281696,4,1,Business,1
48,1110029,Salaried,4,313031,180,Average,293946,0.26480905921461584,0,488765,1,1,Business,0
61,1944964,Business,1,1438509,24,Bad,608814,0.31302054278611696,1,401062,3,0,Car,1
53,690508,Self-Employed,19,446981,24,Bad,379270,0.5492614868162471,1,1123853,2,1,Car,1
49,667219,Self-Employed,28,301671,60,Good,473918,0.7102874614070321,1,774504,0,1,Personal,0
28,634265,Self-Employed,5,678380,180,Good,229577,0.361956970734676,0,710672,1,0,Personal,0
26,215556,Salaried,3,1255565,120,Good,324264,1.5043074453624796,0,395204,1,1,Business,1
46,772755,Business,8,1506048,12,Good,380634,0.4925668645730347,1,743088,3,1,Personal,1
27,179778,Business,1,859057,24,Good,556376,3.094777476790949,1,1414657,3,1,Home,1
44,2293513,Business,5,1233765,24,Average,614553,0.2679525828052499,0,522154,2,1,Car,0
49,1199525,Business,19,1835818,36,Good,111541,0.09298756342088459,0,61842,3,1,Car,0
55,409134,Salaried,1,1390829,12,Average,130356,0.3186136605276987,0,768917,2,0,Car,0
26,907738,Business,1,62360,36,Bad,373216,0.4111490197072066,1,777567,5,1,Business,1
61,1690234,Self-Employed,35,104330,180,Bad,51707,0.030591604126053478,1,280833,4,1,Business,1
24,2029824,Self-Employed,2,1927145,24,Good,473048,0.23304866183045336,0,186633,4,1,Business,0
35,954874,Salaried,5,446210,120,Bad,778799,0.8156030894096086,0,1436564,2,0,Personal,0
42,999459,Business,1,134381,120,Average,774168,0.7745862765893583,0,841708,3,1,Education,0
21,858096,Self-Employed,0,303091,12,Average,264064,0.30773210954006364,1,1154697,3,1,Education,0
29,384237,Self-Employed,5,1958911,180,Average,371344,0.9664426735512885,0,82289,2,0,Home,1
55,1874867,Self-Employed,20,309480,36,Good,786331,0.41940605951992355,1,1379932,2,1,Business,0
29,1258585,Salaried,2,473159,36,Bad,721755,0.5734649837198252,0,44816,2,0,Home,1
61,916883,Salaried,39,846710,120,Average,221552,0.2416358012573019,1,43764,3,1,Education,1
53,2436280,Salaried,4,55039,60,Bad,152353,0.06253506882005812,0,112935,2,0,Personal,0
23,2270205,Self-Employed,1,1837040,180,Bad,86346,0.03803443387956864,0,329231,1,0,Personal,1
50,1489391,Self-Employed,22,535001,36,Bad,681509,0.4575753058966343,1,987410,3,0,Business,1
33,492397,Business,2,412441,60,Good,787301,1.5989118558564412,0,883520,2,1,Car,0
28,546674,Self-Employed,5,132409,60,Bad,23248,0.04252618100333836,1,698876,5,1,Education,1
63,1176600,Business,38,1333440,180,Good,174875,0.14862727466660322,1,936800,5,1,Home,0
57,2041672,Business,17,1242503,120,Average,85178,0.04171970731845893,0,1047380,1,1,Car,0
63,1232186,Self-Employed,37,1575753,60,Average,705191,0.5723084239648689,1,698787,1,1,Education,1
63,2395419,Self-Employed,17,205489,120,Bad,344126,0.14365998447036427,0,308362,1,1,Home,0
33,1257411,Business,5,865359,12,Bad,696454,0.5538789195585854,1,101948,2,0,Education,1
44,1635331,Self-Employed,14,1236944,36,Average,156470,0.09568087703292054,0,297986,5,1,Personal,0
58,2142784,Business,37,1392501,12,Bad,275796,0.12870913320748464,0,1315823,4,0,Home,0
25,1793200,Business,1,687787,12,Bad,673812,0.37575932647818067,0,835825,2,1,Home,0
40,464866,Business,3,586644,120,Good,652416,1.4034465771930467,0,1016003,3,1,Education,0
47,1654263,Business,9,1757542,24,Bad,426044,0.25754293147889334,1,1174846,1,1,Car,1
44,1109336,Salaried,12,817286,180,Average,765791,0.6903141245626893,0,966020,3,0,Home,0
62,2152816,Self-Employed,41,111753,24,Bad,404303,0.1878018428877141,1,1472608,0,1,Car,1
41,1142780,Salaried,8,67413,180,Average,637938,0.5582329422697787,1,1108076,2,0,Education,1
59,2283349,Self-Employed,4,835833,36,Bad,426070,0.18659863796614623,0,76240,3,0,Personal,0
43,1447042,Self-Employed,21,240920,60,Bad,263844,0.18233321331847083,0,232076,5,0,Business,0
43,1174096,Salaried,22,217527,24,Average,770644,0.6563716626479754,1,647652,5,0,Personal,1
64,1343697,Self-Employed,29,1037797,60,Good,471797,0.3511183316489271,0,250144,5,0,Car,0
37,714557,Salaried,10,1040121,24,Average,303602,0.4248808354255358,1,1399757,1,0,Home,1
30,603442,Salaried,3,1127921,120,Average,779976,1.292542957661287,0,1420827,2,1,Personal,0
34,613814,Self-Employed,5,147406,12,Good,311442,0.5073874049998778,0,964725,5,0,Education,0
48,504583,Salaried,10,1071436,60,Good,794760,1.5750796695892062,1,1064110,0,0,Car,1
53,1269122,Business,9,1096439,12,Bad,758761,0.597862460927743,1,1319360,4,1,Education,1
54,1879989,Salaried,0,356081,180,Good,725084,0.38568503023952255,1,1191855,4,1,Car,0
49,1253183,Business,23,819305,24,Bad,333840,0.26639344262295084,0,847942,4,1,Personal,0
25,775129,Salaried,0,852242,12,Good,161081,0.20781159289409518,1,1160294,4,0,Personal,1
21,2464688,Self-Employed,0,86413,60,Average,143888,0.05837977935552924,1,851480,2,0,Education,0
23,684430,Business,0,86468,180,Bad,666015,0.9730929779627164,1,1227545,3,1,Education,1
36,1035480,Salaried,5,1334763,120,Bad,42056,0.04061494126884028,0,51831,0,0,Home,0
49,546488,Self-Employed,21,326815,36,Average,289192,0.529181740163114,0,993778,3,0,Business,0
61,1526150,Business,13,1372396,120,Good,397650,0.26055744156377714,0,1229458,1,0,Personal,0
61,2222146,Self-Employed,10,119300,180,Average,306093,0.13774651271945557,0,561693,0,0,Home,0
60,1867378,Salaried,1,389679,24,Average,657941,0.3523339397090789,0,1100293,3,1,Car,0
60,1375715,Salaried,14,730667,36,Average,751731,0.5464289141072721,1,1125424,4,1,Business,1
38,2134017,Self-Employed,12,494972,24,Bad,526670,0.24679735597356722,1,442899,4,0,Business,1
62,540162,Salaried,18,820050,120,Bad,767669,1.4211802733619296,0,991437,2,0,Business,1
24,1714874,Salaried,3,400067,60,Bad,658250,0.3838472191850718,0,1441246,2,1,Personal,0
52,2487322,Salaried,29,1691706,180,Good,295809,0.11892665327341885,0,271421,0,0,Business,0
29,1969691,Self-Employed,1,1547404,12,Average,699895,0.3553322042227922,0,340686,0,1,Home,0
56,1364360,Business,31,1896585,60,Bad,63972,0.046887883778560076,1,906450,3,1,Home,1
49,1728795,Business,8,1265358,12,Average,123099,0.07120504674929835,1,558981,4,1,Car,1
37,1917519,Business,2,297572,36,Average,343615,0.17919760941215737,0,197097,4,1,Education,0
42,2073341,Business,9,1183387,180,Bad,190121,0.09169784820835154,0,380172,2,0,Car,0
36,574151,Salaried,7,1554314,60,Good,300856,0.5240006130780699,1,1244199,4,0,Education,1
22,318237,Business,1,581147,36,Good,635274,1.9962229526329351,0,1332559,0,0,Car,1
46,2266674,Business,25,448102,120,Average,373393,0.16473160025146966,0,7485,0,1,Personal,0
58,327352,Self-Employed,2,495093,60,Good,798658,2.4397454735407953,1,617693,4,0,Home,1
21,1855645,Business,0,1055535,60,Good,37019,0.0199493868981476,1,962452,1,0,Business,0
33,1890394,Self-Employed,3,208598,120,Good,652873,0.345363270639205,1,1493990,4,0,Education,0
35,1661326,Salaried,3,467247,180,Bad,468758,0.2821587803003262,0,955205,3,1,Education,0
57,906635,Business,32,983403,120,Average,615168,0.6785170674890474,0,528036,5,1,Car,0
26,987196,Business,4,1254831,180,Average,464462,0.4704856274887383,0,894468,3,1,Education,0
26,1296792,Business,5,1866250,12,Average,175607,0.13541636945911953,0,409319,4,0,Car,0
27,394535,Business,4,996405,12,Good,382865,0.9704184155565018,0,621825,2,0,Personal,1
53,2398581,Self-Employed,26,1585251,12,Good,75403,0.03143649039307391,0,588574,2,1,Personal,0
52,1969916,Business,9,1542418,12,Good,299372,0.15197188510988027,0,23386,2,1,Car,0
51,1459022,Self-Employed,15,302156,12,Average,469450,0.32175640822660095,0,323258,4,0,Car,0
31,234589,Self-Employed,4,413298,36,Average,506453,2.1588857155036445,0,950437,5,1,Education,1
44,565872,Business,3,1612527,36,Good,327350,0.578486692243666,0,882894,2,0,Education,0
55,873492,Business,9,1699176,120,Good,595484,0.6817272719987453,1,401426,2,1,Personal,1
22,1690889,Salaried,0,351994,180,Bad,496915,0.29387778034053075,1,637999,2,1,Education,1
43,2042967,Self-Employed,10,1890749,180,Bad,635873,0.3112496133076974,1,465590,3,0,Business,1
25,1237374,Business,2,251604,12,Bad,110130,0.08900292958884735,1,808596,3,0,Home,1
24,1105257,Self-Employed,3,1702632,36,Good,418829,0.37894229220688747,0,538314,2,0,Home,0
38,663898,Salaried,17,908999,24,Average,178646,0.26908611098977403,1,1041482,4,0,Home,1
64,1663812,Self-Employed,22,968074,60,Bad,491006,0.2951088854336395,0,543576,0,1,Personal,0
30,120917,Salaried,2,1062544,60,Bad,777475,6.429770588332589,1,1087680,3,0,Car,1
42,523157,Self-Employed,17,1253118,60,Good,129744,0.24800155975823748,0,59821,5,1,Personal,0
40,2491488,Self-Employed,10,1999902,36,Average,86795,0.03483659771325501,1,1213735,5,1,Home,1
40,363877,Business,2,1597419,180,Bad,712793,1.958879074854759,1,136285,4,0,Car,1
33,2333697,Salaried,4,1320704,60,Average,674533,0.28904039854342767,1,785945,2,1,Education,0
28,901163,Self-Employed,7,1479290,24,Average,14995,0.016639590573968778,1,23559,4,1,Personal,1
60,1519769,Salaried,29,672288,36,Bad,676479,0.4451193272666259,0,444755,3,0,Personal,0
36,1194093,Business,13,465466,120,Average,215558,0.18052012655620076,0,476111,4,1,Car,0
47,641396,Business,22,1711015,12,Bad,265471,0.4138949823588199,1,947272,2,1,Business,1
40,1866724,Business,9,1312032,12,Bad,308974,0.16551661332011947,1,52446,0,0,Personal,1
28,1595790,Business,6,190148,60,Bad,593629,0.371996708842198,0,31085,3,0,Business,0
59,2068939,Salaried,16,85903,180,Average,203561,0.09838903013137162,0,612242,5,0,Personal,0
31,1610017,Self-Employed,1,919446,60,Average,428395,0.26608087611442854,0,641593,1,1,Education,0
40,2417905,Salaried,5,52775,60,Average,635785,0.26294860097952527,0,490399,3,0,Home,0
35,1926210,Self-Employed,4,115149,120,Bad,26616,0.013817800853592882,0,746055,3,0,Business,0
43,2016807,Self-Employed,10,402365,180,Bad,287623,0.142612980511779,1,361309,3,1,Car,1
30,1671899,Self-Employed,0,827635,12,Average,713340,0.4266642741790777,1,1000460,3,0,Car,0
57,951257,Business,21,1290579,36,Average,497599,0.5230957321778108,1,1323173,5,1,Business,1
22,1033438,Self-Employed,0,619354,24,Good,755675,0.7312236135853205,0,134445,5,0,Car,0
25,1333705,Self-Employed,2,957179,12,Average,735035,0.55112221134193,1,177597,0,1,Education,1
21,979625,Salaried,0,546440,60,Average,423350,0.4321547202707972,0,1452137,4,0,Personal,0
54,1939400,Self-Employed,21,1753820,180,Bad,595032,0.30681225801162315,0,295599,1,0,Personal,0
32,717904,Business,9,1763422,36,Bad,169934,0.23670819955286562,1,1135270,4,1,Education,1
37,2318559,Business,8,1654243,36,Good,421594,0.18183441446415016,0,1285076,1,1,Education,0
33,1969039,Salaried,8,1688846,24,Average,36683,0.018629890708162355,1,1162667,5,0,Education,1
39,444934,Salaried,2,1774463,120,Bad,285713,0.6421454819243261,0,797583,3,1,Business,1
45,888223,Self-Employed,7,608988,120,Good,123728,0.13929819504989732,1,853220,5,1,Car,0
39,1034424,Salaried,13,969134,180,Bad,388227,0.3753070546438843,1,88059,0,0,Car,1
33,2415455,Business,10,523573,60,Good,265406,0.10987821761191262,0,329125,3,0,Personal,0
50,2399042,Salaried,12,1367621,120,Good,117473,0.048966608768579806,0,270741,4,1,Home,0
58,978823,Business,7,375437,12,Bad,768184,0.7848029880754865,1,156877,2,1,Home,1
30,992834,Self-Employed,0,1743470,120,Good,120062,0.12092845236116777,1,1060676,5,0,Home,1
45,1984445,Salaried,20,257609,24,Average,675302,0.34029749360778777,1,283006,5,1,Education,0
24,1970924,Self-Employed,2,839417,12,Average,491121,0.2491829978309677,1,1253296,3,0,Home,0
33,1476256,Self-Employed,0,673502,24,Average,182220,0.12343379235458325,0,113936,1,0,Education,0
28,1239962,Business,4,1466470,24,Good,336199,0.27113631616427264,0,91911,2,0,Business,0
46,1113978,Business,12,1319670,36,Bad,376036,0.33756112099061114,0,237723,0,1,Business,0
36,202806,Business,1,781893,180,Bad,230097,1.1345614303253833,0,974334,0,0,Personal,1
50,2414630,Self-Employed,12,1793455,36,Average,311793,0.1291265621952174,0,489709,5,0,Education,0
38,937108,Salaried,15,391558,180,Good,498512,0.5319679994536388,0,1403815,2,1,Education,0
35,2050440,Salaried,3,429593,12,Bad,494955,0.2413895352268122,1,1284574,4,1,Home,1
43,1605183,Business,19,696045,180,Bad,577952,0.3600534268968542,1,817459,0,0,Personal,1
21,588011,Self-Employed,0,347698,120,Bad,309066,0.5256117222097508,0,1324129,0,1,Education,1
52,1257613,Salaried,24,1808136,24,Bad,748423,0.5951134449839139,1,1237063,2,1,Education,1
32,1920298,Salaried,7,626553,120,Average,16061,0.008363801678801061,0,1208458,2,0,Education,0
51,1453520,Self-Employed,0,552175,24,Average,256505,0.1764714785682491,1,631516,4,1,Education,0
41,570983,Self-Employed,5,750757,36,Bad,13233,0.02317578075742928,0,766565,4,0,Personal,0
28,337314,Self-Employed,2,1584090,12,Good,154455,0.4578954389813676,1,1368880,4,1,Business,1
22,2196775,Self-Employed,0,1664694,180,Good,496283,0.22591424888108755,1,534522,0,1,Home,1
26,836773,Salaried,3,1995537,24,Good,601206,0.7184807367341719,1,78116,2,1,Car,1
24,639385,Business,0,1622138,60,Average,732835,1.1461542792616666,1,226572,3,1,Home,1
52,346256,Self-Employed,8,935987,60,Bad,562422,1.6242906280595049,0,420539,5,0,Personal,1
39,1649017,Self-Employed,2,760381,24,Bad,352103,0.21352283601513142,0,751287,2,1,Car,0
48,1435712,Salaried,9,586785,36,Average,425767,0.2965543949243338,1,799687,1,1,Home,0
24,1188965,Salaried,3,1484522,60,Average,323720,0.2722701910735883,0,1044846,3,0,Car,0
51,470679,Business,22,1351133,180,Average,207596,0.44105549417863515,1,630270,1,0,Car,1
23,737367,Business,1,212421,60,Good,207849,0.2818796042139068,0,861465,3,1,Business,0
60,1986962,Business,2,1430503,120,Average,107524,0.054114746978177246,0,218306,1,0,Education,0
47,233776,Business,14,242971,120,Average,277785,1.1882477745886038,1,1390254,1,0,Car,1
43,1508977,Business,19,652251,120,Average,646275,0.4282865621632655,1,124591,0,1,Car,0
45,1063681,Salaried,2,1384649,180,Good,159892,0.15031936236581986,1,1160152,3,1,Home,0
42,2230932,Salaried,0,1013443,120,Average,444709,0.19933767620990858,0,104188,1,1,Car,0
35,1194477,Salaried,8,1523300,12,Good,467927,0.39174183199690576,1,1326980,5,0,Car,0
63,1012015,Business,22,1606570,36,Average,680465,0.6723856144566884,0,774107,2,1,Home,0
42,2143615,Self-Employed,2,962935,120,Bad,449777,0.20982162850062697,0,141449,0,1,Personal,0
28,1748662,Self-Employed,2,906636,120,Average,448377,0.25641132682512296,1,847084,4,1,Personal,0
57,2460919,Business,28,913428,120,Average,410184,0.1666791281309429,1,816698,1,1,Education,0
21,2209319,Business,0,981515,180,Average,2866,0.0012972317274093385,0,112669,2,1,Car,0
48,1862955,Salaried,11,316150,36,Good,689753,0.3702465329293875,1,443258,4,1,Car,0
48,844857,Self-Employed,8,222646,36,Average,293561,0.3474678585040326,1,350164,1,0,Personal,0
51,252659,Self-Employed,24,551323,36,Bad,639872,2.5325417557191483,1,747108,0,1,Business,1
21,935864,Self-Employed,0,1278265,12,Bad,334517,0.35744151132909124,1,1213865,4,0,Business,1
35,1767824,Business,5,1336821,180,Good,567906,0.3212455984048195,1,1001452,5,0,Home,0
37,354000,Salaried,12,976352,36,Bad,508069,1.435219109550538,1,852557,4,1,Home,1
26,1230178,Salaried,5,287069,120,Good,566510,0.4605102184316266,1,1289660,5,1,Personal,0
47,1217996,Self-Employed,16,1625326,24,Bad,271604,0.22299233906159047,0,623607,2,0,Business,0
26,2216836,Business,5,1752457,120,Average,122672,0.0553364997065639,0,1383640,1,0,Business,0
46,164036,Self-Employed,25,192867,24,Good,70021,0.42686101306412577,0,369349,2,0,Car,0
38,457283,Salaried,16,1628232,24,Bad,659981,1.4432628301012063,0,583117,4,1,Business,1
27,753718,Self-Employed,6,62306,120,Good,578110,0.7670099864803727,0,24042,3,0,Education,0
55,867410,Business,19,1640883,36,Average,565151,0.6515377370127886,0,1038457,3,1,Home,0
60,1477719,Salaried,16,1486998,24,Good,443441,0.3000845897734348,0,1149282,3,1,Personal,0
33,1885317,Salaried,9,845775,12,Bad,100260,0.05317935754074379,1,1219439,5,1,Education,1
24,780187,Self-Employed,3,1816589,60,Good,144771,0.18555912164760288,1,1020332,1,1,Personal,0
48,1940908,Self-Employed,1,1767534,12,Average,111362,0.057376208776403224,1,1339527,2,0,Personal,1
51,593288,Business,6,1042812,12,Bad,312257,0.5263151684929267,0,953847,3,1,Education,1
59,895292,Salaried,15,1676082,12,Bad,281373,0.31428035291239853,0,189073,1,1,Home,0
25,339707,Business,1,1135610,24,Good,171389,0.5045185865508025,0,1460886,4,1,Business,1
50,1225797,Business,23,1886665,60,Bad,360444,0.2940484484393024,0,641517,3,0,Personal,0
24,2482460,Business,2,877679,12,Good,759401,0.30590651776603944,1,574887,1,1,Education,0
52,1046921,Business,19,1599317,180,Good,68207,0.06515003027923762,1,334199,2,1,Home,0
23,1679657,Self-Employed,2,1955450,24,Good,357776,0.21300526654830923,0,545726,3,0,Car,0
37,562244,Self-Employed,5,667762,24,Average,345280,0.614109507421142,1,1331155,5,0,Personal,1
31,1415308,Business,10,1785657,24,Average,579074,0.40915022797141826,0,275848,3,1,Car,0
32,1521430,Self-Employed,0,1423713,120,Bad,112752,0.07410917747830825,1,1259770,0,1,Personal,1
29,2350038,Salaried,2,1770444,120,Bad,85166,0.03624024962989976,0,375854,3,0,Personal,0
43,984285,Business,1,213052,24,Bad,756079,0.7681497044558188,1,1443401,5,1,Car,1
62,735416,Self-Employed,29,685254,24,Good,137854,0.1874501133370591,1,623640,5,0,Personal,0
55,1899810,Business,10,1210714,24,Bad,312916,0.16470901579157085,0,40149,4,0,Personal,0
27,248447,Salaried,5,1104271,180,Good,563457,2.2679071676970635,1,834379,0,0,Business,1
62,800913,Business,10,403039,36,Average,710386,0.8869691377601091,0,1361425,2,1,Home,0
46,2125647,Salaried,5,1619720,12,Bad,79211,0.03726440125552302,1,987626,1,1,Personal,1
32,1079820,Self-Employed,3,769846,180,Bad,661237,0.6123579741457149,0,1088129,1,1,Personal,1
47,2072026,Self-Employed,14,82766,12,Bad,555710,0.2681963121136935,1,903022,5,1,Personal,1
60,1935419,Business,11,1508316,120,Average,378621,0.19562730570108813,1,1076778,0,1,Car,1
37,2238007,Self-Employed,3,1814308,120,Bad,311385,0.13913489138555357,1,627407,3,0,Education,1
48,2440220,Salaried,14,406427,120,Bad,123805,0.05073515882372949,1,809359,5,0,Car,1
30,2321580,Business,3,1544139,180,Good,230780,0.09940639590003536,0,912676,4,1,Car,0
23,189518,Business,2,717565,12,Good,120243,0.6344640906716477,1,1007378,4,0,Home,1
62,2239844,Salaried,26,729222,12,Bad,392179,0.17509202645718788,0,221468,3,1,Business,0
45,2221121,Business,21,381999,36,Average,41743,0.01879365473846101,1,170948,5,1,Home,0
56,1447148,Self-Employed,18,1709350,24,Good,501793,0.3467459121348251,0,326284,2,1,Home,0
49,511011,Self-Employed,21,1754627,36,Bad,782259,1.5308035819119707,0,176968,2,0,Education,1
39,1396485,Business,14,1686792,24,Average,738591,0.5288925202257667,1,565635,1,0,Car,1
38,1721028,Self-Employed,10,578036,120,Good,550841,0.3200649146528036,0,1165123,4,1,Home,0
64,871393,Salaried,12,1743481,180,Average,600198,0.6887791286146107,1,397891,2,1,Education,1
62,1161566,Salaried,34,781576,180,Average,10068,0.008667601610582946,1,887198,2,1,Car,0
51,1955295,Business,1,1250314,36,Good,247667,0.12666470958872722,0,656521,1,0,Personal,0
22,1007099,Salaried,1,1196640,36,Good,368655,0.3660560023830801,1,407974,4,1,Home,1
51,253248,Self-Employed,10,214726,24,Bad,778580,3.074365545372341,1,944131,1,1,Education,1
32,548638,Self-Employed,0,1187888,24,Bad,192458,0.35079168633655283,0,1131867,0,0,Business,1
48,2043782,Salaried,1,1849785,180,Good,360215,0.17624914190987986,0,1303659,2,1,Home,0
46,2258929,Salaried,10,1958042,12,Bad,302274,0.13381291142266472,0,475147,2,1,Education,0
62,2232368,Salaried,1,926336,24,Average,684687,0.30670870272790923,0,145281,3,1,Home,0
50,854803,Business,5,1462891,180,Bad,114456,0.13389736126644236,0,1373279,4,0,Education,0
30,1538060,Self-Employed,7,84152,24,Average,583029,0.37906754023409994,0,444718,4,0,Car,0
36,1923500,Business,5,1877000,60,Average,348627,0.18124607161628717,1,908017,2,0,Personal,1
47,2260321,Self-Employed,25,1733032,24,Average,638273,0.28238144830692263,0,1038347,0,0,Business,0
32,2268185,Business,8,795993,120,Average,239455,0.10557114804517795,0,502264,1,1,Business,0
40,1372390,Business,1,603280,120,Average,212603,0.15491430649137164,1,573091,5,0,Education,0
47,2091277,Salaried,1,581740,180,Good,303630,0.14518873148381037,0,1063435,4,1,Personal,0
48,2022716,Self-Employed,6,1246311,180,Average,249737,0.123466110187436,0,1329773,5,0,Business,0
57,1520465,Self-Employed,23,643805,12,Bad,676513,0.44493793350196587,0,1184895,1,0,Home,0
32,1395029,Business,7,186645,12,Average,512035,0.3670422858289786,1,1042092,3,0,Education,0
42,462221,Business,15,1229580,24,Good,505187,1.0929531696890238,1,53687,0,1,Business,1
52,1099091,Self-Employed,17,654453,60,Bad,729282,0.6635313513336463,0,934550,4,0,Home,0
36,626554,Salaried,4,966931,180,Average,600724,0.9587729728435652,0,1431282,5,1,Car,0
59,2171789,Salaried,5,290011,24,Average,189327,0.0871755556476455,0,72684,5,1,Home,0
27,1385197,Business,6,825723,24,Good,781712,0.5643323192785435,1,947509,3,1,Car,0
54,1716246,Self-Employed,13,284318,120,Average,372778,0.21720533233270037,0,131936,4,1,Education,0
51,2099746,Business,16,726315,120,Good,372818,0.1775537719544307,0,1152109,5,0,Car,0
43,1684371,Salaried,2,1554900,36,Good,244936,0.14541680816351732,1,409925,0,1,Education,0
51,533461,Self-Employed,1,916220,24,Average,283460,0.5313593095665671,0,233979,2,1,Car,1
45,1199367,Business,22,337360,24,Average,326571,0.2722859039093923,1,597578,5,1,Education,0
44,1959050,Business,21,408105,120,Bad,592399,0.3023908004436842,0,880147,5,0,Home,0
23,463150,Self-Employed,0,1596064,12,Average,94913,0.20492884609986808,1,618396,3,0,Business,1
26,2286791,Self-Employed,4,1415103,24,Bad,658354,0.2878941329163299,0,309378,3,1,Car,0
55,1698458,Salaried,11,1670179,36,Average,738924,0.43505554152322784,0,232520,3,1,Car,0
39,257900,Business,10,550364,24,Bad,505740,1.9609850291390882,1,1284283,0,1,Personal,1
42,1623061,Business,10,1960994,36,Good,264179,0.1627658093159719,0,1158343,1,0,Personal,0
46,274226,Salaried,25,1012454,60,Average,491818,1.7934703730850718,1,56396,3,0,Home,1
29,526547,Business,7,1709090,180,Good,609007,1.1566030067534203,1,63014,2,1,Education,1
32,2402702,Business,6,1520413,12,Good,338585,0.1409183740145994,0,1094697,2,0,Business,0
31,476778,Self-Employed,2,1534223,120,Average,492461,1.032891549334178,1,660197,0,1,Education,1
62,2157312,Salaried,34,1570871,60,Bad,405831,0.18811873844917265,1,525754,3,0,Personal,1
27,1582538,Business,6,1601676,12,Average,335513,0.21200930909127674,1,1341293,3,1,Car,1
63,852722,Salaried,36,1880957,120,Bad,426583,0.5002597560989911,1,1200847,0,1,Business,1
33,964156,Salaried,5,1266053,180,Average,229304,0.23782848643944918,0,1026163,5,0,Business,0
24,1964298,Self-Employed,3,1744000,120,Bad,342022,0.17411911323072507,0,352621,1,1,Car,0
31,805493,Self-Employed,8,1728550,180,Bad,369430,0.4586378048750208,0,478705,3,1,Home,1
63,1579096,Self-Employed,28,1931554,24,Average,269152,0.17044678066008612,1,310435,5,1,Home,1
34,1320475,Business,0,1683218,12,Bad,340687,0.25800317461279115,0,1015197,3,1,Education,1
49,2100407,Self-Employed,24,1230594,180,Average,289385,0.137775613118975,0,901626,4,0,Education,0
58,1430015,Business,22,1809448,36,Average,318953,0.22304156037414966,1,101894,5,1,Home,1
37,2114449,Self-Employed,16,329720,120,Good,422217,0.19968171392087777,1,1131960,4,1,Home,0
58,142490,Business,32,1592656,12,Average,792299,5.56034416208743,0,605108,3,0,Home,1
54,121539,Salaried,16,1508819,24,Average,389546,3.205084745762712,1,312579,0,1,Car,1
27,2281117,Self-Employed,1,1471768,60,Average,332066,0.14557160129375157,1,1146375,4,1,Education,0
44,1311890,Self-Employed,3,1080065,36,Bad,795379,0.6062843635637412,1,767610,2,0,Personal,1
47,1026395,Business,15,1110194,120,Average,336430,0.3277779726343439,0,1326842,2,1,Personal,0
51,730724,Self-Employed,16,1020278,60,Average,495919,0.6786670772178316,1,1184685,1,1,Personal,1
59,2429608,Salaried,3,425325,180,Bad,466589,0.1920428348758998,1,296213,2,0,Personal,1
22,1023275,Salaried,1,220205,120,Good,751395,0.7343033551065402,0,1144337,1,0,Education,0
27,1504704,Business,6,623881,180,Bad,5209,0.003461808128503594,0,399749,5,1,Car,0
64,1178503,Business,23,691621,12,Bad,155666,0.13208779944743507,1,730212,1,1,Personal,1
51,2356157,Self-Employed,4,1079661,24,Average,564984,0.23979037059484126,0,196521,0,1,Car,0
30,569764,Self-Employed,5,1148589,60,Average,401562,0.7047853062227409,1,216486,0,1,Personal,1
41,1030155,Salaried,0,1526285,180,Bad,680206,0.6602941690384757,1,111361,3,0,Personal,1
59,517172,Business,17,1510482,12,Bad,320646,0.6199975636779183,0,255658,1,1,Education,1
64,874085,Business,36,1189897,24,Average,719211,0.8228149175252778,1,98234,1,0,Home,1
31,845571,Self-Employed,10,521761,120,Bad,289987,0.34294773242254945,0,324464,1,1,Home,0
49,1841793,Salaried,11,1422542,24,Average,477317,0.25915873327853167,0,1271209,0,0,Personal,0
41,457462,Business,15,400046,60,Average,421773,0.9219827614473739,0,333478,3,0,Car,0
52,1488328,Self-Employed,25,1201404,24,Bad,126613,0.0850705724339175,0,72095,4,1,Education,0
43,207593,Self-Employed,20,1991983,180,Good,339386,1.6348545719047756,0,902473,2,0,Car,1
59,238542,Self-Employed,6,1885932,60,Average,575610,2.4130240669397134,1,1206126,2,0,Business,1
39,575433,Business,14,1565554,12,Bad,536069,0.931590764535985,0,1447307,5,0,Home,1
33,1266204,Self-Employed,2,1183634,36,Good,481799,0.38050631611784824,0,1200118,1,0,Business,0
40,2259826,Self-Employed,2,1574268,24,Average,291975,0.12920236814588018,0,581462,4,1,Home,0
23,565935,Salaried,0,1151627,36,Good,203085,0.3588479969466512,1,1367372,4,1,Education,1
27,1629390,Business,6,567733,60,Good,315617,0.19370243238117799,1,937384,5,1,Car,0
44,2207024,Business,4,141563,60,Bad,751616,0.3405561785661694,0,1345801,2,0,Education,0
36,1702701,Salaried,7,1019655,12,Good,642416,0.3772920922157841,1,167896,1,0,Business,0
32,1137497,Salaried,8,304371,36,Bad,102166,0.08981642165524686,1,1063082,5,1,Education,1
25,540888,Business,1,1413133,60,Average,255116,0.4716605440302909,1,1375786,5,0,Education,1
48,2331130,Salaried,27,1935502,120,Average,103864,0.044555196597703,0,1031259,2,1,Business,0
47,1608543,Salaried,14,498648,12,Average,686311,0.42666597867388145,1,605151,3,1,Home,0
48,1883808,Salaried,3,1443453,24,Average,62712,0.0332899991453486,1,1201121,2,0,Business,1
46,375493,Salaried,15,1202791,24,Average,765359,2.0382722493568473,1,32230,5,1,Business,1
33,1348312,Self-Employed,3,1427397,36,Average,418641,0.310492445003497,0,647534,1,1,Car,0
22,351414,Salaried,0,1954814,60,Good,304958,0.8678001792752159,0,170956,1,1,Home,1
31,141650,Self-Employed,2,976694,12,Good,170521,1.203810774367989,1,1219309,5,0,Education,1
64,2238194,Business,42,880326,120,Bad,318903,0.1424822233987655,0,1416693,2,1,Education,0
38,1844854,Business,0,446178,180,Bad,669211,0.3627444975350366,0,438963,4,1,Education,0
57,2222882,Business,33,1852366,60,Good,202210,0.09096745082849615,1,738471,5,0,Car,0
33,2036541,Business,6,878411,180,Bad,408213,0.20044418430849942,0,700399,2,1,Education,0
28,2411947,Salaried,6,283462,12,Bad,51413,0.02131596535248687,1,888916,1,1,Education,1
60,1502296,Self-Employed,0,1653205,36,Average,410226,0.2730658451690977,0,1175615,2,1,Personal,0
63,1927254,Salaried,31,1722349,36,Average,131562,0.06826392978614662,0,1052305,0,0,Personal,0
41,378360,Salaried,6,1119974,12,Average,296794,0.7844201701549578,1,628177,2,0,Car,1
60,1578857,Business,6,1886081,120,Good,439727,0.278509530306082,1,518490,5,0,Education,0
47,154924,Self-Employed,24,1532526,24,Bad,695385,4.488526706470873,1,1050735,4,1,Business,1
33,590192,Business,6,1815011,60,Average,440420,0.7462304703715564,1,1453813,4,1,Home,1
48,274536,Salaried,1,473448,24,Good,501233,1.8257393356815292,1,624773,2,1,Car,1
58,2218053,Salaried,10,1575389,180,Good,789313,0.35585833347610113,0,292007,2,0,Home,0
55,1644960,Business,23,776546,180,Bad,251839,0.15309724668244415,0,1025264,3,0,Car,0
44,507773,Salaried,0,72499,24,Bad,626840,1.23448620843131,0,444844,0,1,Business,1
63,991905,Self-Employed,24,735967,120,Bad,91873,0.09262268803697124,0,65756,2,0,Home,0
43,1487064,Salaried,15,1499141,60,Bad,551752,0.37103421841008966,0,1484416,1,1,Business,0
39,1163361,Salaried,15,1778235,60,Bad,703335,0.6045710621457465,0,1181110,1,1,Personal,1
54,2045464,Business,5,1330020,12,Good,137263,0.0671060125692691,1,345578,1,1,Education,0
30,2264797,Business,8,597571,36,Bad,516369,0.22799781702385818,1,349115,3,1,Home,1
29,1611422,Business,3,1995790,36,Bad,753160,0.46738814079233076,1,895596,0,1,Personal,1
46,703043,Business,16,558175,60,Good,73870,0.10507165981076576,0,1185656,3,0,Education,0
25,2313654,Salaried,4,640611,180,Bad,432206,0.18680658957363996,0,737902,1,1,Business,0
49,548556,Business,3,1627897,120,Good,335468,0.6115462932749013,0,480350,0,0,Business,0
28,1807023,Self-Employed,6,581821,12,Bad,725512,0.40149549756948444,0,1426548,2,0,Personal,0
55,1966780,Self-Employed,12,300231,60,Bad,12940,0.006579278526689041,1,380171,4,1,Education,1
30,1098935,Salaried,8,1080451,180,Bad,32966,0.02999810726011342,1,420993,5,1,Business,1
43,1211174,Self-Employed,7,240271,12,Bad,407014,0.33604887815551016,1,982868,4,0,Personal,1
34,2465156,Salaried,6,67118,36,Average,22616,0.009174263545891802,0,131870,1,0,Education,0
40,122795,Business,16,1463612,180,Good,334977,2.7279145900517934,1,1313804,1,1,Car,1
59,907163,Salaried,5,1176082,60,Good,764601,0.8428475997724777,0,1092706,1,1,Car,0
31,539007,Self-Employed,4,1300258,120,Bad,374485,0.6947670535502256,1,223034,3,1,Business,1
39,1792558,Business,15,333007,60,Bad,313559,0.17492255485035638,0,68968,3,0,Home,0
35,1418648,Business,11,147206,36,Average,245282,0.17289829972036777,0,407821,0,0,Car,0
39,1138725,Business,3,958806,60,Bad,769565,0.6758122673935609,0,1433710,5,0,Car,1
60,2237191,Business,17,256555,36,Average,491087,0.2195104398728406,0,998899,2,1,Education,0
62,227792,Self-Employed,12,1001302,36,Bad,228506,1.0031300347245087,1,10785,3,0,Education,1
45,270653,Salaried,24,313606,36,Good,390992,1.44461932947601,1,933015,2,0,Education,1
46,1868350,Self-Employed,18,1695437,180,Good,224737,0.12028628453647093,1,894235,2,0,Home,0
31,506213,Business,2,1073577,180,Average,115375,0.22791744203044562,0,899092,5,1,Business,0
59,1042426,Business,7,728066,120,Good,576623,0.5531543215975795,0,52949,2,1,Home,0
27,1129260,Business,0,839148,60,Average,147646,0.13074568235332665,0,717186,5,0,Car,0
60,1428166,Salaried,26,1673770,180,Good,786895,0.5509824831409772,1,1123270,3,1,Business,1
43,1450728,Salaried,10,1661049,12,Bad,350068,0.24130488878350126,0,1310624,1,0,Home,0
56,1715368,Business,16,1978930,120,Good,404911,0.23604892008658196,1,411012,2,0,Home,0
55,291277,Salaried,30,1736622,12,Good,554768,1.9045997294680683,0,183163,3,0,Business,1
43,2488561,Self-Employed,21,693789,180,Good,773617,0.3108690882525732,1,1381710,5,0,Car,0
47,2059726,Salaried,17,171635,36,Bad,698614,0.33917795902078285,0,220935,2,1,Business,0
33,1927720,Salaried,1,542503,120,Good,218599,0.11339763378621699,0,237919,4,1,Home,0
52,1653183,Self-Employed,29,1690307,180,Average,291568,0.1763675428748403,1,1399564,0,1,Education,1
54,1064461,Business,28,204721,180,Good,136668,0.12839161942840607,1,278518,4,1,Car,0
45,1484359,Business,21,1653969,24,Good,523472,0.3526583847584144,1,406884,5,1,Car,0
45,577820,Salaried,19,1412516,36,Good,277948,0.48102786156958643,1,1033237,2,0,Home,1
57,1449785,Business,16,112287,36,Good,238009,0.16416836691760026,0,707062,1,0,Business,0
24,890644,Business,2,280881,36,Bad,107357,0.1205384861532934,0,1490309,0,1,Car,0
59,1366735,Self-Employed,36,653623,120,Bad,66985,0.04901092822608024,0,975112,2,1,Personal,0
56,1339925,Self-Employed,21,499813,60,Bad,386486,0.2884383167428649,0,1058213,2,1,Car,0
53,1822417,Salaried,6,466704,24,Good,652158,0.3578531379738348,0,215,3,1,Home,0
24,975121,Self-Employed,2,1395194,120,Good,567354,0.5818287352762014,0,1017375,0,1,Car,0
48,654633,Business,8,1577222,24,Average,499387,0.7628491645713482,0,814661,5,1,Personal,0
36,1042401,Self-Employed,6,1170113,60,Average,764777,0.733668009079031,1,397783,0,0,Home,1
33,590455,Salaried,1,282117,180,Bad,773068,1.309272833200103,0,1382512,4,0,Car,1
63,570985,Business,16,554910,60,Good,295830,0.5181037713709268,0,863413,2,0,Business,0
50,2055430,Salaried,23,1819617,12,Bad,341609,0.16619823287670565,0,750887,5,0,Education,0
42,1295033,Business,0,1218451,24,Bad,466995,0.36060443200719056,0,555889,2,1,Business,1
49,1482836,Self-Employed,25,1616541,180,Bad,510472,0.3442536165471997,1,628474,3,0,Personal,1
62,1749618,Self-Employed,5,1839055,12,Bad,354835,0.20280701112642238,0,1242522,5,0,Home,0
28,987392,Self-Employed,5,1950784,120,Bad,249200,0.2523817770634388,1,725527,2,1,Personal,1
42,1603702,Self-Employed,2,1776749,120,Good,734172,0.4577979837912631,1,109779,5,0,Car,1
49,572082,Salaried,8,1854841,36,Bad,477793,0.8351812586635156,1,661440,5,1,Education,1
38,1041872,Salaried,5,431325,12,Good,328910,0.31569106791326773,0,1203639,5,0,Home,0
23,725751,Salaried,2,1385186,120,Average,473656,0.6526416737397899,1,958379,1,1,Education,1
55,737585,Business,0,1980035,180,Good,645972,0.87579211102163,1,847324,5,1,Car,1
57,126464,Business,0,1678378,36,Good,375572,2.969770292175701,0,1161140,3,1,Home,1
60,1715929,Self-Employed,15,1441579,24,Bad,667712,0.38912543052455517,0,967241,2,1,Personal,0
37,1360952,Self-Employed,6,54011,120,Good,19782,0.014535402765562073,0,1247339,1,0,Car,0
24,723151,Self-Employed,2,1873327,60,Average,363154,0.5021821138571144,0,1081345,1,1,Home,0
37,1904292,Business,11,281237,24,Average,791701,0.41574537111673465,1,908063,0,1,Personal,0
40,1307968,Business,14,781636,60,Good,560185,0.4282861443963886,1,189637,2,1,Education,0
38,1969388,Self-Employed,0,1169510,36,Bad,580118,0.29456750291587896,1,267673,4,0,Car,1
27,877582,Business,3,1672042,36,Bad,138009,0.15726033890811467,1,1432672,3,0,Education,1
47,2327928,Business,4,418444,24,Average,113793,0.04888164544537226,0,1426998,1,1,Home,0
53,1533967,Self-Employed,22,583285,120,Bad,106102,0.06916832684906074,0,872143,5,1,Car,0
49,1802978,Salaried,14,687506,24,Good,522070,0.2895596676389464,0,107041,0,0,Business,0
61,1981663,Salaried,30,748961,12,Bad,3114,0.001571406656224264,1,812934,0,0,Education,1
21,1581820,Business,0,1023069,12,Average,83123,0.052548929366849975,0,166405,1,1,Home,0
27,1554269,Salaried,3,816868,60,Bad,186493,0.11998751825615885,1,596923,0,0,Education,1
53,1834249,Salaried,11,1594247,120,Bad,369359,0.20136786152378355,0,1198632,5,1,Business,0
47,1368749,Salaried,26,726337,180,Average,443833,0.32426155251141553,0,1266302,3,1,Car,0
27,212172,Self-Employed,6,594344,24,Good,138454,0.6525523982787631,0,1104315,5,1,Education,1
46,716682,Self-Employed,9,863592,60,Good,182447,0.254571407442342,1,348586,4,1,Home,0
58,124136,Business,23,868599,60,Good,110957,0.8938269814801388,0,539767,0,0,Business,1
37,780183,Self-Employed,4,1300104,180,Good,234847,0.3010148887954636,1,861501,0,1,Personal,0
24,1315344,Self-Employed,0,365508,180,Good,416561,0.31669333900991753,0,51567,5,0,Home,0
60,1645450,Self-Employed,20,1297892,24,Good,720785,0.4380470764550266,0,864950,4,0,Education,0
44,1750060,Self-Employed,16,674913,60,Average,472617,0.27005744371196205,0,917999,3,1,Business,0
57,514768,Salaried,8,479069,24,Good,249264,0.484224963041675,1,688284,3,1,Car,1
38,356538,Business,14,203706,12,Bad,294507,0.826016228238706,0,1243400,4,0,Personal,1
35,873818,Business,14,1212203,120,Bad,738276,0.8448843524803191,1,289014,2,0,Home,1
46,1248371,Salaried,25,1898024,36,Average,42137,0.033753560637374114,1,1441945,5,1,Car,1
48,1053296,Self-Employed,17,1268015,60,Average,149172,0.1416238724690187,0,375233,0,0,Personal,0
62,1854635,Salaried,32,884123,180,Average,168112,0.09064420188112385,0,773815,2,1,Car,0
63,1847536,Business,25,1839639,180,Good,105315,0.057002917938855896,0,319348,5,1,Education,0
27,1636589,Business,5,745139,60,Average,711567,0.43478635455428666,1,225687,4,1,Education,0
21,2191088,Salaried,0,65896,180,Good,89353,0.04078017825839115,0,29813,1,1,Home,0
28,1566374,Business,3,323541,120,Good,299155,0.1909855558215625,1,355398,0,0,Car,0
34,2432857,Business,9,1091741,180,Bad,700614,0.287979816331245,1,1350816,1,0,Education,1
40,1026814,Salaried,2,508819,12,Bad,159484,0.15531911785472555,1,1159065,2,0,Personal,1
22,1611341,Self-Employed,1,61549,120,Average,464432,0.2882268320443456,0,25739,1,0,Business,0
64,2174048,Business,12,594333,24,Bad,35709,0.01642511277344715,0,977643,1,1,Car,0
41,349167,Self-Employed,3,355063,12,Bad,486121,1.39222666452825,1,1000904,4,0,Personal,1
43,1118653,Business,15,1628363,60,Average,563329,0.5035775136905603,0,1342035,3,0,Car,0
23,870774,Self-Employed,1,403791,60,Bad,294499,0.338203324624616,0,1384525,2,1,Personal,0
54,983787,Self-Employed,5,838428,12,Average,775359,0.7881362651302923,0,830819,5,1,Business,0
38,1451379,Business,7,1300374,36,Average,332255,0.22892350728272404,1,237103,2,0,Education,1
26,2306394,Self-Employed,4,1097146,36,Good,153956,0.06675179229923756,0,584326,2,1,Education,0
25,880330,Business,2,572820,36,Good,262678,0.29838549363818834,1,822564,0,0,Home,0
35,970012,Business,5,1424736,36,Average,46233,0.0476622478255446,0,1246356,0,0,Personal,0
31,1123941,Salaried,7,1657273,12,Bad,770519,0.6855504999368295,1,1450530,5,0,Home,1
34,2171723,Self-Employed,5,1098939,12,Bad,796790,0.36689284642063175,0,494829,1,1,Education,0
61,1633993,Self-Employed,16,948704,60,Average,615362,0.37659991407557186,1,175037,2,0,Car,0
21,1149516,Salaried,0,1746609,24,Average,424041,0.3688862365671843,1,28885,0,1,Personal,1
24,515460,Self-Employed,2,1082833,60,Good,330763,0.641683851930602,0,21584,1,1,Home,0
54,939973,Self-Employed,7,1168844,60,Bad,780594,0.8304421186117914,1,1428926,0,1,Education,1
32,2387976,Business,1,1494359,180,Bad,409337,0.17141580509360016,1,600699,4,1,Education,1
56,1366729,Salaried,20,714687,24,Bad,23331,0.017070672334696686,1,23004,1,1,Personal,1
32,568013,Business,5,1948225,120,Bad,613332,1.079783244779178,1,282260,3,1,Education,1
50,1195878,Business,19,1260583,60,Good,596822,0.49906554091174776,0,1211272,0,0,Personal,0
46,2173413,Salaried,21,844300,24,Bad,685611,0.31545347549983577,1,340053,3,0,Personal,1
30,1340985,Salaried,5,395744,24,Average,794865,0.5927466804276853,0,507173,2,0,Car,0
30,1635412,Salaried,7,1770389,180,Good,741204,0.45322129639424413,0,432184,5,0,Personal,0
59,547991,Business,32,1933578,180,Good,177169,0.32330581468342606,0,810935,3,0,Car,0
52,2140937,Business,13,1509192,120,Bad,276393,0.1290990210832822,0,964329,1,1,Business,0
45,419850,Business,22,1459761,120,Average,41139,0.09798476126054242,0,639207,5,0,Business,0
43,1518558,Self-Employed,6,1767479,36,Bad,749856,0.4937944459187954,0,1045716,1,0,Education,1
38,2275091,Business,2,1971458,12,Bad,23548,0.010350350667137857,0,456437,1,1,Education,0
44,257799,Business,11,1770628,12,Average,555913,2.1563731574864238,1,434352,2,0,Education,1
22,1614201,Self-Employed,1,1445875,120,Average,111776,0.06924536086561657,0,885678,4,1,Car,0
60,332803,Self-Employed,18,547873,120,Average,357092,1.072979892068605,1,21341,2,1,Home,1
43,939745,Self-Employed,20,128840,60,Bad,165767,0.17639553666629068,0,161297,0,0,Business,0
25,2425433,Self-Employed,4,75938,120,Average,59164,0.02439316015195631,1,447746,1,0,Personal,0
60,522681,Salaried,11,1781530,120,Bad,115819,0.2215859738808683,0,1315483,1,0,Business,0
33,1478308,Salaried,5,454427,60,Average,537857,0.3638325952152087,0,1276542,4,0,Personal,0
27,1691801,Salaried,3,645983,60,Good,253078,0.14959079135738107,1,766887,5,1,Car,0
29,835295,Salaried,4,1042652,120,Good,5636,0.0067473087384591806,0,261578,1,0,Home,0
33,403816,Self-Employed,4,1326269,12,Good,521393,1.2911615905224396,1,1049230,1,1,Home,1
27,245851,Salaried,2,844878,180,Average,311011,1.2650334347493615,0,444244,5,0,Home,1
21,346179,Business,0,924506,36,Average,716825,2.070671327055289,0,1266084,4,0,Home,1
41,2256300,Salaried,16,1250346,24,Bad,435686,0.19309746350331805,1,485287,4,1,Business,1
43,1880399,Self-Employed,3,1037751,12,Bad,56116,0.029842586683684322,0,144233,0,1,Education,0
64,2323531,Self-Employed,25,1119412,120,Good,221439,0.09530275459946323,0,1235296,3,1,Personal,0
29,1310411,Salaried,4,667397,12,Good,150259,0.11466546399147749,0,1191605,3,1,Personal,0
55,1851041,Business,33,1968796,60,Good,739945,0.3997451165343628,1,1394028,1,0,Business,0
34,876547,Self-Employed,4,656752,60,Good,290886,0.3318540456426802,1,536119,0,0,Business,0
28,2043378,Business,1,1014266,12,Good,629112,0.30787827417233904,0,1016462,5,1,Home,0
35,1485764,Business,12,119202,36,Average,299189,0.2013703378394295,1,217394,1,0,Car,0
32,2062517,Salaried,3,327342,36,Good,504655,0.24467907674017875,1,236824,3,0,Business,0
54,473699,Self-Employed,2,1098072,24,Average,639548,1.3501118851593836,0,629674,2,0,Business,0
54,1549608,Business,13,910931,120,Bad,245160,0.1582076510913398,1,187646,4,0,Home,1
35,2187791,Business,11,1794499,120,Average,535620,0.24482217687970337,0,779105,1,0,Personal,0
21,340326,Salaried,0,773807,180,Bad,261849,0.7694041319084293,1,319248,2,0,Business,1
47,1566743,Salaried,2,340477,120,Good,283817,0.1811508453199757,0,900853,1,1,Education,0
58,1792341,Self-Employed,3,1828096,60,Average,374842,0.2091353101138064,1,373704,3,0,Home,1
27,2497942,Self-Employed,1,1700224,60,Average,299479,0.11989024569415715,1,855783,5,0,Business,0
51,704942,Salaried,30,1470654,180,Good,119975,0.1701910650932061,1,723503,2,0,Car,0
63,1795190,Business,23,398848,120,Good,432601,0.24097770098000715,1,166991,0,0,Home,0
33,585806,Salaried,10,1532179,120,Bad,671183,1.1457408327315992,1,46015,5,1,Education,1
64,513922,Self-Employed,21,721088,36,Good,496753,0.9665903257881044,0,715768,1,1,Business,0
32,731796,Salaried,7,1400339,24,Good,274270,0.3747897299387672,1,40633,5,1,Business,1
40,1998166,Salaried,15,1803252,36,Bad,367508,0.18392256503085078,1,1326224,1,1,Business,1
57,1992204,Salaried,18,976109,24,Average,319532,0.16039112440737777,1,1260945,5,0,Car,0
56,153635,Salaried,19,1179267,180,Average,499730,3.252688172043011,1,1006891,0,0,Business,1
64,575796,Salaried,3,1614154,24,Good,39236,0.06814207090346076,0,1314870,1,1,Personal,0
52,674280,Self-Employed,12,1061942,60,Bad,115140,0.1707596684468345,0,175993,1,1,Business,0
30,1504410,Self-Employed,2,336100,120,Bad,63879,0.04246113595287458,1,582848,3,0,Home,1
59,844045,Business,20,1095533,60,Good,237268,0.2811079017020399,0,479280,0,0,Home,0
37,427268,Business,7,604661,60,Bad,122026,0.2855952573203298,0,1078846,2,1,Personal,0
56,1888753,Self-Employed,32,557532,60,Average,735053,0.3891734974485825,0,562167,0,0,Home,0
49,123626,Salaried,16,1593971,12,Average,759161,6.14073786470593,0,208137,5,1,Home,1
21,264454,Salaried,0,1626889,60,Good,436442,1.6503450492522358,0,1390100,3,0,Education,1
36,740343,Business,13,780070,24,Average,797157,1.0767386512215942,0,1306648,3,0,Business,0
25,1134391,Salaried,4,1079649,36,Average,473006,0.4169687374382048,0,1390277,0,1,Car,0
49,1852626,Salaried,0,1157136,36,Good,148866,0.08035400542041113,1,1199529,4,0,Education,0
55,2443176,Business,2,141288,24,Average,471678,0.1930592830564466,0,1429740,5,0,Car,0
40,338547,Business,11,277436,120,Good,225121,0.664960360126186,0,251063,5,1,Business,1
33,2321072,Self-Employed,6,1068056,24,Average,344912,0.1486002379072093,0,928252,1,0,Education,0
39,667026,Business,6,1585093,120,Bad,303806,0.4554628223445228,1,1429033,1,1,Business,1
40,613896,Salaried,16,545898,12,Bad,273326,0.4452310403862537,1,1016382,5,0,Personal,1
56,1200132,Salaried,17,1775812,12,Good,140021,0.11667123560472048,0,576250,0,1,Home,0
59,1716963,Business,3,1792821,24,Good,315288,0.18363110700049623,0,1244868,5,0,Business,0
32,1346947,Salaried,7,953112,12,Average,772291,0.5733636339339009,0,1417522,5,1,Home,0
25,2347345,Business,1,268168,12,Good,148178,0.063125759900756,0,58123,1,0,Car,0
37,1337309,Business,10,274866,24,Good,150862,0.11281004404363984,0,582943,3,1,Home,0
29,2395598,Business,7,1743371,60,Bad,296956,0.12395897643971299,0,836002,5,0,Education,0
47,1290642,Salaried,12,1804187,180,Bad,720531,0.5582728918841229,1,36160,4,0,Car,1
21,579822,Business,0,1329802,60,Good,455775,0.7860588489935721,0,1495997,3,0,Business,0
42,1001809,Salaried,15,787197,12,Good,65439,0.06532076940737265,0,645649,2,1,Business,0
59,2051184,Self-Employed,28,79777,12,Average,256427,0.12501407722852886,0,420661,5,0,Personal,0
54,534627,Salaried,17,328011,36,Average,586789,1.0975650358754125,1,1193914,0,1,Education,1
29,1831303,Business,2,609650,180,Good,250449,0.13675992626019493,0,313732,5,1,Personal,0
48,325827,Business,6,1397027,24,Bad,342424,1.050934849061468,1,1461659,3,0,Education,1
22,860045,Business,1,782318,24,Good,158998,0.1848715068728882,0,622995,4,0,Education,0
58,2123011,Business,14,295847,180,Average,227544,0.10717979926632538,0,976006,0,0,Car,0
51,1314601,Business,4,1006011,12,Good,512177,0.38960613174177433,1,792955,3,1,Personal,0
59,413313,Salaried,9,204062,180,Good,553949,1.3402618832171183,0,854032,3,1,Car,0
27,826014,Business,2,1728587,36,Average,133114,0.16115203719060792,0,856566,1,0,Car,0
26,2007717,Self-Employed,4,1438857,60,Average,139133,0.06929907487007637,0,1346091,5,1,Home,0
26,390001,Self-Employed,4,1631041,120,Good,423327,1.0854482797524114,1,1300418,2,0,Business,1
42,1782805,Self-Employed,9,1634690,180,Good,669250,0.3753913774129098,0,344572,3,1,Home,0
49,833391,Salaried,16,555350,36,Bad,337164,0.4045683183903853,0,1077057,3,1,Personal,0
30,2354967,Self-Employed,0,677763,120,Average,704133,0.29899896728957676,1,319186,4,1,Education,0
52,1607564,Self-Employed,18,734308,60,Average,207383,0.12900442594856196,1,69093,3,0,Education,0
44,1739426,Business,2,306323,12,Bad,258916,0.14885131712914657,1,713895,5,0,Education,1
55,948894,Salaried,24,1699959,120,Bad,768460,0.8098472433725544,1,90925,5,1,Personal,1
33,1410906,Self-Employed,5,1006176,36,Average,13731,0.009732037618354717,1,1435367,0,0,Education,1
55,1809576,Salaried,1,315976,36,Good,556620,0.30759674774823065,1,12467,1,0,Car,0
48,197994,Salaried,26,617769,24,Average,395797,1.9990252279097958,1,1434730,2,0,Car,1
55,280185,Self-Employed,11,375188,24,Good,211027,0.7531675387064307,0,978534,4,0,Education,1
61,1015668,Business,11,1034588,36,Good,255095,0.25115958053263415,0,481632,0,1,Personal,0
60,2466869,Self-Employed,15,1983951,120,Average,32940,0.013352953337630277,1,529954,2,0,Personal,1
25,1029834,Salaried,4,76505,180,Bad,561001,0.5447484305738298,1,447603,1,0,Car,1
23,1770375,Business,2,1925530,24,Good,212204,0.11986380294355549,0,1299270,4,0,Home,0
22,648168,Business,0,1023215,180,Average,567827,0.8760477591492343,0,240056,1,1,Personal,1
36,627800,Business,11,493942,120,Good,48784,0.07770615210870961,1,113034,5,0,Car,0
43,173997,Self-Employed,5,231413,60,Good,412289,2.369504247175255,0,1413119,5,0,Personal,1
40,860686,Business,16,1512108,12,Bad,157255,0.1827086966574376,0,880292,0,1,Personal,0
53,1647573,Self-Employed,4,896822,120,Average,68369,0.04149677040302894,0,1250469,5,0,Business,0
57,2028189,Business,30,697999,180,Average,76425,0.03768138093571115,1,496297,2,0,Business,0
64,505105,Self-Employed,22,1203248,180,Average,279349,0.5530502508384378,1,318821,2,0,Business,1
54,869211,Self-Employed,1,1584301,12,Good,232911,0.2679564939278335,0,1144634,4,1,Car,0
48,892838,Salaried,12,527843,120,Bad,335639,0.37592331876183727,0,163004,2,1,Car,0
50,516601,Salaried,12,631529,60,Good,665727,1.288665161962207,1,65030,1,1,Business,1
58,225185,Salaried,14,1393711,12,Bad,628889,2.792753545957564,0,703023,2,0,Education,1
29,1992508,Self-Employed,2,1056630,24,Good,488195,0.24501520444826097,0,572285,2,1,Car,0
49,155187,Salaried,10,1039280,36,Bad,657253,4.23520504162693,0,1086666,2,0,Education,1
53,2014420,Salaried,30,591797,12,Bad,68653,0.03408076067515182,0,692289,2,0,Car,0
56,2483338,Business,17,1846218,120,Bad,538304,0.21676621677507582,0,287166,2,0,Personal,0
55,1024603,Business,0,898152,180,Good,367658,0.3588293623682906,1,712165,3,1,Personal,1
23,1573953,Self-Employed,1,1225677,24,Bad,356843,0.22671755337195368,1,1409993,4,1,Car,1
29,708033,Salaried,1,1230859,120,Bad,393445,0.5556865913218857,0,1429692,1,1,Business,1
32,2264931,Self-Employed,5,1452964,60,Average,589872,0.26043695793074584,0,1461742,5,0,Education,0
23,1529993,Business,0,1353533,36,Average,595644,0.38931133063266915,1,145364,4,1,Business,1
46,2175397,Business,11,1998697,12,Good,146692,0.06743225837295061,1,1079037,2,1,Education,0
36,975695,Business,4,238674,36,Good,287667,0.2948326117971171,0,889694,4,0,Business,0
36,1491446,Self-Employed,10,1377252,180,Good,475573,0.3188668454192472,0,43162,5,1,Personal,0
46,2329465,Self-Employed,5,743464,60,Average,718730,0.3085385234212476,1,68359,0,0,Home,0
27,593919,Self-Employed,5,1408356,36,Good,467143,0.7865419585129311,1,816117,4,1,Home,1
40,1629639,Business,13,289646,24,Good,189937,0.11655150830858349,1,472312,4,1,Education,0
29,2408910,Salaried,5,336287,120,Good,715637,0.29707905356403785,1,1155620,5,0,Home,0
27,576104,Salaried,4,1803935,120,Bad,234085,0.4063235000564133,1,758171,5,0,Car,1
51,806093,Business,20,388144,60,Good,441848,0.5481345848002839,1,21576,0,0,Car,1
47,1155865,Self-Employed,18,690816,120,Good,694186,0.6005765374186973,0,89051,3,1,Personal,0
28,2152342,Business,4,1880276,12,Bad,203305,0.09445752837721497,0,1355398,1,0,Car,0
56,693722,Salaried,1,1830248,180,Bad,510874,0.736423615765947,1,1418368,1,1,Personal,1
62,2300019,Self-Employed,24,829957,36,Average,458818,0.1994843523099799,0,882693,4,1,Car,0
26,2381556,Salaried,1,703817,36,Bad,484353,0.20337661454250308,0,264395,5,1,Personal,0
57,802387,Self-Employed,23,59583,60,Average,574675,0.7162058754617466,0,1333824,0,0,Business,0
37,1617850,Self-Employed,0,1326020,60,Bad,340716,0.21059788571382654,0,871901,0,1,Personal,1
23,1434861,Salaried,2,518298,180,Good,136149,0.09488647688767282,0,570303,3,1,Business,0
46,876556,Business,0,896334,36,Bad,5577,0.00636239286207286,1,806434,3,0,Personal,1
56,541863,Business,15,1347978,180,Bad,755664,1.3945639496257363,1,244942,0,1,Home,1
54,1162137,Salaried,3,985210,36,Bad,153412,0.13200841896573384,1,851426,4,1,Personal,1
30,1710346,Salaried,1,239921,60,Average,599142,0.3503043534440672,1,240617,1,1,Car,0
43,233606,Self-Employed,6,1127506,12,Average,741067,3.1722807963802455,0,260102,0,0,Education,1
46,1744224,Self-Employed,4,197631,36,Average,294478,0.168830282790351,1,236545,0,0,Personal,0
27,1967199,Self-Employed,3,1160291,24,Bad,10737,0.0054580113867425785,0,1230623,3,0,Home,0
33,1450363,Business,7,1066354,36,Average,103535,0.0713855280467524,1,1047861,3,0,Education,1
45,703247,Salaried,18,772496,180,Average,191812,0.2727515755466066,0,1160831,2,1,Home,0
42,1057687,Business,10,1099708,180,Good,693619,0.6557879072089312,0,751972,4,0,Car,0
56,2359155,Salaried,17,310529,180,Average,443855,0.18814143702239275,1,253608,1,0,Business,0
42,1693908,Self-Employed,3,281807,36,Average,24363,0.014382708870429285,0,1357414,4,0,Car,0
46,2218772,Self-Employed,16,1548447,24,Average,95419,0.0430053006774465,0,692894,2,0,Car,0
29,1895565,Self-Employed,0,230324,24,Average,317953,0.16773512502334395,1,20655,5,1,Home,1
34,2109690,Salaried,0,1120178,120,Good,666470,0.3159088226664474,0,1391538,3,1,Education,0
22,1949074,Business,0,221236,60,Bad,89743,0.04604389261572797,0,447875,3,1,Home,0
49,2075206,Salaried,13,1188422,60,Good,758795,0.3656478606712487,0,1341282,4,1,Home,0
37,359647,Salaried,9,339962,60,Good,319849,0.8893390203754783,1,544392,0,0,Education,1
53,2024611,Business,17,1850200,24,Bad,424632,0.20973500107674953,0,1221660,4,1,Personal,0
34,1478990,Self-Employed,5,693703,120,Good,443049,0.29956166061862444,0,1243292,4,1,Home,0
24,1457218,Business,2,1719745,12,Good,413757,0.28393604530273076,0,570217,5,1,Business,0
62,1772433,Business,19,1514889,60,Good,355288,0.20045203375696924,0,1375544,5,0,Education,0
33,2363267,Salaried,6,1175837,24,Bad,757600,0.32057303699791984,0,500827,3,0,Home,0
57,2224417,Business,4,65733,180,Good,615326,0.2766233684496349,1,299564,0,1,Personal,0
62,1189634,Business,29,1395649,120,Average,162434,0.1365410398987925,0,610777,0,1,Car,0
50,1961049,Business,1,1880973,12,Good,192941,0.09838657861859718,0,624152,2,0,Education,0
33,286562,Business,6,689446,60,Average,1468,0.005122782773770515,1,286453,0,1,Business,1
64,1240831,Business,30,918331,36,Bad,553006,0.44567354807097176,0,225409,1,1,Car,0
33,858925,Business,4,418697,60,Average,375595,0.43728446920922176,0,1295689,2,1,Education,0
45,265693,Self-Employed,6,1641038,12,Good,564790,2.1257160492897844,1,298818,4,1,Home,1
23,824824,Salaried,1,245991,180,Average,783924,0.9504125117449156,1,185541,2,0,Personal,1
62,688011,Salaried,35,1340689,12,Good,76298,0.11089632157578647,1,583526,1,1,Personal,0
46,630609,Business,20,1362867,12,Bad,229991,0.36471194557650527,0,300589,3,0,Education,0
42,750458,Self-Employed,17,263482,60,Good,641404,0.8546822677854486,0,824187,5,0,Car,0
28,719649,Self-Employed,0,478910,12,Average,124232,0.17262836100882373,1,81171,0,0,Home,0
39,2369476,Business,10,712222,36,Good,241535,0.1019359968465615,1,1380679,2,1,Home,0
43,903258,Salaried,7,1270575,12,Good,755737,0.83667807350937,1,1005594,5,0,Home,1
39,1997887,Self-Employed,17,646649,36,Average,240028,0.12014086875740783,1,1388710,3,1,Business,0
61,160736,Self-Employed,18,259124,36,Bad,178130,1.1082078177395374,1,630368,1,0,Car,1
52,796935,Salaried,4,1076153,180,Good,432859,0.5431540299346497,0,401072,1,0,Personal,0
25,2215637,Salaried,4,1601771,12,Good,338592,0.15281918797204236,0,956010,0,1,Home,0
63,785329,Self-Employed,29,508521,36,Good,429199,0.5465205709701654,1,170534,0,0,Car,0
46,539503,Salaried,0,1345088,36,Average,764325,1.4167179483377323,1,1082736,5,1,Education,1
58,1779537,Self-Employed,26,317688,120,Good,771143,0.4333388778435751,1,406491,1,0,Home,0
37,416694,Salaried,5,830237,12,Average,277749,0.6665522744453377,1,496389,1,0,Education,1
59,1506123,Business,34,1626845,120,Good,381382,0.25322085034167174,1,95335,1,1,Personal,0
45,211656,Self-Employed,14,216963,120,Average,353153,1.6685155700024095,0,433048,4,1,Home,1
54,2099442,Business,33,1037938,60,Good,783077,0.37299274140807825,1,936066,1,0,Education,0
26,1654710,Business,0,284898,180,Average,461122,0.27867222735571345,0,675025,0,0,Business,0
32,1568586,Self-Employed,8,1236397,12,Average,570819,0.36390649673878467,0,807040,2,1,Personal,0
48,1157886,Business,17,1595739,180,Bad,57676,0.04981142373996772,1,1496193,4,1,Car,1
36,571989,Self-Employed,3,1717210,120,Good,665078,1.1627441039179007,0,1044281,5,1,Personal,0
49,2264751,Salaried,21,290270,12,Bad,45406,0.020048994326972665,1,1116136,2,1,Education,1
36,2210825,Self-Employed,0,1243151,180,Average,54943,0.024851797472980688,0,1124415,2,0,Home,0
22,1418071,Self-Employed,0,1848977,12,Bad,321701,0.2268580156719828,1,982558,2,1,Education,1
60,652249,Salaried,28,955721,60,Bad,189773,0.29095132234572635,1,1388287,0,0,Business,1
21,2316916,Business,0,1220933,120,Bad,342873,0.14798674272751247,0,421777,0,0,Car,0
58,979734,Self-Employed,20,1717832,36,Average,160576,0.16389738041409158,0,610682,5,1,Car,0
64,2176547,Business,27,356604,24,Bad,199294,0.09156425679562316,0,930170,1,1,Car,0
23,1578251,Self-Employed,2,1317403,60,Good,267201,0.16930186053938154,0,978167,5,1,Business,0
42,1990038,Self-Employed,4,427224,24,Bad,479498,0.24094904672722495,1,1184836,2,0,Education,1
47,2246832,Self-Employed,1,414446,12,Good,467616,0.20812227700056035,0,448934,5,1,Business,0
57,2002226,Business,27,1499915,180,Bad,663582,0.33142196164570753,0,810506,0,1,Education,0
22,943271,Business,0,963946,120,Good,592610,0.6282493278714941,1,842753,4,0,Home,1
41,941939,Business,12,1590436,36,Bad,387932,0.4118436418455528,0,1405971,4,0,Business,0
58,1578835,Business,24,1298641,120,Good,697976,0.44208264822945514,1,52127,1,1,Personal,0
26,981864,Self-Employed,0,1710226,60,Average,273120,0.2781645134514419,0,99122,4,1,Education,0
33,741458,Salaried,11,1581439,12,Average,217912,0.2938962235268572,0,1284427,5,1,Education,0
25,1276300,Salaried,0,1373957,120,Good,403923,0.31647941982338024,1,699495,5,1,Business,1
53,1727895,Salaried,19,1549643,12,Bad,317455,0.18372344168862015,0,505329,3,1,Education,0
32,208780,Salaried,9,894326,180,Bad,500653,2.397981617101173,0,276735,5,0,Car,1
44,1139051,Salaried,8,1464119,180,Average,112113,0.0984265863191496,0,1268182,1,0,Home,0
33,2371743,Business,1,1304179,120,Average,179006,0.07547441882429132,1,1023300,5,0,Business,0
36,2073097,Salaried,7,63265,60,Bad,398640,0.19229192252368194,1,1462417,3,1,Business,1
46,795899,Salaried,22,1320287,120,Bad,486626,0.6114160070360598,0,926719,1,0,Personal,1
38,731868,Self-Employed,13,1193886,12,Good,156080,0.21326220949377553,1,1359648,0,1,Education,0
41,802986,Business,16,1461257,36,Good,190861,0.23768877951946918,0,633619,5,1,Car,0
39,748151,Self-Employed,12,1297697,24,Bad,335510,0.4484516515360515,1,997821,5,0,Personal,1
53,2167463,Salaried,17,100248,180,Good,205728,0.0949164553598122,0,982716,5,1,Car,0
37,360346,Self-Employed,5,91954,60,Average,351863,0.976456027107205,1,664164,1,1,Car,1
40,1733507,Self-Employed,9,374809,180,Average,268116,0.15466672204570156,0,1326602,2,1,Car,0
36,484765,Business,14,94912,60,Bad,12879,0.026567457288671235,1,558086,2,0,Education,1
36,607947,Self-Employed,2,209472,12,Average,798385,1.3132455407370367,0,630698,3,1,Home,0
37,1421288,Self-Employed,5,1102631,12,Average,300314,0.21129692835165825,1,1042835,0,0,Personal,1
22,2054984,Salaried,1,710284,36,Good,48037,0.023375839726324038,1,92115,5,0,Car,0
59,602870,Salaried,0,1722389,36,Average,363308,0.6026297499796806,1,1272033,4,1,Personal,1
46,1728885,Salaried,6,558670,12,Good,117369,0.06788706716347984,0,744990,2,0,Education,0
51,2470876,Business,9,1927727,12,Average,227600,0.09211304326358617,1,704397,3,0,Business,1
44,1868076,Salaried,21,1700522,12,Average,165912,0.08881432617606233,0,1047738,3,0,Home,0
38,1287213,Business,17,667508,60,Bad,26393,0.020503972144491903,1,903675,2,0,Car,1
28,1833043,Business,5,842425,12,Average,93650,0.05108988109396174,0,904027,2,1,Business,0
63,1997950,Salaried,10,168558,12,Good,258480,0.1293725421694526,1,437743,3,0,Car,0
50,1246998,Self-Employed,18,1705179,12,Bad,29086,0.023324798175459644,0,125604,4,1,Personal,0
63,1559641,Self-Employed,1,1938339,24,Good,160014,0.10259662153237731,1,714995,3,1,Car,1
42,412441,Self-Employed,18,333466,24,Good,560027,1.3578321315481934,1,1451511,1,0,Home,1
28,761462,Business,5,279937,12,Good,544653,0.7152717860224331,0,301173,1,0,Business,0
55,1898568,Self-Employed,34,390362,24,Average,779966,0.4108178317459097,1,1207147,3,1,Car,0
23,2345844,Self-Employed,2,1800093,36,Good,390555,0.16648798194254097,1,1220682,0,1,Car,0
41,2315337,Self-Employed,10,108382,12,Bad,300242,0.12967523532201347,0,528943,5,0,Home,0
41,2220923,Self-Employed,19,1743675,24,Good,320580,0.14434532653976453,0,1156355,3,0,Business,0
34,898760,Self-Employed,8,1086658,120,Average,480674,0.5348184890087576,1,1126500,4,0,Personal,1
38,513056,Salaried,7,1565762,60,Average,183024,0.35673229290312775,0,1331711,0,1,Home,0
63,1667358,Salaried,33,1362261,180,Average,653525,0.39195218306315555,1,1051341,2,1,Education,1
32,1794251,Self-Employed,1,1771742,120,Bad,789404,0.43996272541426734,1,673616,5,0,Education,1
48,2256491,Business,16,354543,12,Bad,407922,0.1807770645763424,1,518993,4,1,Business,1
44,2349537,Self-Employed,7,1042206,36,Good,141002,0.06001264929530827,1,3285,5,0,Education,0
44,1316352,Business,17,1754491,24,Average,545611,0.41448684357463383,1,1381688,2,0,Education,1
48,785979,Salaried,6,834278,60,Average,507553,0.6457581617852871,0,976778,5,0,Personal,0
62,1375802,Salaried,17,581661,120,Bad,690641,0.501991200775111,1,622215,1,1,Business,1
28,1684547,Salaried,2,129971,24,Bad,579844,0.3442134032393259,0,1475552,0,0,Home,0
54,517597,Business,7,1511350,36,Good,292926,0.5659334077797827,0,1315502,1,0,Home,0
57,1319110,Business,27,1284854,60,Bad,97469,0.0738899152535306,0,1444315,5,1,Car,0
58,518825,Self-Employed,17,1935547,12,Bad,437359,0.8429781853646502,1,1071512,5,1,Home,1
48,350596,Business,2,849595,120,Bad,782046,2.230612355496482,0,1225705,1,0,Personal,1
40,1553482,Salaried,7,575122,24,Good,294358,0.18948260135450468,0,1303446,4,0,Personal,0
27,646701,Salaried,1,826041,120,Good,133177,0.20593256244761884,1,1247752,2,0,Personal,1
38,1226984,Self-Employed,15,166908,60,Average,245993,0.20048574350949686,0,1278744,3,0,Education,0
34,971563,Self-Employed,8,1900770,60,Average,117798,0.12124574397569281,1,641142,2,0,Education,1
60,1714441,Business,3,360258,36,Average,482450,0.2814035120464851,0,516379,4,0,Car,0
34,165807,Salaried,9,1485986,120,Bad,660501,3.983529142140307,1,628580,0,0,Education,1
38,429963,Salaried,5,946618,180,Bad,547578,1.273543831576597,1,1423271,3,1,Education,1
49,2053690,Business,1,693784,120,Bad,503150,0.24499790864351065,0,843521,4,1,Car,0
53,317345,Self-Employed,7,1317556,12,Bad,474869,1.496376195067844,1,1325499,0,0,Home,1
26,928062,Self-Employed,4,717538,180,Good,413151,0.4451755969152956,0,981226,3,0,Car,0
53,571069,Salaried,31,253460,36,Good,277255,0.48550090181588945,0,1211960,1,1,Education,0
54,1025352,Salaried,22,1229042,36,Average,329457,0.32131080710740595,1,181446,4,1,Home,1
40,531377,Salaried,2,431691,12,Average,762557,1.4350556477686318,1,1073078,5,1,Personal,1
44,702933,Business,10,371199,60,Bad,119815,0.1704498573123508,1,926502,2,0,Education,1
55,2398701,Business,7,1150597,60,Good,29092,0.012128226015570088,0,918746,3,1,Education,0
60,2289934,Self-Employed,16,1462782,36,Bad,313651,0.13696938996085042,1,207580,0,0,Personal,1
53,667952,Salaried,28,1873948,12,Good,164244,0.24589155224993375,1,476857,4,1,Home,0
25,131017,Salaried,2,1044424,180,Average,554636,4.233280923231923,0,1458240,3,1,Business,1
28,2479664,Salaried,0,85010,60,Average,560139,0.22589301377403803,0,778928,0,1,Education,0
45,1771722,Business,21,775155,120,Bad,691750,0.3904391374949696,1,534580,1,0,Education,1
34,1270311,Salaried,0,1070021,12,Good,80771,0.06358359206242246,0,631581,3,1,Car,0
55,741747,Salaried,30,797365,180,Average,232682,0.31369413871018187,1,428886,3,0,Education,1
36,287558,Self-Employed,5,346412,12,Good,107338,0.37327296311365665,0,474551,0,0,Personal,0
49,1463679,Salaried,26,227254,24,Good,598411,0.4088400470048098,1,1498118,2,1,Car,0
59,2244349,Self-Employed,25,158775,60,Good,685388,0.3053837413950587,1,1159606,3,1,Personal,0
45,165712,Self-Employed,1,383964,36,Good,125342,0.7563800063966013,1,336497,3,1,Car,1
47,1350478,Salaried,7,1344798,36,Bad,214560,0.1588769614336839,0,535827,1,1,Business,0
32,1052196,Business,8,1374054,120,Average,794335,0.7549299228186357,0,421743,5,0,Car,0
47,1750872,Self-Employed,12,1460038,180,Average,419924,0.23983692706438445,1,67300,1,1,Personal,1
63,2255896,Self-Employed,34,660278,24,Bad,369061,0.1635983380446891,0,234975,2,0,Car,0
59,2138852,Business,21,1130701,36,Bad,229767,0.10742533498094539,1,392144,3,0,Education,1
47,298157,Self-Employed,16,1803897,60,Bad,343243,1.151211773623381,0,253807,5,1,Business,1
47,1961903,Salaried,7,794854,24,Bad,198139,0.10099321883231799,0,71017,4,0,Business,0
49,377137,Business,19,1154399,24,Bad,771279,2.045084292752255,0,1067383,5,0,Business,1
58,1708404,Business,28,1168824,24,Bad,252515,0.14780745783347626,1,1159070,3,1,Home,1
32,403126,Self-Employed,0,596894,24,Average,782920,1.9421174964713352,0,772783,3,1,Car,1
52,1739800,Business,6,976097,24,Average,561669,0.3228351978186011,1,383609,3,0,Car,0
63,1873313,Business,37,1434439,180,Good,151733,0.08099709925831974,0,705853,4,0,Home,0
38,2384719,Business,7,1020584,60,Good,58453,0.02451147304505351,1,819593,0,1,Home,0
32,1571508,Business,11,869781,12,Good,571386,0.3635906634960411,0,1419155,4,0,Personal,0
43,2199368,Self-Employed,15,1859845,12,Average,269357,0.12247012665905539,0,1173269,2,1,Business,0
40,1236850,Salaried,13,316278,36,Average,563889,0.4559069766689763,1,277834,5,0,Business,1
60,1510752,Salaried,30,387530,180,Average,748597,0.49551250270560443,0,1184801,1,0,Personal,0
27,748758,Salaried,5,138887,180,Average,343686,0.4590075044173092,1,835544,4,0,Personal,1
23,406629,Salaried,1,1990592,180,Average,394283,0.969635786833239,1,807039,3,1,Personal,1
50,2474960,Business,26,1866418,120,Good,758271,0.306376948970105,0,790417,4,1,Education,0
64,822682,Salaried,35,1034766,36,Average,712585,0.8661720249476408,0,252773,5,0,Car,0
61,509821,Self-Employed,33,1554227,36,Good,180580,0.3542020548348247,1,172903,5,1,Business,0
32,222951,Business,2,355745,180,Average,731316,3.2801499874412428,1,72178,2,1,Education,1
26,468943,Business,1,970243,36,Bad,275375,0.5872236343785185,1,1305258,0,1,Education,1
32,1702828,Business,9,1848982,60,Good,738157,0.433488623931117,0,12336,3,0,Personal,0
41,968182,Business,6,478670,12,Average,622825,0.6432926419902023,1,849104,4,1,Car,1
50,1252870,Business,0,1476297,36,Average,184087,0.14693212629233177,0,874506,0,1,Home,0
32,963810,Self-Employed,3,249899,60,Average,428472,0.4445601886676952,0,207500,2,0,Business,0
62,1482148,Salaried,38,480423,120,Good,574543,0.38764186326745825,1,367968,3,0,Education,0
54,1211014,Self-Employed,10,815598,24,Bad,785372,0.6485237589955534,0,794301,4,1,Car,0
51,1980966,Self-Employed,14,1850266,120,Good,681505,0.34402642749727785,1,337766,3,1,Business,0
31,201948,Self-Employed,1,1386316,180,Average,600079,2.9714383334406214,1,1089100,4,1,Home,1
37,1315412,Self-Employed,11,530891,12,Average,167442,0.1272923408845739,0,568933,4,0,Car,0
57,901608,Business,10,1818407,36,Bad,765893,0.8494735522826413,0,1327676,1,1,Education,1
27,2196664,Self-Employed,6,1299234,60,Average,540997,0.24628106698108268,0,736618,4,1,Personal,0
63,2386898,Business,3,150025,180,Bad,410949,0.17216857520992718,1,1199728,0,0,Personal,1
57,2079484,Self-Employed,27,896278,12,Average,65480,0.03148856567852137,0,767128,0,0,Education,0
21,2040773,Business,0,1740129,60,Good,737371,0.3613192837619452,0,1167498,0,0,Business,0
21,1608204,Salaried,0,1404596,60,Bad,729024,0.45331534226047054,0,836659,2,1,Personal,1
38,2290856,Business,13,288366,36,Good,324058,0.14145710535402253,0,1112464,5,1,Personal,0
49,188515,Business,4,319209,180,Bad,693044,3.6763139468267947,1,1213013,4,1,Car,1
45,308929,Self-Employed,22,920229,24,Average,241540,0.7818599682776033,1,1017507,5,1,Car,1
41,2463628,Salaried,4,1463110,60,Good,359000,0.14571999274241373,1,425910,3,1,Home,0
53,1773005,Business,16,1090532,60,Good,689197,0.38871667664971243,1,1119375,5,1,Car,0
36,2000695,Salaried,3,1135852,180,Average,558811,0.27930830071135243,0,1245703,2,1,Education,0
45,130514,Business,0,57233,60,Good,263246,2.0169788913151745,0,1114709,3,0,Home,0
30,1016977,Self-Employed,5,683389,36,Bad,399472,0.392802990821827,1,1157260,0,1,Business,1
25,2158170,Salaried,0,1534159,60,Average,638103,0.2956684155240711,1,1269570,2,0,Car,1
50,1470093,Self-Employed,11,243691,24,Good,278187,0.18923075667270256,1,1487324,2,1,Car,0
37,401383,Self-Employed,16,1757348,60,Average,548694,1.3670051621389991,1,1312595,2,1,Home,1
54,2426249,Self-Employed,9,732346,24,Average,200919,0.08281051004636786,1,834507,2,1,Education,0
43,1939833,Salaried,12,943061,120,Good,174469,0.08994017013826956,0,647601,5,1,Home,0
61,2056983,Self-Employed,24,810956,12,Good,408654,0.19866659147567506,1,1006425,2,0,Home,0
44,491557,Business,5,950341,36,Average,799458,1.626375727787972,1,1287273,0,0,Education,1
56,1040267,Salaried,10,1948763,60,Average,560113,0.5384314426666974,1,1327654,2,0,Business,1
56,2259934,Business,32,497628,12,Bad,60561,0.0267976733844115,1,470440,1,0,Car,1
44,1660808,Salaried,22,106572,120,Average,405257,0.24401180388593752,1,416443,1,1,Education,0
58,857550,Business,2,1848954,180,Average,782533,0.9125206547482307,1,929090,2,0,Car,1
35,1772332,Self-Employed,3,1189291,120,Good,70793,0.03994339664160178,1,439717,0,1,Personal,0
27,2361105,Salaried,3,274872,120,Good,467543,0.1980186404168216,1,893441,3,1,Personal,0
54,1045337,Business,6,1145589,12,Average,641629,0.6138005123701616,1,914217,4,0,Education,1
31,751872,Business,1,539847,24,Good,35282,0.04692547810600992,1,167809,4,0,Personal,1
40,406268,Salaried,3,146651,36,Bad,246549,0.6068614637100049,1,85395,1,0,Personal,1
21,1989085,Self-Employed,0,1491149,36,Average,721760,0.3628601277169514,1,365837,3,0,Home,1
25,308726,Business,4,264223,180,Good,117399,0.38026800377032133,0,515609,1,1,Car,0
36,1349221,Self-Employed,13,1227920,24,Bad,142832,0.10586248964217898,1,623538,2,1,Personal,1
63,1858268,Self-Employed,36,1234592,12,Average,48825,0.026274452191797852,1,13877,1,0,Education,0
48,481756,Self-Employed,10,1213650,36,Good,517257,1.0736886023451657,0,396474,1,1,Car,0
34,1075083,Business,9,852207,36,Good,469791,0.4369807382492903,0,689567,1,0,Education,0
21,382199,Salaried,0,823372,36,Good,88697,0.23206959706959707,1,688233,1,0,Home,1
37,2033207,Business,6,83734,60,Average,213299,0.1049076139775173,1,673882,0,0,Business,0
42,1673185,Self-Employed,13,446848,120,Bad,620160,0.37064618040074443,0,1006152,3,1,Education,0
39,1551907,Salaried,7,1639804,60,Average,679363,0.43775984143389945,1,652168,0,0,Business,1
42,2266449,Salaried,11,394937,180,Good,409898,0.18085464051710826,1,292552,5,0,Education,0
39,1315055,Salaried,14,1191766,36,Average,412111,0.3133790500176418,0,776644,0,0,Car,0
57,906918,Salaried,18,600901,180,Good,768164,0.8470039772019331,1,3196,0,0,Business,1
46,2055573,Self-Employed,7,1533708,120,Good,532860,0.25922686315355226,0,506528,1,1,Car,0
50,2135470,Self-Employed,19,908811,12,Bad,116074,0.05435522186908649,0,567497,3,1,Car,0
57,1901336,Self-Employed,12,1820897,120,Bad,453372,0.23844904927427385,0,1425402,1,1,Home,0
53,2334904,Self-Employed,9,1869456,24,Average,539689,0.23113959668594652,0,1264008,3,1,Business,0
35,1502212,Self-Employed,8,1829193,36,Good,76693,0.05105334596358838,0,1083711,0,1,Education,0
43,2353414,Self-Employed,22,54331,36,Bad,517400,0.21985072755973767,1,1231834,0,1,Home,1
26,332854,Salaried,1,839694,24,Bad,504840,1.5166964594192667,0,968763,4,1,Personal,1
53,1253243,Self-Employed,5,254580,12,Average,130334,0.1039973061909732,0,363581,4,0,Personal,0
34,1753012,Self-Employed,7,608745,12,Good,566819,0.32333987255085955,0,204335,4,0,Personal,0
48,314243,Self-Employed,15,823589,24,Average,570059,1.8140648667914105,0,617423,2,1,Car,1
60,2123369,Salaried,36,1300844,60,Average,95057,0.04476704483910011,1,1086985,1,1,Business,0
59,2366609,Self-Employed,0,373860,180,Average,26382,0.011147590857809272,1,76675,3,1,Home,0
40,201238,Self-Employed,8,1324401,12,Average,694651,3.451870661253534,1,274541,0,0,Education,1
54,706470,Business,9,1257989,12,Good,177216,0.25084681466047437,0,454988,0,0,Business,0
25,243662,Salaried,0,1197419,36,Good,797406,3.2725772891247336,1,636438,4,0,Home,1
63,2052656,Self-Employed,33,975581,180,Bad,765723,0.3730399185056247,0,649001,2,0,Education,0
51,1051310,Self-Employed,8,259417,12,Good,211463,0.20114219293815055,0,893844,4,1,Personal,0
25,782213,Self-Employed,0,144154,120,Good,576531,0.7370502189937792,0,410568,1,0,Education,0
57,234560,Self-Employed,3,1399987,24,Bad,562229,2.3969415205426308,0,869241,0,0,Education,1
23,1614475,Business,1,50801,36,Bad,630826,0.390731110279744,0,898633,5,0,Business,0
42,1946629,Business,17,348113,60,Average,475485,0.24426059394954358,0,91679,1,0,Education,0
36,1459083,Self-Employed,0,977476,180,Bad,557639,0.382184301931897,1,612236,4,0,Home,1
64,2494151,Self-Employed,9,1360253,24,Bad,177476,0.07115685010376273,1,1199217,2,1,Business,1
58,2373962,Salaried,19,715491,36,Good,185169,0.07799995197903253,0,265033,1,0,Education,0
46,1253768,Salaried,13,1185730,180,Good,208542,0.1663320755258744,1,1156649,3,1,Education,0
26,2036749,Business,3,892329,36,Bad,145006,0.07119479563029336,0,1451887,0,1,Home,0
39,294588,Salaried,18,1588800,60,Good,296773,1.0074137187742924,0,1488702,4,0,Business,1
31,664719,Business,8,1798071,24,Bad,431231,0.6487408232037549,0,755398,1,1,Car,1
42,601438,Business,9,624120,36,Good,608278,1.0113710617369343,1,1258542,4,0,Car,1
45,1424140,Salaried,2,1172984,24,Average,648140,0.4551094308779819,0,1053498,0,0,Education,0
22,1319029,Self-Employed,1,367817,60,Bad,22948,0.017397633109178714,1,616552,0,0,Car,1
61,1826422,Salaried,3,715442,36,Good,346249,0.1895776608157037,1,7086,2,0,Education,0
34,921680,Business,2,992529,12,Bad,763210,0.8280630717135321,0,572668,0,1,Education,1
23,2206172,Salaried,1,1882979,36,Bad,96494,0.043738183723579245,0,115981,1,1,Car,1
51,408569,Salaried,7,1073657,12,Average,110777,0.27113346550162765,0,1010815,1,1,Education,0
50,737752,Salaried,28,1565538,24,Bad,254174,0.3445245224350155,0,655362,2,0,Education,0
64,2312848,Self-Employed,35,720608,36,Good,595597,0.2575165953332881,0,969224,5,0,Home,0
50,356436,Self-Employed,11,1401332,24,Good,481247,1.350160056335341,0,1058067,2,1,Education,1
31,882803,Self-Employed,7,1990483,60,Average,487335,0.5520308018540921,0,1033061,5,0,Business,0
64,1381402,Business,20,1828099,120,Average,694779,0.502951709240533,0,1366851,2,1,Education,0
33,1843907,Self-Employed,11,279192,60,Good,311372,0.1688652579195925,1,1303343,1,1,Car,0
58,1643163,Business,18,1063847,180,Average,489170,0.29770004698252883,0,314444,4,0,Car,0
48,1636925,Business,21,1958281,12,Bad,368781,0.22528874243551633,0,672636,3,0,Personal,0
35,1533664,Self-Employed,0,1764327,24,Good,122013,0.07955648723808655,1,181693,4,1,Home,1
36,723359,Business,10,1483331,24,Bad,70658,0.0976802698518027,1,267531,3,1,Car,1
36,2451636,Business,0,476941,12,Bad,728042,0.2969615811802481,0,655920,2,1,Education,0
53,1055709,Business,11,137566,120,Good,283473,0.26851408057136905,1,1283326,3,0,Car,0
43,2205469,Business,0,1475196,12,Good,297789,0.1350229202845652,0,1136078,3,1,Personal,0
62,653037,Salaried,37,263933,24,Bad,53175,0.08142711450175946,1,1001720,5,0,Car,1
64,2267914,Self-Employed,28,638510,60,Average,427709,0.18859128318301172,1,1237976,3,0,Education,0
44,1870866,Self-Employed,1,1730021,120,Average,753696,0.40285920912603623,1,1081159,0,1,Education,1
29,2155030,Salaried,4,1118086,36,Average,12120,0.005624049027600995,1,624135,5,0,Personal,0
35,671616,Self-Employed,5,174034,180,Good,545893,0.8128040237218533,1,1224461,3,1,Education,0
38,954030,Salaried,8,304289,24,Good,692272,0.7256284124939336,0,169446,0,0,Business,0
47,1053432,Salaried,26,1752858,180,Bad,217220,0.2062020081011322,1,716358,2,0,Education,1
49,1861070,Salaried,2,1936318,120,Good,143435,0.07707121329599999,0,478365,3,0,Home,0
57,2194242,Business,8,1088457,180,Bad,69672,0.03175218059257794,1,928665,1,1,Home,1
43,1654230,Salaried,20,1306847,180,Bad,595976,0.36027374653237665,1,851980,3,0,Education,1
47,1782656,Self-Employed,17,563214,24,Bad,470066,0.26368841566268775,0,781704,4,0,Education,0
60,2036726,Self-Employed,14,178938,36,Good,146731,0.07204254669378861,0,796867,0,1,Education,0
44,975656,Business,9,575667,60,Good,364691,0.37379017421081384,0,1469416,4,1,Personal,0
64,758922,Business,11,1418465,120,Bad,628203,0.8277559119963421,0,405732,3,1,Business,1
45,1305560,Self-Employed,10,268431,12,Average,712392,0.545659681929837,1,946301,1,0,Personal,1
45,245555,Self-Employed,16,1621853,180,Good,468224,1.9067911189301014,1,1033424,0,1,Business,1
28,1525764,Salaried,4,1910200,120,Average,785890,0.5150793208652709,1,1430024,5,1,Car,1
50,732495,Business,0,248017,12,Bad,598029,0.8164263013040344,0,1064941,0,1,Car,1
46,791064,Business,15,210974,24,Bad,232366,0.29373818839159865,0,1442987,5,0,Personal,0
49,786775,Business,14,1644550,24,Average,732558,0.9310883911049651,1,507730,1,0,Education,1
22,2464218,Business,1,1363122,12,Average,63190,0.025643013060121685,1,1294832,3,1,Home,0
43,659203,Business,13,950542,24,Bad,65908,0.09998118943453013,1,1175913,4,0,Car,1
21,1255166,Self-Employed,0,898607,12,Good,641760,0.5112945130010588,1,294768,1,0,Home,1
37,1020198,Business,14,493148,60,Average,230395,0.22583339132855454,1,1354945,3,0,Business,0
39,1338284,Self-Employed,10,1858570,60,Bad,178901,0.1336792985051764,0,1188878,1,0,Home,0
61,2068058,Salaried,8,1648515,24,Good,622207,0.30086520742396616,0,1350683,0,1,Business,0
37,985630,Self-Employed,11,180697,60,Good,179428,0.1820437871779601,0,526077,4,0,Personal,0
38,1429989,Salaried,6,481856,120,Good,568423,0.39750138112853933,0,1085643,4,0,Personal,0
34,290923,Business,6,567961,12,Good,207925,0.7147055588401094,0,1035598,1,1,Car,1
61,1650523,Salaried,29,611700,60,Good,309878,0.18774522515273936,0,502850,1,0,Education,0
63,1190804,Self-Employed,36,1634183,180,Good,6475,0.005437498163007377,0,752451,0,0,Business,0
59,935977,Salaried,27,1066254,120,Good,753772,0.8053308945295723,0,724135,3,1,Education,0
42,1846681,Salaried,0,686431,12,Average,289776,0.15691710863050595,1,799288,5,0,Home,0
63,1760913,Business,6,1851817,180,Average,734791,0.41727818621465895,1,1253405,5,0,Home,1
62,906796,Self-Employed,8,1047150,180,Average,464710,0.51247412596204,1,1318156,1,0,Business,1
23,1231871,Self-Employed,2,771075,60,Bad,69409,0.05634432798212801,0,1000610,5,0,Personal,0
41,2404319,Salaried,19,1578914,60,Average,4507,0.0018745424901843348,0,1092564,5,1,Personal,0
54,1560334,Salaried,13,1023458,24,Good,57450,0.03681901642916425,0,397693,5,1,Education,0
29,1824801,Salaried,5,1288553,60,Bad,169169,0.09270540036672471,0,1344091,4,1,Education,0
29,1014586,Self-Employed,4,1651207,36,Average,5829,0.005745194842827673,0,897883,1,0,Business,0
44,2129386,Salaried,11,370562,24,Average,746258,0.3504567276873579,1,524436,2,1,Personal,0
39,1673687,Self-Employed,12,1159229,60,Bad,747895,0.4468544913986358,0,192593,3,1,Car,0
56,2116777,Self-Employed,28,1022048,180,Average,9795,0.004627315665601211,0,1283644,2,1,Home,0
49,747395,Business,9,1546030,36,Bad,751938,1.006077099690124,0,1215598,1,0,Business,1
45,2111367,Salaried,2,1166698,180,Good,330328,0.15645212014201218,0,433297,5,0,Education,0
21,979375,Salaried,0,1050294,36,Average,605058,0.6177994968224666,1,1101302,3,1,Business,1
61,2405362,Self-Employed,14,1403223,12,Good,177265,0.07369573740013462,1,847790,1,1,Car,0
59,1427981,Self-Employed,18,1443526,180,Good,579294,0.40567318075437925,0,248018,3,1,Business,0
59,1245847,Self-Employed,33,1588040,12,Good,390166,0.31317303555489917,0,515631,4,1,Home,0
60,1775464,Self-Employed,35,1414170,180,Average,441144,0.2484667396991774,1,384784,3,0,Business,1
27,743578,Self-Employed,6,1230408,12,Bad,24142,0.03246729668266586,1,372333,4,0,Business,1
31,2348588,Self-Employed,9,331941,60,Average,237403,0.10108324615332866,0,308444,0,0,Education,0
62,723760,Salaried,17,311674,180,Bad,141519,0.19553277946725509,1,46940,3,1,Car,1
30,1176504,Salaried,2,396997,36,Average,638902,0.5430508157636389,1,117517,1,0,Home,1
45,2074702,Business,1,444775,24,Bad,50893,0.02453025806585328,1,1325887,3,1,Car,1
44,1547098,Self-Employed,4,849717,12,Good,404189,0.26125606700023724,1,385114,1,0,Business,0
21,911043,Salaried,0,1632236,180,Average,155384,0.17055597753785767,0,1193728,2,0,Personal,0
42,2238026,Business,9,1827850,24,Good,394813,0.17641118717513238,0,535888,3,1,Education,0
46,859860,Self-Employed,12,155736,120,Average,412106,0.4792704867414617,1,455040,5,0,Car,1
26,1844620,Salaried,5,1025415,24,Bad,635861,0.3447109189367355,0,275236,2,0,Education,0
34,1521471,Business,9,1766548,120,Average,758201,0.49833385037647754,0,209699,1,1,Education,0
27,2007145,Self-Employed,1,87361,180,Bad,317499,0.15818430746941178,1,360704,0,1,Home,1
53,120037,Self-Employed,24,1570025,180,Good,303564,2.5288991819257234,0,621531,0,0,Business,1
57,823645,Salaried,7,574720,120,Good,785838,0.9540967842981086,1,593975,0,1,Home,0
32,2402373,Salaried,8,1286416,24,Good,453400,0.18872998126020346,1,852224,1,1,Personal,0
62,1344322,Salaried,18,750731,12,Average,753642,0.5606108055876452,0,971777,0,1,Home,0
37,1369699,Salaried,16,256384,180,Average,250699,0.18303205081404686,0,873915,3,1,Car,0
23,264938,Salaried,0,213377,36,Average,213968,0.807612318307233,1,388388,5,0,Education,1
62,1098190,Salaried,32,300703,180,Good,415882,0.37869733042794923,0,1196278,3,0,Business,0
58,2422743,Self-Employed,15,573869,36,Average,209633,0.08652709489735605,1,797783,0,0,Education,0
42,747915,Salaried,16,1226957,120,Good,766552,1.0249172366950299,1,1406427,4,0,Education,1
35,1965786,Self-Employed,5,949145,60,Good,488121,0.24830818394871876,1,36382,2,1,Business,0
32,1191917,Salaried,8,1753930,24,Average,200940,0.16858542282271097,1,405218,4,1,Car,1
41,1755407,Salaried,6,533075,180,Bad,786166,0.4478537183378451,0,512472,2,1,Business,0
40,2284533,Self-Employed,16,1635644,60,Bad,48458,0.021211327999495738,0,842653,2,1,Car,0
61,1956517,Salaried,21,1078212,24,Average,427562,0.21853210652802582,1,903282,2,0,Business,0
57,1200109,Self-Employed,34,914899,120,Average,263503,0.2195657064769063,1,119119,4,1,Education,1
46,451922,Salaried,25,1344416,60,Good,712345,1.5762530342558356,0,1411733,1,0,Home,0
48,2155115,Business,3,1929466,24,Good,663440,0.30784421813025376,0,1006247,5,0,Car,0
41,478332,Salaried,8,171292,12,Average,90570,0.18934507968298236,0,484540,2,1,Home,0
22,2080299,Salaried,1,1661178,180,Average,756349,0.3635768879488535,0,730281,4,1,Business,0
37,2364055,Business,2,1947459,12,Good,45708,0.0193345673706545,1,1413126,0,1,Car,0
39,1490092,Business,7,533157,12,Average,169809,0.11395865895618595,1,133692,1,1,Home,0
31,173024,Salaried,10,592112,60,Good,518534,2.9968732842074846,0,48926,4,0,Home,1
34,483114,Business,2,744096,60,Bad,61562,0.12742721712221727,1,1351129,5,1,Personal,1
63,854769,Salaried,16,847278,36,Bad,661259,0.7736104449150064,1,610326,5,0,Business,1
25,621994,Salaried,3,813043,24,Bad,366338,0.5889725801654354,0,921815,0,0,Home,1
37,1653017,Business,3,1766534,120,Average,344620,0.20847927850755407,1,1035211,0,0,Education,1
41,767122,Self-Employed,20,1811331,120,Bad,795818,1.0374059961701056,0,315315,2,0,Home,1
64,1202121,Business,39,85790,24,Bad,575300,0.47857039468539797,1,117827,1,1,Education,1
48,316211,Self-Employed,18,485892,60,Good,140547,0.44447079807217943,0,1258062,0,0,Education,0
64,384130,Business,9,737790,60,Good,762857,1.9859292793343937,1,1104055,1,1,Home,1
21,728546,Self-Employed,0,1337999,120,Bad,377332,0.5179240323548103,1,84153,2,0,Business,1
64,878272,Salaried,2,1925010,60,Good,57124,0.06504127987539182,1,311896,0,1,Personal,0
56,2073980,Business,28,491209,24,Bad,796505,0.38404643051214066,0,96496,5,1,Home,0
47,814934,Business,3,1928292,180,Bad,335076,0.41116898893776804,1,269482,4,0,Home,1
46,1388962,Self-Employed,5,54695,60,Good,732426,0.5273185822804495,1,1030120,4,0,Home,0
23,1876608,Salaried,0,799045,24,Average,68754,0.036637360259915625,1,872109,0,0,Home,0
42,507405,Business,16,1082120,120,Good,367482,0.7242366073716117,1,564365,3,0,Home,1
36,1460389,Business,0,1960155,36,Bad,659510,0.45159854559398516,0,681376,0,1,Personal,1
49,1076740,Self-Employed,5,1612270,36,Good,113694,0.1055908523962587,0,234456,5,0,Education,0
53,536460,Self-Employed,9,173351,180,Bad,301129,0.5613250543841957,0,1021480,4,1,Business,0
23,1696634,Salaried,1,103811,60,Bad,266145,0.15686638552193016,0,52635,2,1,Business,0
43,1521823,Business,12,1928752,12,Average,117729,0.07736045692537376,1,694519,4,0,Personal,1
23,1597310,Self-Employed,1,146748,24,Bad,763580,0.4780409075001675,1,1448598,5,0,Personal,1
38,1035767,Salaried,6,917424,36,Average,586864,0.5665979254041446,0,155260,3,0,Business,0
24,501856,Self-Employed,0,1718292,120,Average,663333,1.321756994522344,1,763361,1,1,Education,1
46,1168025,Self-Employed,0,1221744,120,Bad,612551,0.5244326753000361,0,59155,4,1,Home,1
46,518422,Self-Employed,17,1183629,36,Good,312094,0.602006469620368,1,378355,1,0,Car,1
32,1468416,Business,9,1068696,120,Good,626683,0.4267745470121907,0,1039474,1,0,Business,0
29,669391,Business,7,1880641,180,Good,469837,0.701886189258312,0,1360764,2,0,Personal,0
54,1900192,Self-Employed,23,1175832,36,Good,439948,0.2315280605706894,1,1115009,4,0,Personal,0
39,960597,Self-Employed,10,496880,12,Good,475551,0.4950572455907674,1,730559,4,0,Education,0
59,1982015,Salaried,19,403351,36,Bad,484137,0.24426493025283347,1,863204,0,0,Education,1
45,2125464,Business,0,829521,60,Good,233746,0.10997405273669526,0,411373,3,0,Home,0
62,1663912,Self-Employed,41,1755692,36,Good,231749,0.13927951761901014,0,1008507,0,0,Education,0
58,1881987,Self-Employed,29,1032099,36,Bad,340354,0.18084812443012388,1,1222742,2,0,Home,1
38,636031,Self-Employed,7,1861408,24,Bad,453028,0.7122723384986919,0,668640,2,1,Home,1
24,1253397,Business,3,294697,12,Bad,10207,0.008143462810695406,1,726487,5,1,Business,1
55,574623,Business,6,1774192,24,Bad,262070,0.4560721445675781,1,41340,3,0,Personal,1
31,1012743,Salaried,8,1463285,120,Bad,428373,0.4229825108813284,1,1330657,2,0,Business,1
40,1177975,Self-Employed,13,804208,36,Average,231615,0.19662115357188942,0,609981,3,1,Personal,0
47,2355004,Business,10,647839,12,Average,330810,0.14047103933961924,1,53010,4,0,Home,0
42,1442248,Business,8,230680,180,Average,399130,0.2767413948631616,0,1396728,4,0,Home,0
28,1848719,Business,1,1800652,12,Good,574586,0.3108020684581765,0,69835,5,1,Car,0
61,783478,Salaried,4,1352970,60,Average,319055,0.4072285281417881,1,990993,0,1,Education,1
38,1079296,Business,7,312530,120,Good,485369,0.44970846764143696,1,1340740,2,0,Car,0
38,1808241,Salaried,0,1678782,180,Good,484497,0.2679381410231595,0,1291132,0,1,Home,0
59,1853391,Business,15,144702,12,Average,105509,0.05692751452472008,1,355752,5,1,Car,0
63,678910,Business,24,1216495,120,Bad,696314,1.0256336986733166,1,69519,3,0,Personal,1
49,1080655,Self-Employed,11,1246688,12,Bad,44772,0.041430390429516885,1,122431,2,0,Home,1
45,278988,Self-Employed,7,564743,36,Good,39080,0.14007720734509246,1,106242,2,1,Car,1
53,1778069,Self-Employed,8,70968,12,Good,447185,0.25150022215098394,0,1282993,4,0,Personal,0
59,1510179,Self-Employed,16,1707057,180,Good,593453,0.3929683878742931,0,854082,4,1,Personal,0
34,866470,Self-Employed,13,203329,24,Average,100588,0.11608928631194812,1,1414076,2,1,Car,0
30,1681128,Self-Employed,1,1361414,12,Bad,15588,0.009272340195190257,0,717116,5,1,Car,1
37,650992,Salaried,8,1690371,36,Bad,47361,0.07275193435259672,1,845279,1,1,Personal,1
42,1776455,Business,0,1696032,36,Average,667403,0.37569351562887005,1,71939,4,1,Education,1
33,1964348,Salaried,8,858826,24,Good,360701,0.18362368397876344,1,1183750,4,0,Car,0
25,1659152,Salaried,0,1437781,180,Good,356440,0.21483250791216965,1,841618,4,0,Business,1
22,654820,Salaried,0,1039516,12,Bad,216351,0.3303971619725085,1,1377260,5,0,Home,1
28,2131562,Salaried,1,272071,24,Bad,660899,0.31005370237708196,0,1032345,1,1,Personal,0
51,1278496,Self-Employed,28,411732,12,Good,330828,0.2587632196242932,0,1278720,2,0,Education,0
23,2400163,Business,2,1550174,120,Bad,7399,0.003082706015088969,0,942621,1,0,Business,0
31,2057834,Business,0,966283,12,Good,373221,0.18136585294739374,0,1034023,0,1,Business,0
49,513545,Business,27,1105608,60,Good,703454,1.3697974475509496,0,1348754,2,0,Home,0
56,1684458,Business,14,1678128,120,Good,618408,0.36712558750316865,1,47850,2,1,Car,1
46,554895,Salaried,3,54576,180,Average,682067,1.2291798823563334,1,1410124,0,1,Education,1
25,1592077,Self-Employed,2,1511846,36,Good,279309,0.17543675623932997,0,14439,3,0,Home,0
59,1719826,Salaried,3,166189,36,Average,110290,0.0641285431616087,0,981598,0,0,Education,0
33,2444173,Business,6,1140875,12,Bad,741165,0.3032374127210256,0,31541,1,1,Home,0
51,249188,Salaried,22,526186,180,Average,219073,0.8791439429509328,1,480620,4,0,Education,1
33,1612273,Salaried,11,775010,180,Good,701696,0.4352213085368864,0,1122207,5,0,Car,0
49,429799,Self-Employed,5,1865599,24,Good,719542,1.6741321544904606,1,1100362,0,0,Business,1
63,604103,Salaried,21,105107,24,Bad,522058,0.8641856369102009,1,1293767,0,1,Business,1
46,380933,Salaried,20,332068,36,Average,373337,0.98005691274604,0,669242,2,1,Business,1
48,1864919,Salaried,15,1636987,120,Average,486884,0.26107500589837634,0,721975,1,1,Education,0
51,2052919,Self-Employed,18,101999,24,Average,280488,0.1366288019016815,0,201587,3,0,Education,0
22,2357225,Salaried,0,935155,180,Good,343288,0.14563219648858447,0,555656,3,0,Business,0
61,2490011,Self-Employed,37,633072,120,Good,391337,0.15716269640467595,1,1410364,5,0,Business,0
42,2031128,Salaried,17,989077,12,Good,640337,0.3152616106608689,0,653939,4,0,Personal,0
63,1971579,Business,6,861536,60,Good,8625,0.004374663975085972,1,1349919,5,1,Personal,0
33,1291758,Salaried,6,1131781,60,Average,109084,0.08444609249867815,0,29717,0,0,Education,0
49,1062639,Business,4,1041993,24,Bad,300706,0.28298012497176844,0,20169,2,0,Car,1
57,222537,Business,1,685589,60,Bad,270151,1.2139544706971395,1,901347,0,0,Education,1
64,1472507,Salaried,39,803158,36,Good,792214,0.5380031891167993,0,591058,5,1,Car,0
42,1399372,Business,20,1640016,24,Good,524154,0.3745634652090615,1,448402,4,1,Education,0
53,878019,Self-Employed,2,1585834,24,Good,345395,0.3933794218810506,1,1236968,2,1,Education,0
48,1537285,Salaried,5,1137288,120,Bad,781675,0.5084772774877284,1,236502,5,1,Car,1
53,142551,Self-Employed,4,143608,120,Average,559849,3.92733178068354,1,1182540,3,1,Business,1
25,2464804,Business,3,301227,120,Good,328477,0.13326693186682112,0,466961,3,1,Personal,0
47,1845282,Business,25,1913032,180,Good,750310,0.4066097178589951,1,1482610,3,0,Car,0
38,2344344,Salaried,4,997258,180,Bad,325499,0.13884432538726169,1,462176,4,0,Education,1
63,1837354,Self-Employed,31,531809,24,Bad,186256,0.10137180893186129,1,992934,1,0,Home,1
55,1342493,Business,11,1111410,180,Good,592138,0.44107310721686654,0,37180,3,0,Personal,0
24,1537240,Salaried,3,1225711,24,Bad,154195,0.1003063280253389,0,597726,3,1,Business,0
58,477054,Salaried,0,1931986,180,Average,379989,0.7965307983356217,1,731455,0,0,Car,1
34,189224,Salaried,13,1079922,12,Bad,234745,1.2405601796802748,1,54796,2,1,Home,1
63,2483319,Self-Employed,12,1266383,60,Bad,563506,0.22691638612824766,0,929717,1,1,Personal,0
27,971112,Self-Employed,5,1129593,60,Average,354182,0.3647175972312182,1,948494,3,0,Car,1
60,2425258,Salaried,36,996881,60,Bad,525679,0.2167516953859361,1,720566,4,1,Car,1
60,409258,Salaried,30,1668511,60,Good,475881,1.1627868904532337,0,566967,3,1,Car,0
26,2217951,Business,3,1586201,24,Average,531313,0.23955117153121439,1,538769,3,1,Home,1
29,528177,Salaried,7,564111,60,Average,51690,0.09786473499464196,1,577158,0,1,Personal,1
60,2150594,Self-Employed,16,1620497,36,Average,734158,0.3413743638388446,0,595053,4,1,Car,0
42,1566053,Self-Employed,10,358697,24,Good,265232,0.16936325311898567,0,525403,2,0,Education,0
51,192908,Business,21,1887986,120,Bad,371087,1.9236375700459802,0,9422,2,0,Car,1
38,962606,Self-Employed,4,1136319,36,Good,725821,0.7540159171915434,1,450415,0,1,Personal,1
61,148834,Salaried,34,628843,120,Good,85350,0.5734538247052104,0,14716,5,1,Car,1
29,1837780,Salaried,3,1114098,60,Average,498665,0.2713408180844181,1,1440352,2,1,Education,0
39,1007766,Business,12,605134,60,Bad,639218,0.6342914582438203,0,1335119,0,1,Business,0
43,243182,Self-Employed,15,1250362,24,Average,298021,1.2255009601822495,1,84106,2,1,Home,1
35,2145216,Self-Employed,6,1743696,180,Good,610864,0.28475627407390486,1,734303,0,1,Car,0
49,2184921,Business,22,777468,36,Average,92508,0.04233926886177172,1,1357555,5,0,Car,0
53,798283,Salaried,30,1029359,180,Good,372598,0.4667486759098266,0,622672,3,0,Car,0
23,1544241,Business,2,591428,24,Average,264814,0.1714847802352222,0,1347239,0,0,Car,0
40,2320717,Business,3,941588,36,Bad,689622,0.2971588965139237,1,185964,3,1,Business,1
35,1408220,Self-Employed,12,1992469,180,Average,732878,0.5204282566443761,1,1122767,1,0,Business,1
61,2483304,Self-Employed,16,312640,36,Average,361911,0.14573763593275896,1,1046251,4,1,Personal,0
50,1644205,Self-Employed,9,1218694,24,Bad,738706,0.44927825345485906,0,272028,1,0,Personal,0
56,2266962,Self-Employed,6,1627625,120,Good,782702,0.3452645676175571,0,16375,5,1,Business,0
23,1330213,Salaried,2,869407,60,Bad,682433,0.5130249719218111,0,200798,3,1,Car,0
27,2291641,Business,5,194867,12,Good,62999,0.027490768627909595,1,312051,3,0,Home,0
49,2188444,Self-Employed,28,1826025,12,Bad,105682,0.04829090975555703,1,345753,4,0,Home,1
47,1853341,Business,18,1880836,36,Good,71325,0.03848453226657573,1,376570,1,0,Business,0
63,1962556,Self-Employed,8,672068,12,Bad,262440,0.13372350459120422,0,1116521,4,1,Car,0
35,285301,Salaried,14,1152020,36,Good,297180,1.041633076529432,0,1308762,2,0,Home,1
28,802527,Self-Employed,3,1717391,180,Bad,83337,0.10384310578571714,1,1362188,4,1,Car,1
55,969333,Salaried,7,1093228,24,Average,83038,0.08566500298142848,1,1473437,5,0,Business,1
41,913354,Self-Employed,1,1274369,24,Average,450472,0.49320581811015435,0,776385,1,1,Education,1
23,2417167,Salaried,2,1126419,60,Average,664406,0.2748695994651592,0,1006840,1,0,Business,0
40,485208,Business,17,1215161,60,Good,554634,1.1430826715910052,0,219356,0,1,Personal,0
46,1795255,Business,24,1545318,60,Bad,143635,0.08000808798299518,0,177132,1,0,Education,0
44,889822,Business,1,275784,36,Good,14925,0.01677299867501739,1,1131760,4,1,Business,0
56,2416482,Self-Employed,7,344849,180,Average,174981,0.07241143430348983,0,219678,5,0,Business,0
30,1353387,Business,4,661561,120,Good,285385,0.21086709797929346,0,1469206,2,0,Home,0
52,1362057,Business,28,1427640,36,Good,446771,0.32801172930961825,1,118642,5,1,Personal,0
54,315428,Business,19,451468,24,Bad,95687,0.3033551131950455,0,290667,1,0,Business,1
62,1799832,Self-Employed,20,1492285,36,Bad,449410,0.24969538840547983,0,39767,5,0,Education,1
30,1302618,Salaried,6,1090016,180,Good,651712,0.5003089928828,0,900287,1,1,Home,0
46,836861,Self-Employed,4,64126,36,Good,635486,0.7593677332702405,0,341447,3,0,Education,0
39,1431775,Self-Employed,11,655502,12,Average,438092,0.305978030082918,1,747520,2,1,Car,0
26,588163,Business,4,820008,180,Bad,577621,0.9820747274569678,0,304603,3,0,Business,1
24,1889085,Self-Employed,2,1445450,36,Good,281620,0.14907738451293376,0,1379300,0,0,Education,0
22,1666288,Business,1,1737696,120,Bad,400723,0.24048829464756713,0,667478,1,1,Personal,1
31,1415129,Business,1,1464780,120,Good,659774,0.4662285443740151,0,1131606,0,1,Car,0
42,2148217,Self-Employed,1,1921739,120,Good,694025,0.3230700980999135,1,467726,1,1,Education,1
49,1282936,Self-Employed,22,639306,180,Good,397243,0.3096356251320213,1,136817,3,0,Personal,0
29,2062991,Self-Employed,3,405887,12,Bad,716896,0.3475030441223233,1,1060726,5,1,Car,1
30,1022479,Business,3,1988165,36,Good,542613,0.5306832407479853,0,199756,3,1,Home,0
49,2234821,Self-Employed,25,384154,12,Average,506199,0.22650528766944303,1,207836,2,1,Business,0
30,922491,Business,0,75395,120,Average,282346,0.3060687789162399,1,930777,1,0,Business,0
32,891469,Self-Employed,8,274839,12,Average,219882,0.24665103705116267,1,1291378,0,0,Education,0
56,647169,Self-Employed,25,1734724,24,Bad,458253,0.7080875195080119,0,166415,5,0,Business,1
63,2190569,Business,16,1366461,24,Good,147733,0.06744043787689961,1,815122,1,0,Home,0
59,1239816,Self-Employed,18,1438431,36,Bad,209304,0.16881846272474083,1,355734,4,1,Car,1
41,2336259,Business,12,470474,120,Average,92889,0.03975970140309726,1,88952,4,0,Education,0
56,1024498,Business,33,271576,120,Average,743681,0.7258972434331317,0,498149,4,0,Car,0
25,374084,Self-Employed,2,1129107,12,Good,14588,0.03899648475613831,1,143452,5,0,Car,1
47,1714575,Business,9,1782329,60,Bad,346418,0.2020429540597792,1,319753,5,0,Home,1
25,894597,Salaried,2,784647,60,Bad,29882,0.033402712726833726,1,578366,0,1,Personal,1
24,743226,Salaried,3,606831,180,Good,648567,0.8726364892556379,1,29362,3,0,Home,1
55,523273,Business,33,879347,120,Good,689517,1.3176978026808135,0,373519,2,1,Personal,0
39,963224,Salaried,16,1087904,12,Average,391342,0.4062830595136131,0,96950,2,0,Car,0
55,1703452,Salaried,0,546195,24,Average,302865,0.17779474984047108,0,692505,2,1,Business,0
26,317170,Salaried,2,1279140,180,Good,20951,0.0660558499988965,0,179992,0,1,Education,0
63,915740,Self-Employed,9,1062535,12,Bad,83211,0.09086739591216293,1,1469856,0,1,Personal,1
30,955358,Self-Employed,5,1648769,180,Bad,204580,0.21413939681313518,0,574673,5,0,Car,0
46,770101,Salaried,15,1814039,60,Average,248535,0.3227299760291494,0,137116,2,1,Car,0
52,887522,Salaried,0,1878881,36,Bad,345252,0.389006256739262,0,1283596,1,0,Business,1
57,2398745,Business,16,395535,60,Good,280064,0.11675433747466385,1,1304792,1,0,Home,0
59,1985993,Business,19,175702,12,Bad,73527,0.03702277046154218,1,1195087,4,0,Education,1
49,948667,Business,11,337120,180,Average,235311,0.2480435726724207,1,869075,1,1,Business,0
39,714670,Self-Employed,11,230116,60,Average,14633,0.020475155701014873,0,79164,1,1,Home,0
54,894508,Self-Employed,14,1278736,36,Good,204249,0.22833643932034223,0,205538,0,0,Car,0
62,2114837,Business,5,522243,120,Average,484046,0.228880888276076,1,1235799,4,0,Car,0
27,431416,Self-Employed,4,454060,120,Bad,592735,1.3739259231787342,1,729887,4,1,Car,1
25,944765,Business,3,1443749,180,Good,301841,0.3194875768179634,1,911952,1,0,Personal,0
44,707069,Salaried,21,1109214,60,Bad,217986,0.3082947940090797,0,1355044,4,0,Car,0
57,635518,Salaried,34,1935875,60,Good,335830,0.5284342403610277,1,305019,3,0,Home,1
50,708665,Salaried,19,628979,24,Good,457519,0.6456059695258415,0,311207,0,0,Home,0
28,1042996,Salaried,7,605645,120,Average,465054,0.44588239467611124,1,441913,3,0,Personal,0
51,2146091,Self-Employed,18,1240334,12,Bad,585894,0.27300507154399717,1,1329611,3,0,Home,1
57,836079,Salaried,6,1004227,36,Bad,249465,0.2983745574586164,1,224589,2,0,Home,1
27,415625,Salaried,4,683672,12,Average,252771,0.6081693638030344,1,58031,1,1,Car,1
39,2038135,Salaried,16,642520,24,Average,667372,0.32744232965807973,1,342368,1,1,Car,0
44,1984968,Salaried,6,137695,36,Bad,130066,0.06552545656884314,0,1187558,5,0,Home,0
31,1750969,Business,9,1302876,12,Average,290699,0.16602169083422333,1,596222,4,1,Education,1
30,1972947,Business,1,1582579,12,Bad,495707,0.2512519336546123,0,155223,4,0,Business,1
57,2038715,Self-Employed,11,541513,24,Average,80738,0.03960237718250114,0,335740,5,0,Car,0
22,1860584,Business,0,862902,24,Good,720489,0.3872378848587944,1,1056904,5,1,Education,0
42,166638,Business,4,1300251,12,Bad,113920,0.6836334831582043,0,410261,5,1,Home,1
39,2225039,Salaried,18,1072658,120,Average,24918,0.011198899795059863,1,821929,2,0,Business,0
38,1442649,Self-Employed,12,1725065,180,Bad,520337,0.3606813849513049,0,1017977,3,1,Car,0
43,2426648,Business,11,656782,120,Good,471386,0.19425388673846114,1,308710,0,1,Car,0
44,201991,Business,8,1388733,180,Average,52132,0.2580894292843281,0,255069,4,0,Education,0
39,796503,Business,11,172772,180,Average,229415,0.2880274298685255,0,976230,5,1,Business,0
26,1585741,Self-Employed,4,756412,120,Good,575657,0.363020592252712,0,704177,4,1,Home,0
24,2422535,Self-Employed,3,238874,120,Good,571920,0.23608317894966266,0,931697,4,0,Car,0
46,1359658,Salaried,15,1295099,12,Good,704172,0.5179033860695954,0,473818,1,0,Business,0
53,362718,Self-Employed,5,525243,120,Bad,682567,1.8818065775434978,0,369478,1,0,Personal,1
64,1790415,Self-Employed,42,712643,12,Average,618312,0.34534543927221384,1,262399,0,1,Car,0
32,1708351,Business,5,1642210,12,Average,270888,0.15856685273292623,0,417972,4,0,Home,0
26,2111226,Self-Employed,0,891464,12,Average,177175,0.08392039321209893,1,1201624,3,0,Car,0
36,1174853,Business,4,183332,180,Average,240515,0.20471905445272348,1,286885,0,1,Business,0
48,902733,Self-Employed,6,1367589,60,Average,486834,0.5392884282634752,1,349760,4,1,Car,1
51,1859549,Salaried,24,1682974,24,Average,219601,0.11809362480169934,1,733282,1,1,Personal,1
50,132938,Business,26,1044199,24,Bad,264418,1.9890175193133692,1,425031,2,0,Education,1
38,1059479,Self-Employed,11,388608,60,Average,545501,0.5148761656661759,1,1302619,5,1,Car,1
64,1124735,Self-Employed,12,1423464,60,Bad,673131,0.5984791097644248,1,821485,4,1,Education,1
26,1198290,Salaried,2,1470003,24,Good,270706,0.22591006692030566,0,317192,2,1,Personal,0
56,1801063,Self-Employed,28,402559,36,Bad,208574,0.11580599023688219,1,1262916,4,1,Personal,1
62,1744438,Business,25,1809245,180,Good,588518,0.33736805930158636,1,1303027,5,0,Personal,0
27,559844,Self-Employed,4,337249,180,Bad,514539,0.919074029418857,1,331301,2,0,Car,1
21,1517955,Salaried,0,820802,24,Average,264491,0.17424154586825968,1,750382,2,1,Personal,0
43,2410394,Self-Employed,19,174926,120,Average,81147,0.033665436577822304,1,1358855,2,0,Home,0
36,2047298,Business,15,270868,12,Bad,120787,0.05899822155923488,1,964237,3,1,Business,1
52,731781,Business,26,538633,120,Good,799203,1.0921326296629323,1,1174183,2,0,Home,1
25,287071,Self-Employed,0,505884,60,Average,462590,1.6114075911269647,1,1292298,4,1,Home,1
28,675943,Salaried,7,367399,12,Good,72219,0.1068416910276591,1,710349,4,0,Personal,0
23,838590,Salaried,2,1389091,60,Average,462574,0.5516085910771759,0,159950,5,1,Home,0
47,1457900,Self-Employed,8,1965227,180,Bad,227561,0.15608810200418272,0,1236011,5,0,Business,0
53,1295175,Business,13,1172752,180,Average,94799,0.07319391341408427,0,622673,0,0,Home,0
33,162039,Self-Employed,8,352905,36,Bad,618914,3.8195137003209085,0,479319,0,0,Personal,1
36,1287574,Salaried,12,559662,24,Bad,428583,0.3328606100615498,1,1370614,5,1,Home,1
50,2278900,Salaried,6,1138894,60,Average,692378,0.3038210084597795,0,124078,2,0,Education,0
26,1849504,Self-Employed,3,903009,12,Average,367375,0.1986342291586127,1,1032203,3,0,Car,0
60,1617053,Salaried,25,530533,24,Average,395252,0.2444272114598523,0,715054,4,0,Personal,0
42,368827,Business,8,394087,60,Good,21518,0.058341557582396134,0,410275,4,1,Personal,0
47,714091,Salaried,4,798870,36,Good,518855,0.7265940523069857,0,876004,0,1,Business,0
34,2499339,Salaried,3,1100995,120,Bad,712252,0.28497603367288965,1,1170407,0,0,Car,1
60,556700,Self-Employed,26,1942608,36,Bad,340641,0.6118922006606778,1,632899,4,1,Business,1
53,1068614,Business,0,852792,36,Good,757739,0.7090851242028233,1,1040206,5,0,Home,1
36,2482313,Salaried,5,241196,60,Average,771706,0.3108817015091564,1,1492741,4,1,Car,0
37,2179636,Salaried,16,1279362,120,Bad,294065,0.134914666983539,0,854967,1,0,Personal,0
59,463275,Salaried,20,1973921,12,Average,341090,0.7362565727557655,0,1225619,4,1,Car,0
33,871794,Business,11,361869,12,Good,610422,0.7001898382073767,0,105940,4,0,Home,0
26,1710726,Salaried,1,1239353,180,Average,186351,0.10893088143227996,0,1139656,2,0,Home,0
24,437972,Self-Employed,2,1477604,36,Bad,632295,1.4436848846846724,0,778894,4,0,Business,1
55,1867888,Salaried,27,136332,180,Average,480579,0.2572845602709797,0,1304116,3,0,Car,0
54,916747,Self-Employed,32,1780455,36,Bad,271251,0.29588392884413167,0,580069,5,0,Education,0
44,575911,Salaried,6,1630835,24,Bad,779215,1.353010529386434,1,1336371,5,0,Home,1
43,1950283,Salaried,11,578111,12,Average,144526,0.07410510469244479,0,659292,4,1,Car,0
63,2114288,Business,20,322654,36,Bad,437261,0.20681231373762055,0,665897,3,1,Business,0
36,877993,Salaried,14,551443,60,Average,253978,0.2892707695041196,1,669142,4,1,Car,0
61,2020595,Self-Employed,8,1700868,60,Average,22072,0.010923509697138864,0,81015,3,1,Education,0
63,296774,Salaried,41,178259,120,Good,30916,0.10417319518153484,1,551556,2,0,Car,0
61,2240411,Business,15,653688,180,Bad,296437,0.13231361017527132,1,1055619,1,1,Education,1
23,1377713,Self-Employed,0,1911317,180,Good,519466,0.37704922792393775,0,809716,1,0,Business,0
64,189000,Business,19,1950057,120,Average,474706,2.5116586684726534,0,784514,0,1,Home,1
56,514718,Self-Employed,16,519054,120,Bad,172438,0.33501386193243304,1,420641,0,1,Home,1
61,1760260,Salaried,14,1497598,120,Average,479490,0.2723971047475346,1,803538,3,1,Education,1
23,2168613,Business,2,823164,36,Average,337850,0.15579074929886094,0,1163594,4,1,Personal,0
21,608968,Business,0,508128,24,Good,54645,0.08973363176122266,0,471426,1,0,Car,0
51,233693,Business,9,60567,60,Average,562667,2.4077083707754583,1,1311039,5,1,Personal,1
35,1915962,Self-Employed,8,1103367,36,Bad,490488,0.25600076828205975,0,131401,3,0,Car,0
61,819438,Business,22,1644164,36,Good,444161,0.5420305843387977,1,579897,2,0,Personal,1
34,912135,Business,5,1423835,180,Average,219162,0.24027338028539605,0,1076252,5,1,Home,0
21,1460522,Self-Employed,0,1451051,24,Average,456120,0.3122990873817119,0,977666,2,0,Home,0
38,666363,Business,1,1967023,36,Bad,730076,1.0956114075790409,1,1057880,3,0,Personal,1
46,1228198,Business,7,1047650,120,Good,632942,0.5153415692408152,0,1454313,5,0,Personal,0
49,420159,Self-Employed,12,611133,120,Good,600682,1.4296506092916983,0,175231,2,1,Car,0
39,407374,Salaried,10,1147838,24,Bad,41722,0.10241669223688248,0,963863,4,1,Personal,0
52,360740,Self-Employed,3,1709916,180,Average,100808,0.27944702709145897,0,255416,0,0,Business,0
54,1567031,Salaried,6,939856,180,Average,420411,0.26828488505659104,1,104697,3,0,Business,0
41,1789163,Salaried,18,1247753,12,Bad,160811,0.08988052520618568,0,1211617,1,1,Car,0
45,2073923,Salaried,19,1813190,60,Average,109017,0.052565571351698516,0,855817,4,1,Business,0
22,678114,Self-Employed,0,1707106,120,Bad,574388,0.847036269659276,1,358349,1,1,Education,1
23,2027798,Self-Employed,2,402465,120,Good,788525,0.3888575741481281,1,568786,3,0,Car,0
46,938441,Salaried,14,440659,180,Good,17718,0.018880229145754344,0,1327425,2,0,Car,0
27,2032886,Business,6,620953,24,Good,146075,0.07185593690155921,0,1201636,3,0,Business,0
33,2438668,Business,10,1824474,24,Good,355247,0.14567249593938333,1,1115022,0,1,Education,0
48,1081795,Salaried,21,159525,180,Average,456566,0.42204445200388985,0,1261668,1,0,Personal,0
53,1343979,Self-Employed,32,626395,36,Average,769153,0.5722949746275986,1,803995,1,1,Education,1
42,1368720,Salaried,2,789782,36,Bad,495339,0.36189917448479275,1,652619,2,1,Business,1
37,834075,Business,8,1137241,24,Bad,278101,0.33342405248442586,1,965631,5,1,Business,1
53,808235,Business,12,1755562,180,Bad,90815,0.11236198338109166,0,1243470,5,1,Education,0
50,152356,Business,1,1010875,24,Average,765409,5.023786238899427,0,271609,4,1,Business,1
55,2041897,Business,18,96023,24,Good,625638,0.3064002217544657,1,177696,3,0,Personal,0
48,2427236,Salaried,15,529064,120,Average,742691,0.30598206932409155,1,1127248,4,1,Education,0
22,1578974,Self-Employed,1,1542704,180,Average,19659,0.01245048211656296,1,686763,3,0,Home,1
44,2265943,Self-Employed,10,1373020,120,Bad,557658,0.2461040519977546,1,725191,1,1,Personal,1
28,403071,Self-Employed,3,553623,36,Good,795464,1.9735034931724358,1,617542,5,0,Business,1
48,1554636,Self-Employed,20,1957310,36,Good,705314,0.45368404328470247,1,1296918,5,0,Business,1
35,1071937,Salaried,12,1910722,60,Good,57803,0.05392382768406382,1,1481535,0,0,Education,0
56,1510530,Business,4,210322,60,Average,723704,0.47910569197189595,0,1431041,3,0,Home,0
57,2068149,Self-Employed,16,1047709,36,Good,272667,0.13184101733433262,0,1356250,5,1,Personal,0
30,2149122,Business,3,1274293,180,Bad,746103,0.34716626270343764,1,680917,5,0,Home,1
41,1613149,Business,19,1468137,120,Good,210154,0.1302755478411803,1,1261972,0,0,Home,0
57,1099532,Self-Employed,20,572797,120,Good,625710,0.569068868328645,0,1400020,2,1,Business,0
42,1314507,Business,5,1740420,12,Good,228495,0.1738254921232887,0,254809,4,1,Education,0
29,1183597,Salaried,7,498781,12,Bad,441259,0.3728115458120071,1,728510,1,1,Personal,1
50,2127091,Salaried,19,1197417,12,Good,704364,0.3311394147502788,0,1294876,2,0,Education,0
28,2195414,Self-Employed,4,1535417,180,Good,258466,0.11772990527986736,0,1314530,1,0,Personal,0
25,854480,Salaried,1,1438767,120,Bad,795903,0.931446105881816,1,1159347,3,1,Personal,1
22,1553043,Self-Employed,0,954401,24,Good,345600,0.22253072031442767,1,497721,4,0,Business,0
49,2210923,Self-Employed,7,594517,60,Bad,314731,0.14235269959528232,1,1360433,5,0,Home,1
28,2424087,Self-Employed,3,1324869,24,Bad,190477,0.07857676784011142,1,1214596,0,0,Car,1
60,420065,Salaried,15,1913468,120,Bad,511174,1.216889726852447,0,414287,2,1,Education,1
34,856427,Business,0,1546608,12,Bad,368427,0.4301902786924295,0,85779,4,0,Home,1
56,2133122,Business,28,1613159,180,Bad,550613,0.2581252932906354,0,940101,5,0,Car,0
58,450057,Business,15,1744922,24,Average,718111,1.5955965675535153,0,289596,5,0,Personal,0
44,1813152,Salaried,20,1212111,12,Bad,142770,0.07874128658750806,1,239947,2,0,Car,1
58,1004094,Business,12,1082564,24,Average,761447,0.7583415911841012,1,1181597,4,0,Education,1
61,1225523,Self-Employed,12,540913,24,Bad,44387,0.03621879294081552,0,981469,4,0,Personal,0
45,2219071,Business,3,190689,60,Average,468484,0.21111707957200126,0,33298,1,0,Business,0
38,353725,Salaried,9,874356,180,Good,349525,0.9881235758751123,0,271372,0,1,Education,1
29,1625367,Salaried,7,1787846,120,Bad,646052,0.3974804475048112,0,161298,3,1,Business,0
61,662301,Self-Employed,6,941641,180,Good,496409,0.7495206114431181,0,725735,5,1,Home,0
31,250878,Salaried,7,598866,120,Bad,599067,2.387872241199941,0,664956,4,1,Personal,1
43,576610,Salaried,12,639643,60,Bad,537262,0.9317581523765589,0,1246321,4,1,Education,1
59,976634,Salaried,10,727178,36,Average,579886,0.5937591833182304,1,133726,4,0,Education,1
34,810288,Self-Employed,12,234681,24,Good,554840,0.6847433446585107,0,403552,5,0,Car,0
35,1186937,Self-Employed,7,1173045,12,Bad,520581,0.43859156923108034,0,550104,3,0,Personal,0
24,128798,Self-Employed,3,886127,120,Average,425963,3.307191826023494,1,1302376,5,0,Business,1
53,2159436,Business,3,334243,60,Good,140721,0.06516559640313656,1,1177970,2,1,Personal,0
34,1442525,Business,12,1353175,24,Average,43147,0.029910726045839036,0,74280,5,0,Education,0
46,1790705,Salaried,1,1747590,24,Good,390503,0.21807209000249064,1,76215,5,1,Personal,1
26,2149662,Business,0,1805864,36,Good,296508,0.13793231776329593,0,344543,3,1,Car,0
33,2441554,Business,11,975423,60,Bad,186968,0.07657742709052223,0,501854,2,1,Personal,0
57,1501880,Business,22,718301,120,Good,525957,0.3501988506412958,1,1022936,5,0,Business,0
63,826443,Self-Employed,12,1643187,12,Bad,230502,0.2789081897866038,1,520766,5,1,Home,1
60,1806279,Salaried,7,506295,180,Good,7904,0.004375844276634852,0,120035,3,0,Business,0
55,2482389,Self-Employed,22,1040247,180,Good,193708,0.07803286349042657,1,714166,2,1,Home,0
42,904516,Self-Employed,12,672107,24,Average,235603,0.26047382194032836,0,930784,5,0,Personal,0
49,1015318,Business,23,773809,12,Bad,523526,0.5156271083275306,1,156837,4,0,Car,1
24,1130913,Salaried,1,1811924,180,Good,618943,0.54729448923614,1,1325745,1,1,Car,1
43,1585544,Business,10,1829961,12,Good,736664,0.46461248340475986,1,1110616,4,0,Home,1
41,1626440,Salaried,15,266741,180,Average,112789,0.0693471204919207,0,1477482,0,1,Education,0
24,1353678,Self-Employed,0,1867397,36,Bad,237469,0.1754248976308268,1,757596,3,0,Business,1
53,2207403,Business,21,1599388,120,Average,234907,0.10641776494017408,1,862380,2,1,Home,1
29,1226136,Business,7,1073695,120,Average,214601,0.17502204076705946,0,880650,3,1,Car,0
51,400141,Salaried,18,1024507,36,Bad,3679,0.009194236046203598,0,488241,4,1,Personal,0
37,1102912,Salaried,3,73382,120,Average,717583,0.6506252079719796,0,1207115,4,1,Personal,0
41,866256,Self-Employed,7,111836,60,Bad,294067,0.33946854109115426,0,1303609,4,0,Education,0
35,1412348,Business,0,106440,24,Average,416462,0.2948718765687518,0,651809,5,1,Business,0
37,1742512,Business,8,405642,180,Average,780448,0.4478864720091041,0,169573,5,1,Business,0
37,1262354,Salaried,0,1747152,24,Bad,168204,0.13324619461245055,1,1159149,2,0,Business,1
26,1232762,Self-Employed,5,1889968,120,Average,18781,0.015234882941814444,0,1286253,2,1,Home,0
43,1406793,Salaried,18,1614050,180,Bad,280027,0.19905330844459104,0,554070,3,1,Business,0
40,381161,Self-Employed,1,1494035,120,Good,448247,1.1760012802955173,1,1181349,5,0,Personal,1
27,455983,Business,4,419841,12,Good,66483,0.1458011684620513,1,1069081,1,1,Home,0
39,1264584,Salaried,9,1424956,60,Good,730929,0.5779991064262189,1,134607,5,0,Car,1
37,1275733,Business,12,1350875,36,Good,201225,0.15773272484702924,1,1156928,5,1,Education,0
28,332628,Self-Employed,5,161889,120,Bad,262063,0.7878537349419323,1,311467,0,1,Business,1
23,252957,Business,1,627569,60,Average,305415,1.2073743467294966,1,1115273,2,1,Car,1
34,549223,Salaried,6,601566,24,Bad,663632,1.2083084497399967,1,1046417,5,0,Personal,1
43,1766141,Self-Employed,13,54694,24,Bad,582438,0.3297798251782699,1,545844,3,1,Business,1
36,2157775,Business,7,1079621,24,Bad,623756,0.28907356463321493,0,819819,2,0,Car,0
29,1144446,Self-Employed,1,566304,36,Good,526748,0.46026421494398606,0,72356,2,1,Education,0
42,728919,Self-Employed,6,846961,120,Bad,32175,0.04414064643582286,1,1328395,0,0,Car,1
33,460822,Self-Employed,5,560559,180,Bad,12204,0.02648305314621883,0,973169,2,1,Car,0
21,1202169,Salaried,0,1009468,24,Bad,208260,0.17323673024613823,1,115064,4,0,Personal,1
25,1389087,Business,2,1519972,36,Good,479871,0.34545759519915226,1,206971,1,0,Personal,0
41,188247,Business,7,206270,180,Good,153560,0.8157324380604309,1,1006648,2,0,Car,1
43,706901,Business,3,423921,12,Average,47003,0.06649153630913479,0,407650,1,0,Home,0
43,1563791,Self-Employed,1,1568231,60,Good,770448,0.4926793333128702,1,839232,5,1,Home,1
25,1199729,Salaried,4,184411,12,Bad,580526,0.483880539788119,1,412610,0,0,Home,1
47,416751,Self-Employed,23,1203085,24,Good,135467,0.32505422889392255,0,651666,2,1,Personal,0
28,2089921,Salaried,4,375341,180,Bad,580061,0.2775515067069489,1,935280,4,1,Education,1
52,1720448,Business,5,1496092,36,Bad,789770,0.4590487715706772,0,1111177,2,1,Education,1
46,1823827,Salaried,16,1993619,120,Bad,159876,0.08765958193426135,1,665275,5,1,Personal,1
30,1149293,Self-Employed,0,113146,24,Good,365721,0.31821361635926054,0,632049,4,1,Education,0
47,836177,Business,7,589707,180,Good,559865,0.6695524158731754,1,1051497,4,0,Education,1
30,1611476,Self-Employed,7,571317,24,Good,680834,0.42249067160127013,0,649822,5,1,Personal,0
61,2144676,Self-Employed,1,1058449,12,Bad,351206,0.16375705992091116,0,55152,1,0,Business,0
64,2440545,Salaried,41,1957475,12,Bad,681132,0.27909000690829017,1,1458155,2,0,Education,1
62,2270958,Self-Employed,4,1698856,12,Good,284464,0.12526161854969642,0,1389691,4,0,Home,0
54,1130065,Business,13,595042,24,Average,69837,0.061799045365491925,1,945424,3,1,Business,0
55,759068,Business,16,1064138,12,Good,322666,0.42508125084807835,0,991596,4,1,Home,0
56,1844038,Salaried,4,135015,60,Good,629275,0.34124820570497694,0,578621,2,0,Home,0
37,2170276,Business,2,700660,24,Average,730841,0.3367501014847413,0,393522,4,1,Personal,0
23,494344,Salaried,2,1377976,60,Average,754805,1.5268790015070446,0,180889,0,1,Education,0
54,2262856,Self-Employed,12,276884,36,Good,167848,0.07417525720803392,0,1320780,0,1,Car,0
45,432067,Self-Employed,3,1757966,36,Bad,89779,0.20778905172333983,1,937243,0,1,Personal,1
26,2327386,Business,3,800909,180,Bad,345922,0.1486310613576513,1,922285,0,0,Home,1
30,1482270,Self-Employed,6,388723,120,Average,740749,0.499739251459416,0,901111,5,0,Personal,0
23,410160,Business,0,1536445,60,Average,614769,1.4988480133411026,0,577090,5,0,Business,1
42,1740706,Salaried,11,1656581,12,Bad,770569,0.4426758782494699,1,416232,0,0,Home,1
33,235042,Business,2,142447,36,Average,345546,1.4701395063881928,1,1353327,5,1,Car,1
44,1198562,Business,18,1687189,36,Good,510119,0.4256088332444769,1,1438645,4,0,Education,0
64,1223549,Self-Employed,41,1768626,180,Bad,582176,0.47580891667688285,0,1135415,3,1,Education,1
63,2142314,Business,11,1428314,24,Average,712261,0.33247258222997084,0,535807,3,0,Education,0
47,2218984,Self-Employed,24,1580217,36,Average,638210,0.2876134809383569,1,105474,3,0,Business,1
48,157570,Self-Employed,9,711975,36,Average,38311,0.2431348408019242,1,1400965,3,1,Education,1
31,660027,Salaried,10,148580,12,Average,748779,1.1344655075239232,0,1128175,1,1,Education,0
33,1084949,Business,2,1400190,180,Bad,337109,0.3107138577814646,1,1436052,5,0,Personal,1
38,1807164,Salaried,13,241012,12,Bad,696084,0.38518010253629303,0,884237,0,1,Car,0
47,1590183,Business,22,52526,180,Average,268718,0.16898547589461346,0,270877,2,0,Business,0
46,156051,Salaried,5,532898,36,Bad,77338,0.4955912131853485,0,1338853,3,1,Education,1
43,524494,Salaried,2,1031769,60,Good,746447,1.4231727661846156,0,840592,2,0,Home,0
31,797551,Self-Employed,4,1262740,24,Average,89407,0.11210178145124079,0,1254905,5,1,Car,0
46,1838340,Salaried,6,609486,36,Bad,225295,0.12255343268740675,1,1035702,5,0,Business,1
57,1098536,Self-Employed,3,1100595,180,Bad,605743,0.5514088282870764,0,740599,0,0,Education,1
56,123420,Self-Employed,35,228725,12,Average,541028,4.383597604945674,0,1375983,5,1,Business,1
30,564648,Salaried,3,584940,180,Good,458189,0.8114580916640249,0,309815,1,1,Home,0
56,1385777,Business,12,108541,24,Good,9470,0.006833706408963052,0,1032657,0,0,Home,0
41,2136719,Business,14,185669,60,Bad,627128,0.2935003182447864,0,161860,4,1,Personal,0
26,746754,Salaried,3,1553715,36,Good,70560,0.0944888216349405,1,779680,4,0,Business,0
47,1335047,Business,23,1342989,120,Bad,188511,0.14120166465924822,1,1420683,5,0,Car,1
37,747267,Business,4,1133685,180,Average,538207,0.7202329017166532,1,1358218,0,0,Personal,1
45,1505140,Business,10,1468167,120,Bad,464702,0.308743167583635,0,1115472,2,0,Personal,0
47,147738,Business,21,1500255,36,Good,57153,0.38685113612519373,1,61009,2,1,Business,1
47,604469,Self-Employed,16,1416991,24,Average,796229,1.3172349330818733,0,1396850,1,1,Education,0
34,1444453,Salaried,7,1487902,60,Average,519790,0.35985223482367734,0,682286,0,1,Personal,0
63,410431,Business,36,1447636,60,Bad,745692,1.8168466396382348,0,232321,5,1,Car,1
63,864067,Salaried,28,1846538,36,Average,713304,0.82551836198077,1,102903,2,0,Home,1
46,900975,Business,10,915754,12,Bad,574592,0.6377439576636892,0,1369268,5,1,Home,1
36,1732850,Self-Employed,15,1190170,36,Good,350425,0.20222454209854165,1,825177,3,0,Car,0
29,2375803,Business,5,1519191,36,Average,686841,0.28909834312931537,0,1049520,1,0,Business,0
47,946278,Self-Employed,18,1307496,60,Bad,256805,0.27138402099169484,0,1343316,3,0,Car,0
39,466990,Self-Employed,1,1789661,12,Bad,399263,0.8549693677180075,1,1339487,3,1,Education,1
59,1697127,Salaried,12,704539,24,Average,494087,0.29113125232746145,1,456985,3,1,Education,0
63,1272109,Self-Employed,26,1499169,24,Bad,340716,0.2678353287058509,0,550755,0,0,Home,0
47,633672,Salaried,22,1049078,24,Average,597702,0.943234128643638,1,879577,3,0,Personal,1
27,1733511,Business,2,1120572,36,Bad,83697,0.04828175403458413,0,1356742,4,0,Education,0
57,359190,Self-Employed,26,485413,12,Good,221432,0.6164742435083285,0,361085,2,0,Education,1
24,350487,Self-Employed,2,517119,120,Good,686505,1.9587118531875556,1,773890,2,0,Business,1
23,1506395,Business,2,641952,36,Good,500638,0.3323415622452529,1,610441,0,0,Education,0
42,1424925,Self-Employed,16,621284,36,Average,309091,0.21691722938594707,0,421172,5,1,Business,0
32,772632,Self-Employed,5,377608,60,Bad,652307,0.8442650003300403,0,135024,0,0,Home,0
62,244444,Self-Employed,28,1252444,12,Good,162818,0.6660721225633578,0,480001,5,0,Car,1
58,725829,Self-Employed,6,212948,120,Average,716087,0.9865767466211096,1,1095622,1,0,Business,1
52,1348080,Salaried,12,1549549,120,Good,282648,0.20966692654224783,1,1419220,3,1,Home,0
41,2093915,Business,15,1198729,12,Bad,231329,0.11047673354614033,0,576209,3,0,Personal,0
59,2355064,Self-Employed,10,605728,60,Good,559471,0.23756074673098196,1,638803,3,1,Personal,0
26,1615742,Salaried,5,792319,60,Good,76054,0.047070604669183155,0,1376083,4,1,Education,0
64,689503,Business,25,1932865,24,Good,159245,0.23095587552791572,0,1451187,0,1,Home,0
56,1272167,Business,21,1669093,24,Average,62583,0.04919397438074217,1,255931,4,0,Home,1
30,1460824,Salaried,4,874026,180,Average,265808,0.18195745554737905,0,721393,1,1,Home,0
46,772692,Salaried,3,1300240,60,Average,295043,0.38183728854797444,0,857411,1,0,Car,0
24,2422472,Business,1,81346,180,Average,605484,0.24994458142567533,1,366595,4,0,Business,0
43,2004175,Business,21,1952151,60,Average,644911,0.32178361581018833,1,896445,0,1,Home,1
58,651562,Salaried,15,65748,24,Good,413391,0.634460520318066,0,869440,0,1,Education,0
38,2212332,Salaried,14,466706,60,Average,172507,0.07797515111875111,1,520140,2,0,Car,0
43,1485358,Salaried,16,1165885,120,Good,160966,0.10836841463915457,1,501775,4,0,Personal,0
60,1728190,Self-Employed,19,1890087,180,Good,383556,0.22194074613280593,1,418810,5,0,Car,0
25,980966,Salaried,1,1674682,180,Good,537717,0.5481499377654906,1,269284,2,0,Education,1
38,1576693,Business,15,1913533,60,Bad,282635,0.17925799172191942,1,199888,4,1,Personal,1
58,249101,Salaried,0,591285,60,Average,473026,1.8989249383786562,0,656228,3,1,Education,1
51,2429802,Salaried,12,1474431,36,Good,151633,0.06240547073157783,1,1083088,0,0,Business,0
31,716432,Self-Employed,5,1215939,12,Bad,312809,0.4366200328572246,0,181675,2,0,Home,0
46,975243,Self-Employed,11,1012715,180,Bad,116737,0.11970030064271095,1,456036,0,0,Business,1
54,762006,Self-Employed,28,517018,180,Bad,732079,0.9607247702448928,0,479818,0,0,Education,0
34,392126,Salaried,8,469814,24,Good,145711,0.37159134668104976,1,900050,3,1,Business,1
52,1217158,Self-Employed,22,1814571,12,Average,284331,0.23360218344521957,0,904445,1,0,Education,0
25,639382,Salaried,1,197049,12,Average,438055,0.6851214373857297,0,1499666,0,0,Education,0
23,355994,Business,1,1810177,36,Good,204573,0.5746513293726035,0,1109057,4,0,Business,1
49,2158185,Self-Employed,19,1595309,120,Bad,274025,0.12697005726105165,1,1347716,1,0,Education,1
41,146119,Self-Employed,16,1215470,120,Average,158987,1.0880577607445936,1,1444500,5,0,Personal,1
47,1972139,Business,25,1025648,36,Average,6553,0.003322786414757573,1,1379,0,0,Business,0
35,1797376,Self-Employed,14,1598971,24,Average,99599,0.05541352760161057,0,1390229,1,1,Home,0
38,2168942,Self-Employed,16,1407085,36,Bad,312329,0.14400055695331782,0,1175101,4,0,Home,0
36,1433602,Self-Employed,8,230394,36,Average,653524,0.4558612112279341,1,417740,1,0,Education,1
44,1484981,Business,3,708197,120,Good,336279,0.2264532499383831,0,578668,1,0,Car,0
22,340421,Salaried,1,1343073,180,Good,684880,2.0118558730046825,1,1471333,4,0,Education,1
43,2261549,Business,20,1519245,12,Bad,455561,0.2014375096725697,0,887159,2,0,Car,0
33,1327371,Salaried,8,208502,120,Average,425751,0.32074731122850264,0,199548,5,1,Personal,0
54,1745148,Business,4,874142,60,Bad,465713,0.26686145423685886,1,616323,2,0,Personal,1
59,2243120,Salaried,23,1817156,24,Average,375579,0.16743590738083233,0,1133942,2,1,Business,0
47,1264000,Business,1,1701536,120,Average,300388,0.23764854616412487,0,1173925,1,1,Home,0
44,237286,Business,20,1920429,120,Average,38575,0.16256684942706512,1,1497060,2,1,Personal,1
52,1047906,Self-Employed,18,655069,60,Good,560815,0.5351763085846358,0,576469,0,0,Home,0
24,2336935,Business,2,983951,12,Average,179300,0.07672439467747512,0,1098702,1,1,Business,0
31,1524460,Self-Employed,6,763161,24,Good,121284,0.0795586112075022,0,1363202,5,1,Education,0
33,2116201,Business,2,1432311,180,Average,612529,0.2894473211914553,0,821154,0,1,Business,0
60,1723785,Salaried,1,1449467,60,Average,161686,0.09379702584891628,1,541889,4,1,Education,1
55,2169392,Salaried,28,431148,120,Average,759860,0.3502638756555405,1,933796,0,1,Home,0
28,1408267,Salaried,5,342527,36,Bad,142857,0.10144162900811493,1,810713,1,0,Home,1
59,438457,Business,2,1616529,24,Bad,783877,1.7878040770153583,1,785428,0,1,Personal,1
30,1317091,Self-Employed,2,868408,12,Bad,667351,0.5066851822044321,1,1152981,0,1,Education,1
34,2461978,Self-Employed,0,813707,180,Good,519637,0.21106475725422516,0,425426,2,0,Personal,0
26,808722,Business,4,558410,120,Good,4889,0.006045333198140773,1,860180,3,0,Education,0
22,2453291,Business,1,1188458,120,Good,300102,0.12232624571392235,0,1316401,4,1,Business,0
37,2022211,Salaried,13,238691,36,Bad,582523,0.28806228031482356,1,991244,2,0,Home,1
46,2016409,Business,17,360495,120,Good,413870,0.20525091623231387,0,1240962,0,0,Home,0
46,1735767,Self-Employed,16,157042,60,Average,768013,0.4424629328343419,0,656578,4,0,Home,0
34,753556,Business,9,1168210,180,Good,379570,0.5037044311180177,0,138691,3,0,Business,0
63,2072512,Self-Employed,39,984382,120,Good,691572,0.33368765358769764,0,94835,3,1,Car,0
31,2204762,Business,5,129311,120,Average,310509,0.14083554558925382,0,954940,5,0,Business,0
38,682773,Self-Employed,8,947936,24,Good,533119,0.7808132705697639,1,1362617,4,0,Education,1
57,1157140,Salaried,35,1506454,12,Good,118115,0.10207485518186635,1,890648,2,1,Personal,0
64,1899996,Business,9,994177,120,Good,63471,0.033405842219750875,1,410372,5,1,Car,0
25,1656377,Salaried,3,1042855,120,Average,50151,0.030277509119295234,0,362009,5,0,Business,0
36,2428963,Business,11,976794,120,Good,493570,0.20320185889951436,0,976446,3,0,Business,0
57,812101,Business,18,567649,120,Bad,99919,0.12303750021549018,1,1423574,2,0,Education,1
57,1211838,Self-Employed,2,594893,180,Bad,602878,0.49749017815072794,0,290375,5,1,Home,0
24,1968523,Salaried,3,481838,12,Bad,158964,0.08075288896655565,0,1000783,1,0,Home,0
34,779966,Salaried,12,1575608,60,Bad,695494,0.8916966999885892,0,463179,4,0,Education,1
24,1320761,Salaried,3,105746,12,Bad,698213,0.5286440706198392,1,168393,5,1,Home,1
21,713167,Business,0,1690456,36,Bad,346872,0.48638189038206986,1,1268660,0,1,Business,1
29,768843,Business,6,958840,12,Average,543118,0.7064085822351478,0,1265473,2,1,Home,0
31,910023,Business,6,1223983,36,Good,641157,0.7045495503415294,1,257716,3,1,Personal,1
59,1302279,Salaried,33,1482376,120,Good,639604,0.4911416899591486,0,690807,2,1,Home,0
27,146014,Salaried,1,1826935,36,Average,763277,5.227387597164675,0,181350,3,0,Home,1
56,162192,Salaried,8,1459849,120,Good,43923,0.27080700153520804,0,1413169,3,1,Personal,0
61,1577571,Self-Employed,26,1498903,120,Bad,766751,0.4860323332310665,0,665344,0,1,Personal,1
29,1423891,Self-Employed,1,188783,12,Good,609836,0.4282881005020044,0,1305864,5,1,Personal,0
40,2021563,Self-Employed,4,844686,12,Bad,387554,0.19170998296368555,0,753315,0,1,Home,0
34,250509,Self-Employed,8,1393683,180,Good,527561,2.1059478663526408,1,539618,1,1,Car,1
33,352131,Self-Employed,1,1710458,180,Average,132152,0.3752910840253087,1,1343395,5,1,Personal,1
38,953247,Self-Employed,9,1610740,36,Average,78038,0.08186536976736379,1,1020998,3,1,Car,1
45,1946370,Self-Employed,3,1224377,24,Bad,610911,0.3138718158049005,0,1273673,4,1,Home,0
36,1449134,Business,2,74220,24,Good,584819,0.40356419519230435,0,1420722,1,0,Education,0
64,2462904,Business,15,601872,60,Good,569071,0.23105682111165474,0,709687,3,0,Car,0
21,620228,Salaried,0,1764793,180,Good,697621,1.1247797184588273,1,860020,3,0,Home,1
33,1711104,Salaried,6,518968,24,Good,778559,0.4550036380000058,0,428082,1,1,Education,0
62,1332916,Salaried,11,1870987,12,Bad,304960,0.22879144012717972,0,1138036,0,0,Education,0
61,2140991,Business,27,1955734,180,Good,736200,0.3438592951304816,1,1022805,1,0,Home,0
32,1700622,Business,5,961508,60,Bad,678797,0.3991460776433107,1,140926,4,0,Car,1
26,1845284,Self-Employed,0,544496,24,Good,19455,0.01054308684024419,0,734184,5,0,Business,0
46,732840,Salaried,4,432605,24,Average,564772,0.7706610301552451,1,947719,4,1,Personal,1
33,952441,Self-Employed,1,1227400,24,Bad,773202,0.8118100629749633,0,816037,5,1,Personal,1
22,387724,Self-Employed,0,317544,24,Bad,695003,1.7925153136888259,0,751545,2,1,Home,1
53,247319,Self-Employed,1,1577965,36,Bad,106960,0.4324761442665373,0,39015,1,1,Business,1
58,1052478,Business,21,527508,120,Bad,786351,0.7471417481964011,0,933671,2,0,Education,0
36,866355,Salaried,6,1971086,180,Good,56879,0.06565314951359487,1,119894,4,1,Car,0
32,1349133,Business,7,1502817,180,Bad,674075,0.49963532162112884,0,987601,3,1,Car,1
36,862476,Self-Employed,9,198188,60,Average,561032,0.6504892304374493,0,124697,3,0,Home,0
61,2453180,Business,35,1105752,120,Good,776653,0.316590174145324,1,513611,4,1,Business,0
52,1081273,Business,24,1084549,24,Average,644467,0.5960256142291408,1,247439,5,0,Business,1
40,215287,Business,16,830751,180,Bad,121509,0.5644021032291628,1,1396167,2,1,Education,1
50,1511864,Self-Employed,25,1291165,180,Bad,356459,0.23577435816028547,0,488720,3,0,Home,0
35,1586737,Salaried,12,1239844,12,Bad,629600,0.3967888838611037,0,1379580,0,0,Business,0
47,349602,Self-Employed,15,885227,60,Bad,508928,1.4557312151211517,1,1152552,3,0,Business,1
64,1812832,Business,32,624310,12,Good,658559,0.36327615395350815,1,837329,3,1,Education,0
43,1017486,Self-Employed,12,975775,36,Average,24815,0.024388517985979182,1,832044,5,1,Business,1
37,924700,Self-Employed,12,1295175,180,Bad,194451,0.21028527059016916,0,356686,4,0,Home,0
24,1257333,Self-Employed,1,934507,120,Good,296753,0.23601763731832592,0,889217,0,0,Education,0
50,1888494,Business,25,1472163,36,Bad,154473,0.0817968805848043,0,794203,3,1,Car,0
31,701330,Business,1,1669888,36,Bad,678810,0.9678882011489582,0,272201,1,0,Business,1
44,664283,Self-Employed,20,796988,60,Good,470897,0.7088790336663234,0,1087462,1,0,Education,0
25,1072394,Self-Employed,1,73466,24,Good,237626,0.22158439754008552,0,396904,4,0,Car,0
27,1706529,Business,2,594929,120,Good,425716,0.24946294527491458,1,560085,2,1,Personal,0
24,1806295,Self-Employed,3,452854,180,Average,668582,0.3701397777551409,1,181136,2,1,Business,0
55,1927853,Self-Employed,34,1879213,24,Average,499344,0.25901546486404053,1,896366,4,0,Business,1
26,389072,Self-Employed,0,1940317,180,Average,205719,0.5287413930033695,1,696248,1,0,Business,1
57,1177980,Self-Employed,31,1736051,120,Average,551972,0.46857462047350507,0,1430541,2,1,Home,0
39,2124126,Business,13,1644696,24,Average,541285,0.2548270418859136,0,1345360,2,0,Home,0
64,1231619,Salaried,10,1695589,24,Bad,128131,0.10403452363553693,0,1094096,5,1,Personal,0
54,1321418,Business,30,1801434,180,Average,371831,0.28138765978088703,0,522485,5,1,Car,0
41,1132845,Salaried,9,1276137,180,Bad,290534,0.25646380884957004,0,534535,3,0,Home,0
28,1596470,Salaried,1,531018,120,Bad,207358,0.12988522810624184,0,816015,0,0,Car,0
33,1055510,Self-Employed,11,447530,180,Bad,552958,0.5238770604948693,0,985055,0,1,Personal,0
47,375745,Self-Employed,12,535119,180,Average,278496,0.7411815428507555,1,259291,2,0,Business,1
63,2273056,Self-Employed,19,958573,12,Average,278252,0.12241312030450623,0,522247,5,1,Car,0
37,744747,Self-Employed,0,1284498,180,Average,137901,0.18516464629646537,0,123225,2,1,Business,0
28,362726,Salaried,3,771202,60,Good,429059,1.1828703129350724,0,706168,4,1,Business,1
40,1518962,Salaried,4,1931910,120,Average,771812,0.5081177092529574,0,1343763,3,0,Car,0
54,965177,Salaried,33,922402,120,Good,286608,0.2969483349185332,0,1297796,0,0,Car,0
38,1713526,Self-Employed,17,712746,36,Good,793294,0.46295973159454157,0,564396,4,0,Business,0
36,2461589,Salaried,3,916572,36,Bad,682561,0.2772846006036749,0,49966,2,1,Education,0
57,163021,Self-Employed,3,199333,180,Average,420594,2.579983069769724,1,903606,3,1,Education,1
54,822726,Salaried,2,1987326,60,Bad,569601,0.6923329366849514,1,234729,0,0,Car,1
35,1161431,Business,14,1456046,36,Bad,348301,0.2998892746196075,1,442037,5,1,Home,1
26,1638541,Salaried,0,1102945,12,Bad,456979,0.27889367498666495,0,1496271,3,0,Business,0
52,2177067,Self-Employed,8,319594,12,Bad,133997,0.061549294739530414,1,473267,0,1,Business,1
30,606160,Business,0,1023283,24,Good,740176,1.2210881267518037,1,82641,3,0,Home,1
43,1708321,Business,7,1250534,120,Bad,470328,0.2753157777046716,0,1492669,5,1,Personal,0
40,1332910,Salaried,19,443238,36,Good,787560,0.5908571540035307,0,1211970,1,1,Personal,0
53,916240,Self-Employed,18,858157,60,Good,334678,0.36527289217574854,1,1350670,2,0,Business,0
34,156080,Business,1,1881679,36,Good,188869,1.2100704121577899,0,493844,3,1,Home,1
47,720577,Self-Employed,0,1772831,36,Bad,178982,0.24838671177859994,0,1157943,2,0,Home,1
33,1907073,Self-Employed,7,710709,24,Bad,400966,0.2102519356878653,0,357073,0,1,Education,0
56,1232104,Self-Employed,35,558907,60,Bad,284931,0.2312554530660942,1,932280,5,1,Business,1
44,2495093,Business,7,1366022,60,Bad,456388,0.18291415072939135,0,562347,4,0,Education,0
49,2361101,Self-Employed,27,77313,120,Good,42103,0.01783192763379134,0,179480,3,1,Personal,0
24,211665,Business,2,1928068,36,Bad,610355,2.8835760112630275,0,797399,3,1,Home,1
41,249909,Business,15,499058,180,Bad,140688,0.5629546636789244,1,1124552,0,0,Car,1
55,1970962,Business,21,1930442,120,Average,534398,0.27113548047325087,1,498864,3,1,Education,1
35,829441,Business,7,532517,24,Average,706584,0.851878732931296,1,1438145,2,0,Personal,1
29,2036360,Self-Employed,5,393133,24,Good,22222,0.010912603413638347,1,79794,4,1,Education,0
35,904326,Self-Employed,9,415130,24,Average,768103,0.8493642233395663,0,870181,1,0,Education,0
59,2256521,Self-Employed,16,1897669,180,Good,670951,0.2973385590745404,1,333862,3,1,Car,0
55,2265074,Self-Employed,30,69416,12,Average,13672,0.0060360032228513405,1,476684,1,0,Business,0
41,2029103,Business,0,118835,12,Bad,201457,0.0992837232591331,0,1296371,4,1,Car,0
63,2115507,Business,20,901098,36,Bad,195346,0.0923399958780586,0,904726,2,1,Car,0
63,1085730,Business,39,1149123,36,Bad,157234,0.1448185600300627,1,744809,4,0,Business,1
61,1171207,Salaried,10,187039,12,Bad,349422,0.2983432490215231,0,588759,4,1,Business,0
41,1596019,Self-Employed,16,733429,24,Average,87342,0.054724878134359216,1,14407,1,0,Education,0
50,567564,Business,29,1640742,60,Good,83100,0.1464149480676222,0,1497212,4,1,Education,0
40,1418972,Salaried,17,367006,180,Average,28004,0.019735400180271225,1,806903,4,0,Business,0
28,597044,Business,4,1444689,120,Good,14568,0.024400170841393863,1,1028464,2,1,Business,0
21,266539,Salaried,0,1065059,12,Bad,600243,2.25198094094695,1,147748,2,0,Business,1
55,2446316,Business,18,1627724,120,Bad,659089,0.2694209295034127,1,555639,0,1,Personal,1
45,799706,Self-Employed,6,910587,60,Bad,121449,0.15186687124159223,0,600988,3,0,Car,0
63,557509,Business,24,858094,120,Good,530696,0.9519040017219422,0,263369,4,1,Home,0
47,901608,Salaried,1,1325377,180,Good,771668,0.8558787678472597,0,169259,1,1,Home,0
54,1213128,Salaried,1,1306182,24,Good,754965,0.6223287053561493,0,786157,2,0,Personal,0
63,2419404,Salaried,6,1422175,24,Good,578528,0.2391199489130592,0,336940,0,0,Education,0
31,2469203,Self-Employed,2,1200187,36,Good,582334,0.2358387561335556,1,16488,1,0,Education,0
32,828029,Self-Employed,11,1116970,12,Bad,176978,0.21373380191538954,0,1107908,1,0,Business,0
25,1648474,Self-Employed,3,1150569,120,Bad,170458,0.10340344864192663,0,889459,0,0,Business,0
62,1026644,Self-Employed,0,556357,60,Bad,8539,0.008317383321401263,1,132335,1,0,Home,1
35,1069656,Business,12,998128,36,Good,361799,0.33823833247480267,1,580420,5,1,Personal,0
43,2007987,Salaried,13,638085,36,Good,51798,0.02579597089225633,1,1467806,5,1,Car,0
31,936460,Salaried,5,703761,24,Bad,467508,0.49922847828153016,1,1039970,3,0,Car,1
37,398747,Business,5,1817174,36,Average,435935,1.0932594019280348,0,1352471,2,0,Car,1
50,2196409,Salaried,1,406668,60,Bad,360013,0.1639097436271006,1,685352,1,0,Education,1
64,2000414,Business,12,1766057,180,Good,647659,0.3237623193187414,1,1456011,1,0,Car,0
29,1454996,Business,0,942724,12,Average,186807,0.1283899554432071,0,1497879,1,1,Business,0
28,1231284,Salaried,6,596848,120,Bad,582678,0.47322756307434916,0,461365,4,1,Education,0
34,2453261,Salaried,0,1837237,180,Bad,91257,0.03719822831805164,1,1052091,1,0,Home,1
46,1444447,Self-Employed,24,643358,24,Bad,648852,0.44920412503599993,0,228497,5,1,Personal,0
33,704087,Business,1,1513122,12,Average,663662,0.9425838815602595,0,1007470,0,0,Car,1
34,362821,Business,11,1650083,120,Average,735901,2.028270060801164,0,435485,5,1,Business,1
50,2095901,Salaried,24,934729,36,Bad,758947,0.36210996506516047,0,1258303,0,1,Personal,0
54,1950927,Business,23,475037,12,Average,759129,0.3891117457948218,0,942151,5,0,Car,0
51,1381633,Business,15,926611,36,Bad,337088,0.24397778282815855,1,1137718,3,1,Business,1
34,475970,Business,4,264117,12,Bad,738165,1.5508612919694686,0,1158949,5,0,Car,0
24,1435590,Salaried,1,1369837,120,Average,249975,0.17412689268740192,0,618214,2,1,Car,0
60,1270112,Self-Employed,32,1350557,180,Average,490533,0.38621209293976205,1,1379721,0,0,Personal,1
48,300685,Salaried,3,1595851,120,Good,150619,0.5009179010662286,0,760416,5,0,Home,1
61,1437758,Business,14,1579451,120,Average,395822,0.2753048320337414,0,802914,5,1,Education,0
22,1726812,Business,1,272873,36,Bad,222322,0.12874700387360993,0,20875,1,0,Car,0
37,188607,Salaried,9,1388223,120,Good,416981,2.2108341109602985,0,1149672,2,1,Education,1
41,204335,Self-Employed,20,131748,60,Average,686779,3.3610279148069844,0,1113771,4,0,Personal,0
59,2013959,Business,33,1707417,180,Average,134962,0.06701324753222507,0,256760,0,1,Education,0
58,1809643,Salaried,33,1705626,180,Average,160094,0.08846712392050592,1,976918,3,1,Car,1
42,1837222,Business,19,686364,60,Average,55916,0.030435064224647743,0,672960,3,1,Business,0
24,2215383,Business,3,605564,120,Good,185217,0.08360491905692197,0,867481,3,0,Car,0
47,831045,Business,2,1433782,12,Bad,150434,0.1810176572656628,1,570569,5,0,Business,1
61,1871772,Salaried,38,311745,180,Average,720643,0.3850055535580436,1,1403396,3,1,Car,0
56,1586703,Business,24,1904413,36,Good,58122,0.036630650707378316,1,1007260,1,0,Education,0
42,385591,Self-Employed,6,1554793,36,Average,582570,1.5108456606983547,0,398115,4,1,Car,1
36,1816377,Business,5,1730442,24,Good,607493,0.33445296078239223,1,860513,5,1,Personal,0
47,2386054,Salaried,26,1109288,180,Average,343671,0.1440331425721536,0,915885,0,1,Business,0
35,316437,Business,1,411995,60,Good,424022,1.339984451930552,0,36972,0,1,Education,1
30,870561,Salaried,5,921836,180,Average,3052,0.0035057813228695947,1,289416,4,1,Business,1
57,1831176,Business,7,1429494,12,Average,393781,0.21504256551933537,0,1004802,0,1,Personal,0
52,1537746,Self-Employed,1,77597,36,Good,336433,0.2187830637939791,0,431613,5,0,Car,0
39,1636029,Business,18,1529989,12,Bad,572922,0.3501903999315416,1,816473,0,0,Business,1
48,1550264,Self-Employed,18,830768,60,Average,393650,0.2539243290663209,1,632822,2,0,Car,0
25,465968,Business,2,971463,60,Good,432809,0.9288364676620119,0,432331,1,0,Education,0
33,2443729,Salaried,9,859010,36,Bad,334192,0.1367548788123074,1,514771,4,1,Car,1
23,533146,Salaried,2,932169,120,Good,280831,0.526742155540592,1,446049,4,1,Car,1
42,936615,Salaried,16,1668755,180,Bad,46901,0.05007495067348839,1,366056,3,1,Car,1
29,515991,Self-Employed,4,1602104,120,Bad,519149,1.0061183119118127,0,804406,4,0,Home,1
36,400759,Salaried,14,72838,12,Average,302872,0.7557440862361513,1,602288,4,1,Business,1
29,2105702,Business,0,186772,180,Average,694199,0.32967564751534284,0,796680,3,1,Car,0
26,2433115,Self-Employed,4,1640041,36,Average,412699,0.16961747816380313,1,43815,5,1,Education,0
47,2322149,Self-Employed,3,661530,180,Bad,417876,0.17995219947031846,1,710463,5,1,Home,1
38,2259234,Self-Employed,2,677901,60,Good,95220,0.04214700993920509,1,91860,5,0,Home,0
41,141797,Salaried,7,933601,180,Bad,770227,5.431860816090495,0,590620,5,1,Home,1
41,1170600,Business,18,479201,12,Bad,661944,0.5654736327749592,1,1401718,4,0,Car,1
58,576331,Salaried,10,67903,120,Bad,687859,1.193511725880222,0,809427,0,0,Personal,0
21,1781241,Business,0,1300050,12,Bad,406782,0.22836986776642365,0,369556,0,1,Car,1
39,563884,Business,13,235715,24,Bad,153405,0.27205015207001426,1,1457750,2,1,Business,1
47,653963,Self-Employed,22,1469290,36,Good,293805,0.44926784960640037,1,17184,3,1,Business,1
51,2424689,Business,19,233719,120,Good,121246,0.05000474287434682,0,339749,5,0,Car,0
61,270408,Salaried,8,1087004,60,Good,237439,0.8780735848289073,0,346655,1,1,Personal,1
46,1261219,Business,20,309383,36,Average,363309,0.2880615594424446,1,176682,3,1,Education,0
64,1919215,Self-Employed,5,628078,12,Good,732320,0.3815724754274662,0,337990,0,1,Car,0
22,657488,Salaried,1,519284,36,Bad,676651,1.0291442138195468,1,1353168,4,0,Personal,1
58,1583138,Business,29,1772629,180,Average,455235,0.2875521353462962,0,493496,0,0,Business,0
26,1388748,Self-Employed,2,1123877,120,Bad,569051,0.4097579908248359,1,1200413,3,1,Personal,1
56,1176001,Business,35,1453719,24,Average,415660,0.35345177984391185,0,783849,1,1,Education,0
29,855101,Self-Employed,0,579740,60,Good,111153,0.12998800143140818,1,192543,1,1,Home,0
63,1449020,Self-Employed,30,450717,60,Bad,1845,0.0012732734722271106,0,1167918,5,1,Education,0
49,1116270,Self-Employed,18,1837226,24,Good,247688,0.2218887707375718,0,558692,4,1,Education,0
63,1094939,Salaried,23,1193835,24,Average,124451,0.11366010922972948,0,440691,1,1,Personal,0
45,2288226,Salaried,3,682909,36,Good,703577,0.3074769242736844,0,106759,3,1,Personal,0
35,1956294,Business,9,682592,120,Average,104959,0.05365192877352342,0,1287893,5,0,Home,0
32,1298321,Business,7,1746941,120,Average,444846,0.3426314889526635,0,1159935,4,1,Car,0
36,748420,Business,1,1157839,120,Average,674035,0.9006094163579055,1,1109240,0,1,Education,1
47,2124254,Business,8,1800062,60,Good,767018,0.3610762361392582,0,396608,1,0,Business,0
49,1983096,Self-Employed,15,992969,12,Good,441371,0.22256652095182433,0,1136469,1,0,Car,0
42,227154,Self-Employed,17,1098378,180,Bad,476154,2.0961634126477517,1,706465,2,1,Home,1
30,1056184,Self-Employed,6,659019,36,Bad,173412,0.16418714524444109,0,663227,3,0,Education,0
35,1125591,Business,9,772300,180,Bad,519897,0.4618876111415149,1,37869,1,1,Home,1
30,1031604,Self-Employed,1,926143,120,Bad,328396,0.3183350216410351,0,1390106,0,0,Car,1
27,2087791,Salaried,1,792647,60,Average,759925,0.3639850138327956,1,315414,0,1,Education,0
47,852119,Salaried,16,1577379,12,Good,395462,0.46409191193728583,1,1330730,3,0,Home,1
39,1002622,Salaried,11,959222,36,Average,125223,0.12489539936745915,1,522886,5,1,Home,1
45,1067176,Salaried,12,1257142,120,Good,314096,0.2943241842730868,0,36719,5,0,Education,0
54,2324423,Self-Employed,17,642127,12,Bad,302069,0.1299543456787574,1,182075,1,1,Personal,1
22,207745,Salaried,0,667997,24,Bad,304431,1.465400055837417,0,426228,4,0,Home,1
32,1123231,Salaried,11,1837702,60,Good,439707,0.39146587704054014,0,220013,0,1,Education,0
24,133698,Salaried,0,65376,12,Good,476870,3.566743206755473,0,275261,5,0,Education,0
25,2212902,Business,1,1317426,180,Good,328624,0.14850357200473766,0,687055,1,0,Personal,0
59,563226,Business,37,142529,180,Good,467121,0.8293654245978975,1,1488281,5,0,Business,0
34,592803,Business,3,1821246,60,Bad,209870,0.3540293250382926,1,593695,1,1,Personal,1
34,739113,Business,12,1196131,12,Good,527433,0.7136016906728867,1,1145865,2,0,Business,1
44,540129,Self-Employed,7,201744,180,Average,169598,0.3139947790346768,1,909251,0,1,Car,0
36,1676321,Self-Employed,11,1325286,12,Good,694058,0.41403620545456066,0,863601,0,0,Home,0
33,198743,Business,10,441731,120,Bad,604146,3.03982007003985,1,1313107,0,1,Home,1
62,848927,Self-Employed,7,169095,36,Good,559836,0.6594622865543368,0,951399,2,0,Education,0
26,986603,Business,3,357558,120,Bad,597359,0.6054698744379711,1,985848,5,0,Business,1
62,386441,Salaried,9,922911,120,Average,98752,0.25554158191914955,1,136080,5,0,Education,1
46,267892,Salaried,13,472418,120,Good,591444,2.207762054253004,0,60263,4,0,Home,1
61,2233727,Self-Employed,18,1181899,12,Good,706502,0.316288285771589,0,1213520,0,0,Home,0
57,262712,Business,5,177129,60,Good,778810,2.9644897663990744,0,532191,0,0,Education,0
25,563172,Salaried,3,370098,180,Average,286045,0.5079167502703432,0,757902,4,1,Business,0
36,486099,Self-Employed,12,594043,120,Good,321961,0.6623349105122402,0,788525,1,0,Home,0
49,819400,Business,10,1751578,120,Average,91544,0.1117206349516293,1,355113,1,1,Home,1
29,230675,Business,4,909029,120,Good,215196,0.9328928887270457,0,134974,0,1,Car,1
25,1136487,Self-Employed,2,1249744,60,Good,143092,0.12590718071814222,0,241472,1,0,Business,0
59,135675,Business,4,1216960,12,Bad,78229,0.5765868687166484,1,613337,4,0,Car,1
26,1388895,Business,2,1978329,60,Good,726262,0.5229059627214708,1,812897,3,0,Education,1
64,854543,Business,37,1410706,12,Good,337540,0.3949942893519819,1,797177,0,1,Home,0
55,1372002,Self-Employed,21,972532,120,Good,229333,0.16715196686887712,0,572854,2,0,Car,0
52,493218,Business,30,526908,180,Good,346228,0.7019762012412336,1,170951,3,1,Business,1
62,2396881,Business,3,1385827,120,Good,684153,0.2854345770880669,0,920200,1,0,Car,0
58,1700568,Self-Employed,3,1089528,60,Bad,719148,0.4228866926305254,1,1178152,5,0,Car,1
39,1952717,Business,14,527698,60,Bad,245620,0.12578365130039257,0,530929,5,0,Personal,0
36,2437574,Self-Employed,13,1169877,12,Average,639411,0.2623143903264515,0,1459015,1,1,Business,0
60,1173535,Salaried,4,1746989,24,Average,385939,0.328868479535353,0,27215,1,1,Home,0
22,287198,Business,1,391180,24,Bad,644621,2.2445099042823964,1,576231,4,0,Education,1
49,797578,Business,4,1048512,24,Average,319349,0.4003979543092283,1,660319,3,0,Home,1
35,670162,Salaried,5,1418737,180,Average,567607,0.8469685733172377,0,744976,3,0,Business,0
45,404599,Business,16,1417753,180,Average,504283,1.2463741967375186,0,1238008,1,1,Education,0
38,1201311,Business,13,1339783,180,Bad,128305,0.10680406089342319,0,414927,0,1,Car,0
27,962721,Self-Employed,1,1461652,180,Bad,665428,0.6911943427074483,0,258946,2,0,Education,1
64,462925,Salaried,3,1652028,60,Average,104946,0.22670145984455398,0,1260561,4,1,Personal,0
55,1043618,Business,18,1370055,120,Bad,501571,0.480607386412091,1,317152,1,0,Education,1
33,385721,Self-Employed,12,1758012,180,Average,426141,1.104787904241915,1,1023585,5,1,Car,1
44,729003,Self-Employed,0,106680,60,Bad,28400,0.03895726223724424,0,506367,1,0,Car,0
39,138510,Self-Employed,8,515705,120,Bad,314326,2.269321570128004,1,759987,3,1,Business,1
24,1665701,Salaried,3,741204,60,Average,754283,0.45283189910320093,1,535382,4,0,Personal,1
57,1400956,Salaried,10,1469702,60,Bad,453962,0.32403706894644163,0,52748,5,0,Home,0
28,2124478,Business,5,735521,180,Average,400498,0.18851586671367426,0,288683,3,0,Car,0
38,353670,Self-Employed,17,1917691,60,Bad,25741,0.07278233160196906,1,1201934,1,1,Home,1
50,1443038,Business,11,315199,24,Bad,645452,0.4472865944718057,0,1153393,2,1,Education,0
43,1702185,Business,0,1842229,60,Good,452834,0.2660308567923834,0,521315,4,0,Business,0
40,1948918,Business,2,1737047,12,Average,641447,0.3291296354543211,1,1046842,4,1,Business,1
27,1907137,Salaried,4,572117,36,Good,455899,0.23904877360736349,1,1168931,4,0,Car,0
62,2448941,Business,8,78106,60,Average,748118,0.3054862058799269,0,802161,2,0,Home,0
22,2143106,Business,0,171649,36,Bad,366074,0.17081461634906703,1,492665,2,0,Education,1
31,2104030,Business,8,653347,24,Bad,155739,0.07401934667312411,0,130514,3,1,Home,0
21,1194106,Salaried,0,291348,60,Average,15305,0.01281710935452183,0,109097,5,0,Car,0
54,1911203,Business,1,542049,120,Bad,52044,0.027231002028040963,1,1008882,4,0,Car,1
40,1795902,Self-Employed,10,1517965,60,Good,457183,0.2545699851272591,0,948511,1,1,Car,0
58,1269622,Salaried,27,1266841,12,Bad,500181,0.3939602543432184,1,397046,0,0,Car,1
42,1936490,Business,18,335648,24,Average,634839,0.3278295638864317,1,1366435,1,0,Business,0
56,904717,Salaried,35,1040533,12,Bad,640648,0.708118993984866,0,363284,3,0,Education,1
50,1990942,Business,7,1491975,24,Bad,795907,0.3997638305064484,1,194202,1,0,Education,1
45,1735620,Self-Employed,18,1703594,120,Average,421128,0.24263822574167979,0,606990,3,1,Personal,0
61,420767,Business,7,1931070,60,Bad,56690,0.13472982736329758,1,1147556,2,0,Business,1
59,1041594,Salaried,18,211080,12,Good,582992,0.5597108281049736,1,456082,2,1,Business,0
35,2480406,Salaried,2,525197,180,Good,131458,0.05299856031691573,1,215192,2,1,Business,0
40,2002809,Self-Employed,17,1057480,120,Good,31566,0.01576085599732376,0,1289876,5,0,Home,0
49,1960639,Self-Employed,9,1338204,60,Good,581166,0.2964164762526522,0,627761,3,1,Home,0
23,1692180,Business,0,309201,120,Bad,741187,0.43800692715495565,1,531022,0,1,Education,1
53,431493,Salaried,6,1534946,60,Bad,138923,0.3219581268800957,0,132672,2,0,Home,0
46,1922572,Salaried,13,506021,60,Bad,374557,0.19482069081382086,1,997887,3,1,Business,1
40,1020794,Salaried,9,1457539,36,Good,103612,0.1015012808644243,0,86120,1,0,Home,0
59,710888,Self-Employed,36,844944,180,Bad,167797,0.23603825632412373,1,313678,0,1,Home,1
38,1938284,Salaried,0,563796,24,Average,183505,0.09467389986508692,1,1320431,1,0,Car,0
30,653885,Salaried,3,1841456,120,Average,572310,0.8752443086409558,0,513959,4,1,Home,0
54,531998,Salaried,6,515360,36,Good,710373,1.3352901039287668,0,501525,4,0,Home,0
35,1254321,Self-Employed,1,1333224,12,Average,319540,0.25475117234649475,1,1163412,5,0,Car,1
22,640410,Self-Employed,0,430703,120,Good,744875,1.1631202462168826,0,424018,1,1,Home,0
46,1648545,Business,13,761182,180,Bad,444819,0.2698250458282632,0,364833,3,1,Home,0
39,1859528,Salaried,6,678556,180,Average,312282,0.1679360741349019,0,586686,3,1,Education,0
55,2012236,Self-Employed,14,1224189,60,Bad,102071,0.050725138241668355,1,110572,5,0,Car,1
56,2303540,Self-Employed,2,1912625,180,Average,74258,0.0322364568288561,0,836507,0,1,Education,0
27,521099,Self-Employed,4,1669085,120,Average,148269,0.2845308002302821,0,1416642,2,0,Business,0
44,537799,Self-Employed,4,1716749,120,Average,603826,1.1227705466716251,1,324158,3,1,Personal,1
34,750167,Self-Employed,5,1606280,60,Average,338974,0.45186411577140057,0,1021445,2,1,Car,0
35,1283842,Self-Employed,10,496850,60,Average,799131,0.6224522780433434,0,1279817,1,0,Education,0
53,199183,Business,9,1661040,180,Good,532451,2.6731614989155754,0,123844,3,0,Car,1
64,1320791,Salaried,43,1889928,120,Average,607199,0.4597234083792149,1,824428,4,1,Personal,1
56,2264404,Business,11,1151332,60,Bad,352690,0.15575393977667423,0,393236,2,0,Personal,0
26,2416397,Self-Employed,5,1597840,120,Good,85333,0.03531413285394211,0,272951,2,0,Car,0
23,838525,Self-Employed,1,951125,36,Good,8382,0.009996112225500462,1,516243,4,0,Car,1
22,659353,Self-Employed,0,64425,180,Average,799543,1.2126156814093796,1,1220447,1,1,Personal,1
43,1885113,Self-Employed,5,393190,36,Good,533104,0.282796690279739,1,2175,5,1,Personal,0
57,2406113,Business,21,1560686,24,Bad,84358,0.035059851694474994,0,1221224,4,1,Personal,0
36,678867,Salaried,10,721915,180,Average,574065,0.8456209454562595,1,1447698,4,0,Car,1
31,324750,Business,1,585852,24,Bad,629443,1.9382326767277083,1,988144,3,0,Education,1
43,2404302,Business,13,1449467,12,Bad,797634,0.3317526950638085,0,371551,1,0,Business,0
60,1827621,Salaried,21,1141213,24,Bad,673726,0.3686353086141445,0,1072852,2,1,Education,0
35,275647,Salaried,9,353374,180,Good,734784,2.665660552588809,0,999767,3,1,Car,1
30,798381,Self-Employed,9,1507449,36,Good,297203,0.37225663905248363,0,1050108,2,0,Home,0
36,2385980,Self-Employed,8,156734,24,Average,730002,0.3059546576439628,0,951710,0,0,Home,0
56,1859783,Salaried,23,1964247,12,Bad,280786,0.15097774795352578,0,1417582,5,1,Personal,0
42,790774,Self-Employed,8,1227209,180,Average,641469,0.8111902880085992,1,586347,3,1,Home,1
57,2218055,Self-Employed,0,890667,60,Average,189637,0.08549693966247922,0,841774,3,1,Car,0
31,1989060,Salaried,1,399207,180,Bad,422227,0.21227453557231277,1,621828,5,0,Education,1
21,2078997,Business,0,833185,120,Bad,180653,0.08689426348654496,1,1168964,5,0,Education,1
47,915063,Business,24,1185964,120,Bad,649086,0.7093339919393616,0,1492305,1,1,Business,1
43,1240368,Salaried,16,1106943,36,Average,758961,0.6118832379719261,0,943015,5,1,Personal,0
51,971728,Business,28,377985,60,Bad,546169,0.5620589691158749,1,856665,5,0,Car,1
48,1886087,Business,22,1106509,24,Average,345529,0.18319876909242835,1,765127,2,1,Home,0
58,2093020,Self-Employed,22,921022,36,Bad,368543,0.17608184533265553,0,321289,2,0,Education,0
21,1128358,Salaried,0,891244,24,Good,202682,0.1796254560826829,1,1231148,2,0,Personal,1
57,1094090,Business,21,444833,36,Bad,259711,0.23737605007261736,1,625122,5,1,Education,1
23,375549,Self-Employed,0,1841624,12,Average,482843,1.2856956463853015,1,393727,2,0,Home,1
48,1898650,Salaried,13,751893,36,Bad,270640,0.14254331101397782,0,1169098,0,0,Car,0
37,1728439,Business,6,1699478,24,Average,93566,0.0541332068223369,0,1300637,4,0,Education,0
21,521914,Self-Employed,0,1300040,24,Good,748423,1.4339940411752872,1,956996,5,1,Business,1
28,157355,Business,2,1529606,36,Good,687005,4.36592821373192,0,740174,3,0,Personal,1
64,1714522,Business,12,1618333,24,Bad,239204,0.13951635527782363,1,277941,5,0,Business,1
59,2182574,Self-Employed,12,580553,12,Good,520335,0.23840417855056528,0,1251782,2,1,Education,0
55,2147419,Business,34,1817942,180,Bad,511933,0.2383944454275363,0,1226993,5,1,Business,0
40,217375,Salaried,5,1902092,120,Bad,351591,1.6174324672456941,1,528671,1,0,Car,1
59,2312209,Salaried,14,1842563,180,Average,383829,0.1660009255214708,1,1145493,4,0,Business,1
41,2195713,Self-Employed,7,1362628,36,Bad,506705,0.23077003653481282,0,1472150,4,1,Home,0
61,1380680,Self-Employed,6,1260280,180,Good,32309,0.023400771068769685,1,795712,1,0,Personal,0
24,933389,Business,3,1431219,60,Average,617345,0.6614009149444497,0,1420785,2,1,Personal,0
34,1624915,Business,8,723769,60,Average,779824,0.4799165002990924,1,843399,3,0,Education,1
41,1656519,Self-Employed,4,166751,12,Average,705641,0.42597795378262865,1,48231,0,1,Car,0
38,2436400,Salaried,14,1242894,180,Bad,163674,0.06717859662674576,0,1332304,1,0,Personal,0
51,2077692,Self-Employed,4,284856,24,Average,516328,0.2485102467015098,1,1416801,1,1,Personal,0
23,2253520,Self-Employed,1,1287293,120,Bad,27426,0.01217028818457871,0,904064,5,1,Business,0
49,1324540,Self-Employed,0,563168,36,Average,619185,0.46747137310207837,0,976729,1,1,Personal,0
38,989530,Business,15,506185,24,Good,41291,0.04172784884960653,1,1087381,3,1,Car,0
31,1514354,Business,0,879722,120,Average,85186,0.056252331850853994,1,828424,4,0,Business,0
57,905088,Salaried,3,1915407,120,Average,119374,0.13189200178104032,0,1353818,3,0,Car,0
43,935182,Self-Employed,6,787902,36,Average,773085,0.8266670801329793,1,306489,1,1,Car,1
38,2348610,Salaried,14,379314,36,Bad,40878,0.017405181190073622,0,200741,0,1,Personal,0
34,1783216,Business,9,1038807,180,Good,434737,0.24379366055841772,0,542671,5,1,Business,0
30,1707497,Salaried,4,240091,24,Average,743472,0.4354160297698738,0,1394317,5,0,Education,0
55,852444,Self-Employed,11,1173955,180,Good,233553,0.27398013948113953,1,564267,1,0,Car,0
22,775954,Self-Employed,1,478596,36,Average,700416,0.9026502825550451,0,1441084,3,0,Car,0
45,762531,Self-Employed,1,1001186,36,Bad,542516,0.7114665351749172,0,548297,4,0,Personal,1
42,1579222,Self-Employed,19,1153062,24,Average,489881,0.3102038154206214,1,717654,3,0,Home,1
60,1906999,Salaried,7,1501537,60,Good,368808,0.19339695857367592,1,1258181,2,1,Education,0
56,1879268,Salaried,4,1874998,24,Average,221437,0.117831454677324,1,1354056,0,1,Business,1
40,421065,Salaried,3,1638453,12,Bad,36375,0.08638788218474064,0,43085,0,0,Car,1
21,2108506,Self-Employed,0,1129558,60,Good,290658,0.13785014704717605,1,195961,3,1,Personal,0
41,1624777,Business,0,94845,12,Average,254259,0.15648845565363392,1,1156993,4,1,Business,0
60,2306940,Self-Employed,3,680010,60,Bad,236444,0.10249243478701883,0,838884,5,0,Home,0
40,2486760,Business,12,253729,36,Bad,271984,0.10937279457092981,1,495832,0,1,Business,1
35,2053630,Business,1,1114367,120,Good,314771,0.15327534498651413,1,1439605,4,1,Business,0
47,491698,Salaried,4,1185649,120,Average,249894,0.5082255607597331,1,296514,0,0,Education,1
44,1314882,Self-Employed,12,347560,12,Average,72439,0.05509159370073231,0,542530,4,0,Personal,0
49,991510,Self-Employed,6,1813720,60,Good,396900,0.40029813083263827,0,417011,5,1,Education,0
24,261503,Salaried,3,401771,120,Average,90381,0.3456199522760646,1,352171,1,1,Business,1
33,976798,Business,0,1742531,120,Bad,335014,0.342971276588121,1,571675,0,0,Personal,1
52,1972040,Self-Employed,27,949321,180,Average,59486,0.03016468724534632,0,991348,4,1,Personal,0
30,2081039,Salaried,5,762111,180,Bad,81098,0.03896993810786914,1,644034,3,1,Car,1
61,2091022,Self-Employed,12,1416825,120,Good,196979,0.09420221585319721,0,23404,0,0,Business,0
27,1635675,Business,5,1679196,180,Bad,170491,0.10423274536032809,1,1422115,3,0,Personal,1
35,228269,Self-Employed,4,482458,120,Average,34142,0.14956849345073817,1,109699,2,0,Education,1
54,2319433,Self-Employed,29,1632252,120,Average,511315,0.22044817830556937,1,500508,1,1,Home,1
49,1772408,Salaried,17,244068,180,Bad,393327,0.22191661179784125,1,541833,0,1,Personal,1
32,1395421,Self-Employed,2,746480,24,Average,279953,0.20062246402880277,1,970317,5,1,Personal,0
41,2172592,Self-Employed,10,800963,24,Bad,733838,0.3377705810522265,1,412707,5,1,Education,1
42,1140576,Self-Employed,8,1520202,180,Good,77734,0.06815322420143488,1,456982,2,1,Personal,0
22,2126209,Salaried,1,578118,120,Average,196339,0.0923422427699992,1,1207405,3,0,Personal,0
23,1118982,Self-Employed,0,1508038,12,Good,24996,0.02233814097265106,1,313456,1,0,Home,1
56,1410028,Self-Employed,15,1822015,60,Bad,290846,0.20626951644256963,1,618657,1,0,Home,1
21,1097639,Business,0,54522,24,Bad,428535,0.3904148901279108,0,1431054,0,1,Home,0
37,2378697,Salaried,5,1532247,12,Good,599980,0.25223042185262695,1,541729,4,0,Education,0
52,1430185,Self-Employed,3,1386939,120,Good,103153,0.07212558366534143,0,599255,1,1,Education,0
45,1912803,Salaried,6,96025,36,Bad,260281,0.13607301113966722,1,1370606,3,1,Car,1
21,427633,Self-Employed,0,82664,180,Bad,766159,1.791623210502439,1,143492,2,1,Home,1
24,1632709,Self-Employed,1,275648,12,Good,642150,0.3933031585523455,1,491127,0,0,Personal,0
34,1486639,Business,6,786648,24,Good,496142,0.33373378894688693,0,397348,1,0,Business,0
40,1058055,Salaried,14,387044,36,Average,26296,0.024853126866630878,0,1197714,4,0,Education,0
51,1770037,Salaried,5,1163347,12,Good,500010,0.2824854607641192,0,944988,1,0,Business,0
23,643136,Self-Employed,2,610910,12,Average,298030,0.4634004885428766,0,1189549,1,0,Education,0
51,1349510,Self-Employed,16,563271,60,Good,505042,0.3742407434989415,0,163878,3,0,Business,0
23,274525,Self-Employed,2,1562185,60,Average,787868,2.869921246075053,1,452029,3,0,Business,1
34,1869922,Self-Employed,11,758537,180,Good,402521,0.21526073533509132,0,32646,4,1,Education,0
55,1423793,Self-Employed,13,578446,180,Good,74236,0.052139565133720187,1,1124643,2,0,Education,0
44,256615,Business,20,1534140,120,Bad,346261,1.3493351934407831,1,954183,0,0,Business,1
25,649087,Business,3,799130,24,Bad,374673,0.5772298979491225,1,911145,0,0,Home,1
50,1098062,Business,5,1392388,24,Average,135183,0.12311042262602419,1,1466478,0,0,Education,1
63,548410,Business,33,824426,24,Good,446732,0.8145934344861792,1,641507,2,1,Car,1
29,1206706,Self-Employed,5,419438,60,Good,375581,0.31124456889700647,0,145250,5,1,Home,0
48,2089124,Business,24,1819375,24,Good,437090,0.20922156405193562,0,759893,5,0,Car,0
50,1581215,Self-Employed,22,142199,120,Bad,165024,0.10436524801165685,0,551614,0,0,Personal,0
56,837463,Salaried,30,1290505,120,Bad,335782,0.4009509662504896,0,1029677,4,0,Home,0
30,1041887,Salaried,0,559603,60,Good,332187,0.3188317746245278,1,1108495,1,0,Car,0
28,2040463,Business,6,350279,24,Bad,691018,0.33865728579381943,1,1340416,5,1,Home,1
32,383672,Business,5,136491,120,Good,44588,0.11621354643146638,0,201657,0,0,Personal,0
21,916551,Business,0,1436613,36,Bad,16167,0.017638933742984576,0,1159358,2,1,Home,1
44,346406,Salaried,6,185753,24,Bad,604579,1.7452851703343177,1,590296,3,0,Education,1
30,1865234,Self-Employed,1,1723820,60,Average,194499,0.10427586872431624,0,523764,1,0,Education,0
49,501150,Business,16,972889,12,Good,489114,0.9759812910679615,0,1194356,0,0,Business,0
35,1883998,Salaried,4,923275,12,Bad,11002,0.005839705859716486,0,953657,0,1,Home,0
46,341746,Salaried,3,260995,24,Good,792272,2.3182997948774973,0,539442,2,0,Car,1
34,1658252,Self-Employed,8,472618,120,Bad,266496,0.16070889062163615,1,262328,0,0,Business,1
54,438477,Business,16,499794,12,Good,713569,1.6273769721627995,0,116775,0,1,Personal,0
22,1272417,Business,1,540846,24,Bad,378888,0.2977700724133107,1,211293,3,0,Personal,1
41,1566876,Salaried,5,918729,60,Average,78872,0.050337071767598864,0,996454,5,0,Business,0
64,1397752,Self-Employed,36,1902175,12,Average,87844,0.06284658305151196,1,772427,1,0,Business,1
40,1773384,Salaried,6,573292,36,Average,666142,0.37563304076666937,0,1221650,3,0,Personal,0
43,204458,Business,20,453243,12,Good,407202,1.9916071192757472,0,396742,5,1,Home,1
30,1400609,Salaried,3,701729,12,Bad,100960,0.07208287817450967,0,147745,3,1,Personal,0
55,1299280,Business,27,527965,180,Bad,75937,0.05844540172603155,0,653935,2,1,Education,0
33,1880352,Self-Employed,8,1238406,120,Good,591297,0.3144606358486944,1,406497,4,0,Home,0
49,2249700,Business,3,1061403,36,Good,368121,0.1636310780854878,0,224731,2,0,Education,0
40,1106291,Salaried,17,1349636,120,Good,398270,0.3600044111319615,1,100020,4,0,Education,0
47,186846,Self-Employed,26,492985,60,Bad,291456,1.5598644880570733,1,376330,1,0,Business,1
59,670846,Business,20,607524,60,Bad,497425,0.7414879994991407,0,569364,2,0,Home,1
24,283148,Self-Employed,1,165827,60,Good,468380,1.6541820737491568,1,803767,4,0,Personal,1
47,207995,Business,18,1550976,24,Average,382784,1.840343083520837,1,320338,3,1,Home,1
21,1071463,Salaried,0,496288,60,Bad,700948,0.6541965012356925,1,958037,1,1,Education,1
59,557734,Salaried,31,1672320,60,Bad,579779,1.0395241467722127,1,270187,4,1,Business,1
52,1932867,Business,20,1239824,120,Bad,397152,0.2054729034781475,1,1393352,0,1,Business,1
36,1212734,Salaried,14,266197,24,Bad,709697,0.5852036924802203,0,845763,4,1,Business,0
43,2148277,Salaried,10,1542716,24,Bad,422058,0.19646339998826967,1,672818,0,1,Home,1
36,393314,Self-Employed,0,654433,60,Good,786427,1.999483874248376,1,1268219,0,1,Home,1
63,2427396,Business,15,64990,120,Average,661801,0.27263813871402165,1,991725,1,1,Education,0
39,2132039,Salaried,14,1519065,120,Good,654511,0.30698814281157955,1,203161,5,0,Car,0
64,2334934,Salaried,12,448216,24,Good,52499,0.022484137674068014,0,1305599,3,0,Business,0
64,2365560,Business,36,930279,24,Average,707691,0.29916413062271485,0,371603,3,1,Car,0
50,912904,Business,12,415296,120,Average,158352,0.17345945087385872,1,1201507,5,0,Personal,0
39,1307910,Business,2,1629872,60,Good,80799,0.0617771392701797,1,235018,1,0,Business,0
22,696380,Business,1,1797088,180,Good,573392,0.8233883463219128,0,155355,5,0,Business,0
60,1912470,Self-Employed,23,1537964,120,Bad,790787,0.4134896686015108,1,1344421,4,1,Home,1
39,1098778,Self-Employed,3,695026,180,Good,469363,0.4271677926134373,1,663621,2,0,Education,0
43,1983398,Business,13,394318,12,Average,220079,0.1109605278615145,0,1291527,1,0,Education,0
33,1703527,Business,8,1776676,60,Bad,495262,0.2907272436966108,1,1181683,3,1,Business,1
58,1570095,Salaried,22,99334,120,Good,186964,0.11907806911169763,1,1240844,4,1,Education,0
46,326823,Self-Employed,6,822333,36,Good,162325,0.49667405086529753,1,679590,1,1,Education,1
50,1961041,Salaried,29,839097,36,Good,289169,0.1474568112258687,0,416749,1,0,Home,0
59,2032669,Self-Employed,25,568982,24,Average,283142,0.13929560627155416,0,1036484,0,1,Car,0
38,1772108,Salaried,7,409175,36,Average,630175,0.3556073582381219,0,515728,5,0,Car,0
35,1754936,Self-Employed,14,244855,60,Average,356338,0.20304888437590637,0,726099,2,1,Home,0
26,244716,Business,1,59907,24,Bad,557068,2.276376385784396,0,451095,5,0,Education,1
48,1085701,Self-Employed,23,1328208,12,Bad,780504,0.7188933980042406,1,91005,4,1,Personal,1
53,1141983,Business,23,1876650,60,Average,400662,0.35084729733516407,1,181532,1,1,Car,1
41,2476825,Salaried,19,1373663,120,Bad,403522,0.16291899390591022,1,167856,4,0,Car,1
60,341099,Business,24,1521766,60,Good,27371,0.08024333040164175,0,1147322,0,0,Business,0
53,758288,Salaried,16,642819,12,Average,563385,0.7429687098190796,1,1214632,3,1,Business,1
24,797510,Self-Employed,1,281944,24,Average,56790,0.07120904915418094,0,802080,3,0,Business,0
24,2251745,Self-Employed,2,1585828,12,Good,796247,0.35361315174979774,0,931298,0,0,Home,0
29,337872,Self-Employed,4,1781771,120,Bad,335500,0.992976650990165,0,573570,3,0,Home,1
24,828074,Self-Employed,3,73814,36,Good,155161,0.18737553965522447,0,449047,2,0,Home,0
30,1744804,Self-Employed,9,354422,36,Good,178066,0.10205495743077307,0,760395,3,1,Education,0
42,958628,Self-Employed,13,1285147,120,Average,543708,0.5671724932168754,1,1204884,2,1,Business,1
57,2447613,Self-Employed,17,1830843,36,Bad,214202,0.0875146162752787,1,142298,4,0,Personal,1
32,2064353,Salaried,5,1079300,120,Bad,209944,0.10169961159762328,1,188349,3,1,Business,1
50,661661,Business,12,1279737,24,Bad,6654,0.010056494101217842,0,948784,5,0,Business,0
28,1981591,Self-Employed,1,1717106,24,Average,578256,0.29181385471883214,0,659103,4,0,Education,0
47,365615,Self-Employed,4,1038515,24,Bad,364633,0.9973113868102053,1,234537,4,0,Car,1
51,196757,Salaried,11,183407,12,Good,626266,3.1829252177802174,0,244348,4,1,Home,1
40,488742,Business,8,448759,12,Bad,707597,1.447789533558537,1,1406891,4,0,Personal,1
42,1016465,Business,15,1008044,12,Good,522349,0.5138873312043886,1,85666,4,0,Business,1
54,925378,Self-Employed,3,659525,36,Good,267913,0.2895170519322353,0,1127775,1,0,Car,0
32,286234,Self-Employed,4,83434,180,Good,21536,0.07523887714640068,0,723130,4,0,Business,0
44,1323307,Business,15,154663,120,Average,737456,0.5572822048986328,1,1434953,0,1,Business,1
22,966430,Business,0,1388904,12,Good,151171,0.15642192769064733,0,987314,2,0,Home,0
37,1206315,Self-Employed,1,1238037,24,Bad,17352,0.014384290683369863,1,126788,3,0,Personal,1
49,2142875,Self-Employed,28,1454999,12,Good,94430,0.044066945544212546,0,450330,5,1,Business,0
41,1781500,Self-Employed,5,1294930,36,Average,753604,0.4230163216299065,1,715720,3,1,Education,1
24,1122378,Business,0,1494878,24,Average,222143,0.1979215576912968,0,786401,4,0,Education,0
27,154111,Business,6,256769,180,Average,482333,3.129756281146179,0,218008,3,0,Home,1
40,1399938,Self-Employed,4,1178128,60,Good,38233,0.027310475670725653,1,284839,0,0,Personal,0
61,293806,Salaried,33,1016212,12,Average,305758,1.0406763623739395,0,1049586,4,0,Business,1
63,270933,Business,14,714729,36,Average,682031,2.5173326345161553,0,992904,0,0,Personal,1
63,1244232,Salaried,22,1273786,12,Bad,184492,0.1482776939688949,1,985593,1,1,Car,1
34,1649278,Business,1,1992543,12,Bad,775806,0.47039100115868815,1,521564,3,1,Car,1
31,1721669,Business,2,880989,36,Bad,395771,0.22987622482821912,1,995807,2,1,Education,1
42,2032990,Salaried,0,1341517,120,Bad,567255,0.27902484565844116,0,755584,3,0,Car,0
35,2189530,Salaried,11,692059,36,Bad,75842,0.03463846823817521,0,2589,1,1,Car,0
27,2099681,Business,4,371574,180,Average,718687,0.3422837362991158,0,1278890,2,1,Education,0
34,378989,Business,10,171315,180,Average,374255,0.9875062666561123,1,303874,0,1,Home,1
30,1925166,Self-Employed,7,1020513,60,Good,682121,0.35431783320615823,1,195507,0,0,Business,0
31,454267,Business,0,1038131,12,Bad,434969,0.9575162679299445,1,1014170,5,1,Education,1
42,776921,Business,21,156948,60,Good,321954,0.414396812035185,0,375233,2,0,Car,0
29,731442,Business,2,268480,12,Bad,515985,0.7054343263931707,0,1457931,2,0,Business,0
38,124983,Business,5,1075926,60,Average,195552,1.564616270882673,0,1359749,1,1,Personal,1
42,761800,Salaried,2,316902,180,Good,364811,0.4788796549230048,1,1410877,1,0,Education,0
60,2370056,Business,12,309111,120,Good,639157,0.26968001191532526,0,1492457,0,0,Business,0
27,401872,Business,6,1978573,12,Average,433073,1.0776364672421388,1,1469975,1,1,Home,1
55,769307,Salaried,18,1497072,24,Bad,102548,0.13329901677871542,0,395380,1,0,Education,0
29,1842341,Business,5,367234,120,Average,415732,0.22565408594061254,1,1222178,1,1,Car,0
39,2473348,Self-Employed,10,260704,120,Average,236579,0.09565128091506699,1,942302,4,0,Business,0
38,1223035,Business,17,1969232,12,Average,328333,0.2684573471263315,0,401345,2,0,Car,0
35,1064545,Self-Employed,3,333197,24,Good,496626,0.4665143638696684,1,1216852,1,1,Personal,0
21,352415,Business,0,963107,180,Good,355893,1.0098661808771452,1,454318,3,0,Business,1
59,398429,Business,6,373733,120,Good,13944,0.034997364656275884,1,625329,4,0,Home,1
30,1747255,Business,7,1358890,60,Bad,2953,0.0016900786146964153,0,994426,3,0,Home,0
31,1016020,Business,0,1371874,36,Average,664407,0.6539303813602277,1,1255522,3,0,Education,1
63,1588084,Self-Employed,23,619399,36,Good,468897,0.29525938473066615,1,1274901,3,0,Education,0
30,1293767,Business,0,1255882,12,Good,209957,0.16228334600948546,0,66538,2,0,Personal,0
48,2479177,Business,12,245392,12,Good,128993,0.0520305520620141,1,797762,0,1,Car,0
25,2027561,Self-Employed,1,197083,36,Bad,83537,0.041200712974498434,1,585273,4,0,Car,1
41,766592,Business,2,308116,120,Bad,33087,0.04316110374083771,0,1124528,0,1,Car,0
29,2202535,Business,4,1900502,180,Bad,378630,0.1719063842770334,0,700526,5,1,Business,0
47,1790663,Business,8,1327723,12,Bad,612545,0.342077017240532,1,48070,1,0,Home,1
42,1206240,Salaried,6,1606610,180,Bad,787725,0.6530411418613693,1,939947,5,0,Education,1
56,2282383,Business,4,1382467,36,Good,761816,0.3337808186527771,0,1471921,5,0,Home,0
59,2314999,Self-Employed,25,1456891,120,Good,670194,0.28950064794816416,0,259966,0,1,Education,0
28,909106,Business,4,1470089,120,Average,547108,0.6018081479957805,1,1467458,2,1,Car,1
21,2150934,Salaried,0,1227120,180,Bad,37555,0.017459848856427554,0,818838,4,0,Home,0
27,2046328,Self-Employed,1,792021,36,Average,416432,0.20350197842086976,0,461333,0,1,Education,0
33,2045635,Business,7,139023,12,Good,207012,0.10119688937816894,0,164772,4,1,Personal,0
46,375623,Business,7,141104,60,Bad,376556,1.0024812046088643,1,353884,4,0,Personal,1
48,448784,Self-Employed,22,1228092,36,Bad,173441,0.3864679077954923,0,1135583,2,0,Business,0
51,629958,Salaried,29,1107721,12,Average,612866,0.9728664881365295,0,18226,2,0,Education,1
29,2274505,Self-Employed,1,435145,60,Average,455342,0.20019380032411432,0,595929,0,1,Business,0
50,1095288,Business,5,380429,120,Average,115278,0.1052489342995319,0,509272,5,1,Education,0
38,854391,Self-Employed,2,1362784,120,Good,619902,0.7255475238532196,0,1231215,3,0,Car,0
60,2228112,Business,24,1220365,24,Bad,321064,0.14409682094220536,0,807819,4,0,Personal,0
45,242994,Business,3,1393348,180,Good,730456,3.0060536225025207,1,827530,3,0,Car,1
24,1517581,Salaried,1,1252469,180,Bad,202684,0.13355719822717982,0,939536,1,0,Car,1
28,498147,Self-Employed,1,1880662,12,Bad,405519,0.8140532532500382,1,574989,0,0,Business,1
61,217180,Business,5,1176528,24,Average,66046,0.30410579194312576,1,106918,0,1,Business,1
60,954754,Salaried,0,1005200,12,Bad,70246,0.0735748961775534,0,1027348,4,0,Personal,1
50,1513440,Salaried,15,1778789,120,Good,399325,0.26385237349853746,0,1287861,5,1,Car,0
24,1431958,Self-Employed,2,955643,24,Bad,15064,0.010519854269570568,1,1210763,0,1,Home,1
35,1212834,Salaried,6,989507,60,Good,339403,0.27984268264026024,1,636480,0,0,Home,0
30,1331694,Salaried,1,1870464,24,Bad,470471,0.35328735183356547,0,5397,5,1,Car,1
46,2370457,Self-Employed,8,1421028,60,Good,200798,0.08470852468172817,0,456435,2,1,Home,0
26,658359,Self-Employed,5,422384,120,Average,526406,0.7995716629199829,0,1110984,2,0,Education,0
43,2305266,Business,1,571358,180,Good,544162,0.23605161571306058,1,239139,3,0,Business,0
48,242603,Business,3,1032207,180,Good,414921,1.7102809516743336,1,497821,5,1,Personal,1
55,1007024,Business,9,828873,12,Good,466548,0.46329336411707756,0,334943,1,0,Business,0
62,1975351,Self-Employed,25,1310046,180,Bad,434448,0.21993447243832998,0,120026,1,0,Personal,0
39,1249803,Self-Employed,4,1664999,12,Bad,686426,0.5492269187808648,0,643887,5,1,Home,1
35,1214526,Self-Employed,11,328369,24,Average,493466,0.40630302990382267,0,1004627,0,0,Home,0
52,2358275,Business,4,1878148,60,Average,265593,0.11262167786976587,1,958599,5,1,Car,1
62,1850077,Self-Employed,36,416991,24,Bad,778628,0.4208622555373341,1,949826,4,0,Personal,1
30,2234564,Business,6,1470750,24,Good,267800,0.11984435449405141,0,1188615,4,1,Home,0
22,1787349,Salaried,1,1542822,120,Good,198879,0.11127031639018659,0,150595,5,1,Education,0
39,1419071,Salaried,17,1489485,12,Bad,212916,0.15003889866053308,0,988892,0,0,Personal,0
38,2307179,Business,0,1396950,24,Bad,48242,0.020909508577570887,0,459099,0,0,Home,0
59,1832353,Business,38,1378146,36,Good,30750,0.01678169174733703,0,582476,0,1,Home,0
44,1560580,Business,22,1689634,120,Average,231360,0.14825247776308953,0,1274016,2,1,Business,0
53,230091,Salaried,8,623681,180,Bad,617846,2.68521287137319,0,1118346,0,1,Business,1
39,919800,Business,9,1932977,24,Bad,48838,0.0530962675622227,1,533022,3,0,Home,1
22,975327,Salaried,1,1219000,180,Average,320217,0.3283172430197841,0,244042,0,0,Home,0
40,1384123,Business,19,1804238,24,Average,198343,0.14329857729509785,0,1335035,1,0,Car,0
44,221216,Self-Employed,8,824888,60,Bad,256492,1.1594588119357916,0,294887,2,0,Home,1
41,654396,Self-Employed,2,1659044,120,Bad,281027,0.4294442058872519,0,568688,0,0,Home,0
51,1581721,Business,29,716483,24,Good,377250,0.2385058815645227,1,324078,1,0,Education,0
62,1421765,Salaried,1,267815,120,Good,311095,0.21880886165515281,1,270896,3,0,Education,0
21,825051,Business,0,1694899,60,Good,86675,0.10505398447612999,1,997807,0,1,Education,1
46,1354346,Self-Employed,16,1649384,12,Bad,502857,0.37129110929473763,1,769483,0,1,Education,1
27,158079,Salaried,4,201563,60,Average,112878,0.7140561740890689,1,1165159,0,1,Education,1
25,1707582,Self-Employed,1,541567,24,Bad,362812,0.21247107754059394,0,682192,2,0,Home,0
21,732666,Self-Employed,0,1091137,36,Average,8177,0.011160595468336912,0,701475,3,0,Car,0
39,1804009,Business,4,1828066,60,Bad,537706,0.29806154067882107,0,1214502,4,0,Education,0
32,1081454,Salaried,11,456051,120,Good,279677,0.2586117776514048,1,887889,0,1,Car,0
63,799520,Self-Employed,17,558604,24,Bad,484408,0.6058727663188334,0,1228636,4,0,Car,0
25,368792,Salaried,4,1952527,180,Average,352570,0.9560105533456438,1,1063205,0,1,Personal,1
30,258966,Business,9,1668557,180,Average,706826,2.7294056771712225,1,567383,1,0,Education,1
41,2420660,Self-Employed,9,675070,24,Bad,782307,0.32317908207716817,0,1287919,3,0,Personal,0
60,935805,Self-Employed,5,439860,120,Good,366657,0.39180877233101735,0,653689,3,0,Personal,0
43,1640396,Self-Employed,16,409838,24,Average,192527,0.11736610101091383,1,979929,3,0,Home,0
21,538158,Self-Employed,0,1166939,120,Good,189668,0.3524385915686628,0,605814,1,0,Car,0
40,362723,Salaried,14,660725,180,Average,147349,0.40622897850707423,0,657003,4,0,Personal,0
52,928250,Business,19,1721843,36,Bad,53629,0.057774244250746835,1,1366158,5,0,Home,1
23,1571612,Salaried,2,1468842,24,Bad,102020,0.06491419961529969,0,234618,5,0,Education,0
55,285493,Salaried,6,823317,12,Good,213273,0.7470314612566289,1,287744,2,1,Personal,1
27,2479203,Self-Employed,3,1853475,60,Average,323670,0.1305540003969016,1,1061725,2,1,Personal,1
49,1120209,Business,8,1605602,120,Average,634101,0.5660554717419055,0,1402499,0,0,Car,0
61,778554,Self-Employed,14,1365509,120,Bad,478911,0.6151280256372382,0,1375687,1,1,Car,1
59,221967,Salaried,1,1420403,12,Bad,307475,1.3852221941901535,0,248719,2,0,Education,1
50,827609,Self-Employed,24,1070668,120,Good,763076,0.9220236584864852,0,795265,2,1,Education,0
40,2214269,Self-Employed,1,968241,12,Good,525587,0.237363555483297,0,1297816,3,0,Car,0
45,568052,Business,13,1603851,180,Good,376430,0.6626670398712796,1,1002475,2,1,Business,1
63,2110589,Business,38,1743899,24,Average,173167,0.08204672627085317,1,444740,1,0,Personal,1
36,381046,Salaried,13,1620798,12,Bad,25532,0.0670048576684766,1,108197,4,1,Business,1
62,391639,Self-Employed,29,1830644,12,Bad,514938,1.3148248391379838,0,972980,2,0,Car,1
34,1454132,Self-Employed,1,1522596,120,Bad,65206,0.04484184046438668,1,10934,3,1,Personal,1
53,1894702,Business,13,989858,24,Good,481891,0.254335903832949,0,241630,4,0,Home,0
38,1729387,Business,14,1774957,180,Average,224310,0.12970484356315645,1,1290600,3,1,Car,1
25,401260,Self-Employed,1,1211434,36,Bad,743631,1.8532351761073216,0,76620,3,0,Personal,1
41,202604,Self-Employed,20,1908558,60,Bad,167596,0.8272056464549246,1,1496398,3,1,Business,1
40,1983610,Self-Employed,4,216901,60,Bad,187381,0.09446459008343874,0,452889,4,1,Business,0
33,556060,Salaried,4,846184,36,Good,212620,0.3823681214830747,0,433886,3,0,Car,0
28,1591602,Salaried,6,1426956,12,Average,64467,0.040504447403027014,0,1413070,1,1,Personal,0
62,1611338,Business,36,839480,24,Good,773500,0.4800355480752343,0,338781,2,0,Personal,0
54,240918,Business,0,1504466,180,Average,455618,1.8911667406887793,0,1269555,5,1,Car,1
25,1091120,Business,0,1198346,180,Average,550640,0.5046553040405235,0,30215,2,0,Business,1
52,818408,Self-Employed,10,1071740,60,Average,206604,0.25244590418727064,1,591002,2,1,Home,1
46,2226932,Self-Employed,18,748276,120,Good,75503,0.03390447759317411,1,161928,3,0,Education,0
52,792947,Salaried,21,831570,60,Good,481522,0.6072554568521518,1,1171652,5,0,Personal,1
23,293226,Business,0,561559,36,Bad,610994,2.0836894283268594,0,116905,4,1,Home,1
46,661689,Salaried,17,939912,120,Average,118278,0.1787513790445677,1,700527,5,0,Car,1
36,2083894,Self-Employed,7,239243,180,Average,481312,0.2309674911643821,1,137719,2,0,Business,0
23,365221,Salaried,1,1624920,60,Average,254770,0.6975757210682818,1,553616,0,1,Business,1
53,1211347,Self-Employed,13,1276163,180,Average,588826,0.4860915277855744,0,1350871,5,0,Business,0
28,1782296,Business,3,825817,12,Good,149360,0.08380197015424477,1,1361308,5,0,Car,0
21,1270996,Business,0,1779510,12,Bad,271767,0.21382190516578717,0,217544,3,0,Business,1
64,1433781,Self-Employed,25,828504,36,Average,301239,0.21010097769395905,0,190690,3,0,Home,0
62,500149,Business,8,135141,12,Average,491008,0.9817214835549335,1,732228,0,1,Education,1
57,2428970,Self-Employed,31,1040604,60,Average,696403,0.2867070047357502,1,1397475,2,0,Business,0
64,2210717,Business,9,1037358,60,Average,711448,0.3218176176246812,1,510684,4,1,Personal,0
61,2078216,Self-Employed,1,1603603,60,Average,348039,0.16746999952363012,1,729695,4,0,Business,1
34,2169300,Self-Employed,7,1326849,12,Bad,313260,0.14440596302679987,1,153023,1,1,Business,1
52,917163,Salaried,24,1423814,60,Bad,376756,0.41078367663798404,1,528222,1,0,Car,1
55,1036875,Salaried,24,189244,12,Good,551646,0.5320269733314302,0,721673,3,1,Car,0
54,609922,Business,7,188876,12,Bad,209820,0.3440106374083286,1,611477,3,1,Car,1
26,668892,Business,1,743278,36,Bad,129716,0.19392638284449082,0,161919,5,0,Personal,1
57,215619,Salaried,1,1209691,24,Good,58914,0.2732306836100547,0,1155831,5,0,Car,0
28,1622612,Self-Employed,4,1002057,120,Average,552813,0.3406930672933102,0,1316668,2,0,Personal,0
35,179790,Salaried,12,76245,12,Good,131310,0.7303480151954214,1,937424,3,1,Business,1
42,424661,Salaried,13,620638,36,Average,778539,1.8333144948217641,0,945778,5,1,Home,0
48,159913,Self-Employed,5,1406539,60,Average,82168,0.5138261815725953,1,1403400,1,1,Business,1
56,1847421,Business,19,195991,12,Average,492089,0.2663652376121969,1,1058162,2,1,Car,0
36,548106,Salaried,9,603095,24,Average,216992,0.3958935025460357,0,1117201,2,1,Education,0
63,1447153,Self-Employed,2,1699383,24,Average,764634,0.5283708575590434,0,130843,5,0,Car,0
26,643566,Self-Employed,5,1226454,24,Good,108745,0.16897230591375878,0,391374,4,1,Education,0
62,1808656,Salaried,28,543936,36,Good,693739,0.3835658170675811,0,1398105,3,1,Business,0
45,1947331,Salaried,11,1678399,180,Bad,373096,0.19159342115263345,0,177182,2,1,Business,0
23,1896305,Self-Employed,0,1647371,60,Average,478921,0.25255470372397704,1,1302871,2,1,Personal,1
44,341538,Self-Employed,22,382703,12,Good,525270,1.5379502780063186,0,1259489,0,0,Car,1
39,891393,Salaried,18,651025,24,Good,82446,0.09249108699407893,1,1137143,4,1,Car,0
55,2113412,Salaried,26,1815207,60,Bad,62726,0.029679953705215215,1,867333,5,0,Business,1
53,293625,Self-Employed,16,1412797,120,Bad,3625,0.012345636966753625,1,1086813,5,1,Home,1
27,1640974,Self-Employed,6,1487912,36,Good,451182,0.27494751595850025,1,1339744,3,1,Home,0
55,1220100,Salaried,4,1527859,60,Average,402576,0.3299530120867043,0,360372,3,0,Car,0
34,2495289,Business,12,1643057,120,Average,283392,0.1135707673256415,0,1487644,3,0,Car,0
57,129012,Salaried,31,1958859,24,Good,47027,0.3645136536628092,1,1257815,2,1,Home,1
32,1134416,Self-Employed,1,1023738,120,Good,747590,0.6590081072480402,1,702736,2,0,Personal,1
23,1189077,Business,1,678021,180,Good,277354,0.23325130899739124,1,1177052,1,1,Business,0
62,1340598,Self-Employed,20,246983,60,Good,555737,0.41454379721303686,0,351477,4,1,Business,0
40,629590,Salaried,3,1136356,60,Bad,639232,1.015313115975292,0,782734,0,0,Education,1
34,1970170,Business,2,718465,36,Bad,430715,0.2186180793443818,1,429857,5,1,Home,1
26,469301,Business,4,169558,180,Average,302944,0.645520368547332,0,560076,2,0,Home,0
21,624204,Self-Employed,0,454138,120,Average,506906,0.8120825690278034,1,850630,3,1,Personal,1
23,394233,Salaried,0,227248,60,Bad,794599,2.015551677430156,1,864784,4,0,Personal,1
34,507684,Self-Employed,9,867847,120,Good,466869,0.9196036912652531,0,1030358,2,1,Car,0
44,1926437,Salaried,21,1157226,60,Good,468084,0.24297901100372812,0,1049191,4,0,Home,0
43,642915,Salaried,16,1783308,60,Average,369956,0.5754344268924712,0,1031362,3,0,Personal,0
25,128109,Salaried,3,945024,60,Average,537605,4.196432753102802,0,200073,5,1,Personal,1
52,1194198,Business,15,581088,120,Bad,770157,0.6449151272107915,0,233259,0,0,Education,0
35,1778027,Salaried,13,1783305,36,Bad,752341,0.42313225663487863,1,278833,3,0,Business,1
26,1824894,Self-Employed,1,1873894,12,Average,724434,0.39697297652741664,1,1108597,4,1,Car,1
51,588735,Business,11,1647506,12,Bad,341147,0.5794566664854875,1,524493,1,1,Education,1
47,1915580,Self-Employed,9,331648,36,Good,457486,0.23882362583466843,1,1144274,0,0,Business,0
24,1076302,Salaried,2,137087,36,Average,209991,0.19510398094216963,0,737392,4,0,Business,0
21,2395206,Business,0,1257092,60,Bad,697105,0.29104165109737906,0,34571,5,1,Personal,0
53,2185926,Self-Employed,27,881600,180,Average,733442,0.33552904557197016,1,1116266,5,1,Personal,0
51,989733,Business,14,1951766,36,Bad,27050,0.027330575690033887,0,361949,2,1,Education,0
37,2057041,Salaried,7,412839,180,Good,772723,0.3756476532807789,1,247943,4,0,Personal,0
49,197332,Business,2,758854,12,Bad,307181,1.5566631024714568,0,1161242,0,1,Personal,1
53,1804128,Self-Employed,25,847147,120,Average,415019,0.230038428515921,0,462122,4,1,Education,0
21,288147,Salaried,0,1294235,24,Average,315792,1.095936810250288,1,545422,1,1,Personal,1
36,1237699,Salaried,7,226225,180,Good,657773,0.5314478468126363,1,1035992,3,1,Business,0
29,676552,Salaried,1,235431,36,Average,753682,1.114002894082208,1,1189456,2,0,Personal,1
30,1631409,Business,6,1156331,180,Bad,795365,0.487532257372457,1,854639,3,0,Education,1
21,1792115,Salaried,0,1010905,24,Good,670740,0.3742726475295126,1,280356,5,1,Education,0
35,748937,Self-Employed,7,1800664,36,Good,417579,0.5575615070940452,1,1136422,4,0,Education,1
45,1043447,Self-Employed,9,616904,120,Average,759103,0.7274948056826981,0,156359,5,0,Business,0
45,162351,Self-Employed,11,1813976,12,Good,227977,1.4042142997930422,0,1433097,0,0,Personal,1
46,1414885,Salaried,5,537310,60,Average,443612,0.3135319736007,0,1224494,4,1,Business,0
25,732404,Self-Employed,1,1515366,12,Average,13869,0.018936244291068466,0,459410,3,1,Education,0
47,2468688,Self-Employed,24,595965,36,Good,421439,0.17071368649513974,0,423030,3,1,Car,0
48,2257655,Salaried,26,630484,24,Average,705479,0.3124829469148533,1,607612,5,0,Business,0
48,1642872,Self-Employed,14,916763,180,Average,163704,0.0996449512530792,1,150424,5,1,Car,0
64,688043,Business,40,1721218,24,Average,334132,0.4856259192726047,0,824353,3,1,Personal,0
33,1871674,Business,12,249395,24,Average,308293,0.16471502798295645,1,1293541,4,0,Business,0
64,1568811,Business,6,700329,36,Bad,288334,0.1837913019533252,0,499127,0,0,Car,0
62,1766998,Salaried,37,698552,12,Average,180046,0.10189366264497036,1,372335,4,1,Education,0
60,1167697,Salaried,19,1005181,180,Good,580609,0.4972253099688447,1,1424502,5,0,Business,1
23,1417325,Salaried,0,418102,12,Average,310894,0.2193524990016411,0,1034416,0,1,Home,0
61,1979093,Self-Employed,28,335069,12,Average,792047,0.40020686233195596,0,514004,4,1,Business,0
52,139192,Self-Employed,3,1936338,36,Average,228464,1.6413469068128426,1,1360669,1,0,Education,1
39,2210293,Salaried,7,188621,36,Bad,52494,0.023749781703248526,1,286102,3,0,Personal,1
22,1276536,Salaried,0,1201054,180,Average,522419,0.409247048851698,0,1039339,2,1,Car,0
30,1160397,Salaried,5,1067853,120,Bad,99341,0.08560942021616721,0,618528,3,1,Business,0
21,290002,Business,0,213479,180,Good,790505,2.7258511118850492,0,409251,4,1,Personal,1
52,1777971,Business,19,157721,120,Good,333175,0.18739046509168875,0,1394937,5,0,Business,0
42,427311,Self-Employed,2,1311386,60,Average,207593,0.48581130415246937,0,301743,0,0,Car,0
35,190687,Self-Employed,4,1994130,120,Bad,687619,3.6059898892431614,1,781085,4,1,Personal,1
64,217556,Self-Employed,40,339400,60,Average,530413,2.4380415247498357,0,1053414,5,0,Car,1
40,721380,Salaried,9,1905121,180,Average,718954,0.9966356197349251,1,264813,3,1,Education,1
38,2193681,Self-Employed,1,1122982,24,Bad,515904,0.23517720435322895,1,227894,1,1,Education,1
21,1122992,Self-Employed,0,63448,12,Good,539486,0.4804001449697371,0,597446,0,0,Personal,0
55,1088303,Self-Employed,17,748367,12,Good,65470,0.0601578235493024,1,183328,3,1,Car,0
43,1488906,Business,19,1193048,24,Bad,511517,0.34355201500160854,0,1155463,4,0,Home,0
32,917118,Business,0,1394782,180,Bad,293797,0.3203477411328301,0,141439,5,1,Business,1
46,1126140,Business,7,1380042,60,Average,739906,0.6570278499761575,0,508853,5,0,Business,0
46,542994,Self-Employed,11,1897659,12,Good,681326,1.254755568651645,1,795707,2,0,Home,1
56,1241044,Business,25,615438,24,Average,770508,0.6208541994851113,1,1300351,0,0,Personal,1
46,945748,Business,16,1259207,60,Bad,325112,0.34376139969484504,1,1246448,1,1,Home,1
56,1672892,Business,30,608382,60,Good,317473,0.18977483915588145,0,1032553,2,0,Car,0
50,2370567,Self-Employed,19,1804758,24,Bad,502009,0.21176739076879464,0,977042,1,0,Personal,0
48,281101,Business,15,1543116,120,Bad,375181,1.3346792267575471,1,694402,1,1,Car,1
49,1253435,Business,21,1144533,24,Average,300877,0.24004177317389958,0,569677,3,1,Business,0
33,963354,Self-Employed,11,1029298,36,Good,17580,0.018248724509656356,1,378044,1,0,Business,0
61,1543260,Self-Employed,2,426684,12,Average,777585,0.5038583881793164,1,667329,3,0,Home,1
35,680956,Self-Employed,9,676816,120,Good,46526,0.06832443164546366,0,572005,2,0,Personal,0
27,1650688,Salaried,5,1082540,24,Bad,135673,0.08219173932824414,1,1168960,1,1,Personal,1
33,2237347,Self-Employed,8,663517,60,Average,112265,0.050177710396415755,0,1309351,2,1,Personal,0
27,1957993,Salaried,2,93585,24,Average,215886,0.11025876483789021,0,302408,0,1,Education,0
59,1821009,Business,23,977510,24,Bad,333963,0.1833943800418449,0,1417878,4,1,Education,0
46,876701,Self-Employed,1,1504209,60,Average,162372,0.18520774447873964,1,1339616,5,1,Education,1
24,1481349,Self-Employed,2,1662780,12,Good,61330,0.04140142437641341,0,793983,2,1,Car,0
28,974214,Self-Employed,7,1465677,36,Bad,647834,0.6649805227798792,1,587699,5,0,Home,1
54,619961,Self-Employed,22,1811071,60,Average,29424,0.0474609734144996,0,1090135,2,1,Home,0
24,1678544,Self-Employed,2,1759349,24,Good,39305,0.02341611336008269,1,522037,1,0,Car,0
47,2162103,Self-Employed,5,1457027,24,Bad,560451,0.25921556039857474,1,1098168,5,1,Education,1
60,2356422,Salaried,25,1114633,120,Bad,525598,0.2230490875364907,0,468571,1,0,Education,0
33,1116497,Salaried,6,714266,24,Average,665228,0.5958165621434163,1,542834,4,0,Car,1
44,1166584,Salaried,23,1297029,36,Average,679044,0.5820784597778987,1,1340578,2,0,Car,1
33,834564,Self-Employed,11,1386013,36,Bad,135701,0.1626008759054118,1,5704,0,0,Business,1
60,1282108,Self-Employed,4,116780,12,Bad,200277,0.15620902746958332,0,1000624,2,0,Car,0
48,802637,Self-Employed,14,1755869,180,Average,688874,0.8582623798026009,1,253130,0,0,Business,1
58,1916543,Business,5,1976208,12,Bad,525080,0.2739723168369732,1,432911,3,0,Home,1
35,1600929,Self-Employed,0,1827346,36,Bad,475428,0.2969698862536151,0,1041788,0,1,Home,1
58,1216686,Salaried,18,710531,60,Bad,140661,0.11560984871211741,1,18077,2,1,Car,1
34,2386451,Business,9,1370474,60,Bad,287832,0.12061084823830523,0,793480,0,1,Education,0
32,214449,Business,1,1277770,60,Bad,523048,2.4390207507577526,0,164818,5,1,Education,1
22,234064,Self-Employed,1,669675,24,Average,684116,2.9227607715805437,0,966793,1,1,Home,1
30,206728,Self-Employed,7,863842,180,Bad,105696,0.5112780500074977,1,1040963,2,1,Education,1
62,357963,Business,17,1980902,60,Good,21637,0.0604446257165525,1,693556,1,1,Business,1
62,1396865,Self-Employed,29,1122136,36,Bad,789466,0.5651694579150756,0,131241,1,0,Home,1
60,647703,Business,16,1233132,24,Good,316131,0.4880794313451824,0,18225,3,0,Education,0
51,1885040,Self-Employed,8,1924620,180,Good,383021,0.20318974494453967,1,364413,0,0,Car,0
22,862759,Business,0,1804234,12,Bad,605109,0.7013642264360889,0,1469052,0,1,Business,1
47,1488051,Self-Employed,7,1948823,120,Good,509142,0.3421533656081911,0,1120095,2,1,Personal,0
38,2408421,Business,11,348510,60,Bad,446171,0.18525449443660622,1,99830,5,1,Personal,1
51,1081800,Business,7,1369021,120,Bad,126866,0.11727295500743667,0,1280306,1,0,Car,0
24,681182,Self-Employed,1,916050,60,Good,41770,0.06131979218506627,0,642313,3,0,Education,0
50,1286289,Business,23,622959,180,Bad,380360,0.29570314625784233,1,1005655,1,0,Personal,1
23,2027273,Business,1,61171,60,Good,472699,0.2331697639292962,1,448381,4,1,Business,0
58,401594,Self-Employed,12,134600,12,Bad,135513,0.33743697008179885,0,111315,4,0,Home,0
40,1780268,Salaried,13,1840087,24,Average,668975,0.37577186369026255,0,670092,2,1,Car,0
21,252053,Business,0,1292529,120,Average,189681,0.7525411221404937,0,480306,2,0,Education,1
46,130728,Business,7,167616,36,Good,218422,1.6707998990277597,0,822646,1,0,Business,1
41,974840,Self-Employed,5,1324453,60,Good,675516,0.6929499272189004,1,1061999,5,1,Personal,1
24,182979,Salaried,1,133905,180,Bad,683228,3.73389441469013,0,1125546,5,1,Education,1
56,1641876,Self-Employed,20,198079,12,Average,363604,0.22145629666534095,1,488963,0,1,Personal,0
46,1761345,Self-Employed,8,650310,60,Bad,172472,0.09792056756594104,1,707217,0,1,Car,1
62,813032,Salaried,10,575400,24,Average,490492,0.60328670545968,1,75561,2,1,Personal,1
58,704770,Salaried,34,106625,12,Average,386503,0.5484093414740391,0,333390,4,0,Business,0
27,2345810,Business,1,1054944,24,Good,286400,0.12208997229529574,0,713708,4,0,Education,0
33,833839,Self-Employed,12,1551992,12,Good,738985,0.8862431641561931,1,476356,1,0,Car,1
31,2315272,Business,5,763895,24,Average,306984,0.1325908434988012,1,1294088,3,0,Car,0
60,1356236,Salaried,18,1596593,36,Average,321375,0.23696079667491743,0,225743,3,1,Home,0
38,519308,Self-Employed,16,1429998,36,Good,762638,1.4685630327993546,0,94328,5,0,Home,0
40,1406916,Salaried,6,111201,36,Bad,335415,0.2384042555459917,0,212810,1,1,Business,0
47,855193,Self-Employed,4,1401084,120,Good,483121,0.5649256192162246,0,1148929,3,0,Education,0
24,1563455,Salaried,0,1025895,60,Bad,146149,0.09347816631871955,0,713209,4,0,Education,0
49,533113,Self-Employed,3,1004881,12,Bad,289041,0.5421748444047615,1,702640,1,0,Home,1
35,1488040,Business,0,537702,180,Good,556229,0.37379951224462227,0,755036,2,1,Home,0
57,660735,Self-Employed,9,965301,60,Good,791290,1.1975887495156916,0,706475,0,1,Home,0
33,2057215,Self-Employed,4,1295633,24,Bad,452385,0.219901556277999,1,1134942,5,0,Education,1
53,2388299,Self-Employed,11,1528162,24,Good,582473,0.24388602771846082,1,473137,0,1,Personal,0
30,2353355,Salaried,3,1570931,180,Average,279360,0.1187070719432164,0,305131,0,1,Personal,0
54,686608,Business,32,1361611,12,Average,312601,0.4552824096392561,1,637677,3,0,Business,1
25,2483488,Self-Employed,0,72836,120,Bad,286981,0.11555557524112246,1,641316,1,0,Personal,1
25,489625,Business,0,1286914,36,Bad,529070,1.0805594474149658,0,272196,1,1,Car,1
24,854705,Self-Employed,0,1727577,24,Bad,255628,0.29908295952058367,1,995563,1,1,Business,1
46,1686509,Self-Employed,24,791001,60,Good,89831,0.05326443365292824,1,77400,4,0,Education,0
28,612436,Business,4,992997,36,Average,599149,0.9783030744386769,1,1427244,2,0,Home,1
60,1088561,Business,21,1921261,120,Bad,217789,0.2000703680635554,0,256072,4,0,Personal,0
55,196497,Business,4,1331306,120,Bad,353784,1.800445806064184,1,210117,5,1,Car,1
52,2011985,Salaried,13,240606,24,Good,587497,0.29199855267382574,0,522283,3,1,Business,0
59,529759,Business,12,1218590,12,Good,692241,1.3067068106312292,1,1389670,5,0,Education,1
31,1789351,Business,3,279216,36,Bad,518567,0.2898071480625388,1,414599,2,0,Personal,1
55,1181757,Salaried,34,1888413,12,Good,489620,0.41431494434562743,0,273006,0,0,Home,0
38,1443659,Self-Employed,15,1061971,120,Good,366296,0.25372733192025826,0,301729,3,0,Car,0
31,1144204,Business,8,1535926,24,Good,155337,0.1357597633291237,1,254743,0,1,Personal,0
45,1528155,Salaried,3,59297,36,Bad,64005,0.04188381290915325,0,915265,2,0,Business,0
28,774942,Salaried,7,661282,12,Bad,56305,0.07265695670520284,0,213058,0,0,Home,0
64,1962653,Business,18,90693,120,Bad,419794,0.2138909863888388,1,963912,5,1,Education,1
57,1974385,Self-Employed,6,1488088,180,Average,557827,0.28253188586223765,0,142512,3,1,Education,0
26,1897639,Salaried,4,421598,120,Bad,677058,0.35678948588773424,0,157879,0,0,Personal,0
60,629946,Salaried,3,1956847,36,Good,713409,1.13249051110649,1,412269,4,0,Education,1
22,2065853,Business,0,1187723,36,Average,579701,0.28061082728982784,0,590246,3,1,Car,0
58,738531,Salaried,18,118908,120,Good,317332,0.42967941808885735,1,296854,5,0,Home,0
45,824410,Self-Employed,1,608535,180,Good,463378,0.5620715880792468,1,76313,3,0,Car,1
24,1036702,Salaried,3,933250,24,Good,431561,0.41628219461118565,1,1192549,1,0,Car,0
29,370278,Business,3,834370,12,Good,343929,0.9288374441974835,1,1175267,2,0,Business,1
39,1021451,Business,12,1995112,36,Average,226392,0.22163743377074988,0,521819,1,0,Business,0
59,2350173,Self-Employed,4,297888,60,Average,414097,0.17619844317910077,0,1230954,4,1,Personal,0
42,129958,Self-Employed,17,1238345,60,Average,87160,0.670673058426119,0,1222449,1,1,Business,1
21,1985501,Salaried,0,1734409,12,Average,311146,0.15670898342081752,0,23731,4,0,Home,0
43,772160,Self-Employed,18,91410,180,Average,754561,0.977206826037575,0,1496119,4,0,Education,0
37,348443,Self-Employed,0,627614,36,Good,431765,1.2391230728610623,0,839528,2,0,Car,1
57,1998175,Salaried,18,387563,12,Bad,697499,0.34906784987908973,1,510839,1,0,Personal,1
40,881752,Business,13,61093,180,Average,72043,0.08170428680140583,0,386678,0,1,Personal,0
38,603263,Salaried,5,1575834,60,Average,683755,1.1334258301506472,0,916281,2,0,Home,0
47,1972978,Salaried,10,1088991,36,Good,207547,0.10519473344622522,0,678731,2,0,Business,0
60,2105346,Salaried,1,1773131,24,Average,110949,0.05269867627521734,0,1175471,3,1,Education,0
44,203804,Salaried,14,1926589,24,Good,700897,3.4390569416844534,0,472913,5,0,Business,1
38,2423489,Self-Employed,0,1453169,180,Average,251176,0.10364226796892086,0,1201832,2,0,Car,0
47,1419266,Salaried,11,618286,36,Average,148310,0.10449760334031581,1,1426323,5,0,Home,0
26,1501194,Self-Employed,2,1295315,180,Average,786170,0.5236961220894021,0,1265161,2,1,Personal,0
49,873957,Salaried,0,730935,60,Bad,473479,0.5417640206966468,0,1255672,5,0,Home,1
37,1602144,Business,14,1382460,180,Bad,555284,0.34658785565601113,0,588162,5,1,Education,0
22,819560,Business,0,978399,180,Bad,693431,0.8461005343104419,1,415474,2,0,Car,1
41,181915,Self-Employed,11,1698928,60,Good,66535,0.36574572879790673,0,692244,3,0,Personal,0
59,2402728,Business,35,494629,60,Good,747417,0.311070037444922,0,1372998,5,1,Home,0
46,1837015,Self-Employed,7,974399,180,Average,52142,0.028384075043440014,1,1437877,0,0,Education,0
23,2134901,Salaried,0,214702,36,Bad,594351,0.2783973222190058,1,1322967,3,1,Business,1
40,820924,Business,15,249530,24,Average,267993,0.32645247738831196,1,1013340,4,0,Car,0
31,296796,Business,5,384639,180,Average,363534,1.2248573941111265,1,1484522,3,1,Business,1
54,2482619,Business,1,715323,24,Average,516656,0.2081091749844922,1,670797,3,0,Personal,0
52,2016905,Business,16,1741500,60,Good,275631,0.13666031039622076,0,1388104,3,0,Car,0
49,1072602,Business,10,1632598,36,Average,727344,0.6781110998197842,1,301749,4,0,Home,1
24,1292685,Salaried,1,244473,36,Good,564410,0.4366180186062199,1,111513,0,1,Business,0
57,1134279,Salaried,13,1243158,60,Bad,352646,0.31089854356948904,0,546440,2,1,Business,0
34,1900624,Business,1,444411,120,Good,104533,0.05499927655376521,0,549721,1,1,Car,0
48,309932,Salaried,13,98648,36,Bad,194162,0.6264644294089368,1,1276569,1,0,Business,1
31,1009936,Self-Employed,1,1796578,180,Bad,295206,0.2923014009784769,1,333777,4,1,Education,1
25,152121,Self-Employed,4,1563071,120,Good,699545,4.598578772301179,0,1451470,0,1,Home,1
21,1301296,Business,0,1441933,180,Average,507438,0.38994787508155326,1,481517,5,0,Business,1
62,2218468,Self-Employed,14,110046,12,Good,768475,0.34639880025368847,0,115594,2,1,Car,0
26,628566,Self-Employed,1,1213006,12,Bad,762318,1.2127871810005935,0,1436502,5,0,Education,1
29,694382,Business,7,1827821,12,Bad,645391,0.9294452773181371,1,653114,5,0,Home,1
50,2481402,Business,5,562703,120,Good,25223,0.010164814018520974,0,453882,2,0,Personal,0
38,1323888,Self-Employed,15,101500,60,Average,353123,0.2667315764388102,1,224045,4,0,Business,0
36,330861,Self-Employed,13,1896573,60,Bad,289741,0.875715555125702,0,224376,0,0,Car,1
55,1138448,Salaried,3,1283098,36,Average,192974,0.16950605604642807,0,290461,1,0,Business,0
63,488406,Self-Employed,30,410868,12,Good,537868,1.1012700473170942,0,882399,1,0,Personal,0
58,1242731,Salaried,12,456743,36,Bad,451355,0.363195765458683,0,114527,2,1,Car,0
38,685345,Business,15,565553,120,Good,511474,0.7463004088445836,0,1354981,0,0,Business,0
63,1715633,Business,41,258990,60,Bad,22449,0.013084958679998182,0,946363,0,0,Personal,0
36,506720,Business,6,905860,12,Good,748008,1.4761732787865511,1,4321,0,0,Education,1
45,2495415,Self-Employed,9,1619285,120,Bad,130078,0.052126779663190424,0,693956,5,0,Home,0
25,1355078,Salaried,4,1498460,180,Bad,605168,0.4465924126932821,0,1056771,1,1,Business,0
62,1226571,Business,0,1841770,24,Good,38250,0.031184471845109786,0,782129,4,0,Personal,0
37,1879775,Self-Employed,16,1606769,12,Bad,516898,0.2749785080775582,1,24809,5,1,Personal,1
38,718998,Business,4,1300714,180,Average,660352,0.9184324317558161,0,1101652,2,0,Home,0
30,1697182,Salaried,8,1951011,12,Good,158264,0.09325099296893735,0,1149302,3,1,Home,0
33,288561,Self-Employed,11,1468227,180,Bad,552561,1.9148779118525654,1,553761,2,1,Car,1
57,526895,Self-Employed,14,241755,24,Good,374909,0.7115426953326652,0,1336712,1,0,Car,0
51,1980941,Business,28,1812671,12,Good,665130,0.33576449991973517,1,331429,1,1,Education,0
28,1373039,Business,2,814993,120,Good,23439,0.017070879216920118,1,1406546,5,1,Car,0
61,857679,Business,30,1536709,120,Bad,354489,0.4133114914653484,0,899355,3,0,Business,0
30,855922,Salaried,1,956030,180,Bad,697247,0.8146141650592401,1,938397,3,1,Car,1
29,615644,Business,4,1584527,60,Bad,741230,1.2039893120223506,1,1425399,1,1,Education,1
55,1072573,Self-Employed,30,743920,60,Good,451286,0.42075045637876735,1,435643,0,1,Home,0
37,717040,Salaried,0,251513,12,Average,572822,0.7988692417867319,0,366447,2,0,Home,0
45,2078303,Salaried,18,1476007,12,Good,793720,0.3819075553913191,0,1158146,3,0,Education,0
32,1773986,Self-Employed,0,959041,180,Bad,132639,0.07476886809204351,0,572166,2,0,Personal,0
27,786495,Business,4,1143689,12,Average,58791,0.07475053910000813,1,796116,2,0,Business,1
27,1870742,Business,2,679065,180,Bad,619640,0.3312266837294059,0,254164,2,1,Education,0
61,1487904,Business,19,77424,60,Average,735399,0.49425131308786513,1,1013281,5,1,Home,1
56,393370,Self-Employed,18,523514,60,Good,345796,0.8790581918850144,0,1040062,4,1,Car,1
30,280887,Self-Employed,6,1089719,120,Average,194444,0.6922474438210248,0,476665,1,1,Car,1
32,1833279,Self-Employed,10,804380,120,Average,356455,0.19443565631000176,0,747662,4,0,Education,0
21,820149,Salaried,0,1666933,12,Good,757758,0.923926111077242,1,1267050,4,0,Business,1
21,208074,Self-Employed,0,1206921,12,Bad,217834,1.0469013576835275,1,925607,5,0,Personal,1
55,1222779,Self-Employed,5,1286635,24,Good,480263,0.3927632116979342,1,378884,1,1,Car,0
64,173520,Salaried,37,101464,36,Good,153033,0.881927835823906,1,944339,5,1,Education,1
34,252316,Self-Employed,0,1146637,24,Good,792922,3.1425627286310474,0,514072,3,0,Car,1
54,1193568,Business,2,304166,36,Bad,176010,0.14746529107240552,1,779375,1,0,Personal,1
38,325532,Self-Employed,17,1909268,180,Average,714967,2.1962965352206996,0,1110428,4,1,Education,1
46,292263,Self-Employed,2,975336,24,Good,513279,1.7562169819067692,0,704914,1,1,Business,1
39,564605,Salaried,12,654918,60,Good,723571,1.2815503200461915,1,555568,2,0,Home,1
61,2151172,Self-Employed,37,842976,12,Bad,713341,0.3316055937853441,0,934836,4,1,Education,0
51,1296303,Self-Employed,21,1973210,24,Good,637345,0.4916632209728582,0,1360014,1,0,Business,0
30,1730719,Salaried,4,1593983,120,Good,571934,0.3304601553110844,0,1483044,3,1,Car,0
48,2228062,Self-Employed,5,534365,120,Good,752249,0.33762465424002824,0,794895,0,1,Personal,0
59,777729,Salaried,37,948728,12,Good,347238,0.44647628354313196,1,287551,0,1,Home,0
56,1105080,Business,17,1056156,120,Average,419386,0.379507022562147,0,596196,2,1,Education,0
54,2257885,Salaried,4,812129,60,Good,655949,0.2905146672595516,0,725959,1,1,Personal,0
27,1519155,Salaried,0,573343,60,Average,591082,0.3890857818420228,0,1127710,2,0,Business,0
47,497403,Salaried,0,1545166,24,Average,291548,0.5861392349076404,0,327367,0,1,Home,1
61,1533906,Business,20,234616,180,Good,484948,0.3161521526402839,1,626264,1,1,Personal,0
43,1197280,Business,19,1752552,60,Bad,547929,0.4576444460406538,1,1348199,3,1,Personal,1
32,425056,Business,9,420371,24,Average,485774,1.1428443714607688,1,202546,5,0,Business,1
47,832923,Salaried,2,1397962,12,Average,107966,0.1296228707541144,0,693187,1,1,Business,0
61,825906,Salaried,25,1489977,60,Bad,330453,0.40010921326493176,0,610784,4,1,Education,0
63,880397,Business,30,1886873,12,Average,96242,0.10931646823368522,0,443092,1,1,Home,0
43,895128,Self-Employed,6,1374114,12,Bad,229766,0.2566847906838009,0,664622,5,0,Car,0
21,1277500,Self-Employed,0,1884060,60,Average,406786,0.31842323411097134,0,581556,3,0,Car,0
58,1368756,Salaried,2,143375,12,Bad,441923,0.3228644675424491,1,704388,1,0,Personal,1
46,1834185,Business,7,1720411,60,Bad,305983,0.16682223067889515,0,527930,2,1,Car,0
47,2265575,Salaried,25,809904,120,Average,47565,0.02099466096039153,0,787189,4,0,Car,0
32,830114,Self-Employed,1,177636,180,Average,500846,0.6033453196243894,1,415721,0,0,Car,1
58,2274478,Salaried,8,1847453,36,Good,349706,0.15375213400519416,1,1122886,1,0,Personal,0
50,1743201,Business,13,1182133,180,Bad,187460,0.10753773802462366,0,10372,4,0,Personal,0
39,453477,Business,9,765030,24,Good,728493,1.606457204098104,1,95856,5,1,Personal,1
23,912539,Self-Employed,0,871993,36,Good,207746,0.22765686983584282,0,1473400,2,1,Personal,0
62,1599485,Business,0,1332405,60,Average,47547,0.029726424613907218,0,274244,2,1,Business,0
62,2008033,Salaried,36,128944,12,Average,444056,0.22113968189781646,0,615929,0,0,Education,0
29,1164733,Self-Employed,2,1989342,60,Good,676355,0.5806948195897089,1,1002220,5,0,Business,1
40,708310,Business,4,1150221,180,Bad,479367,0.676774750074473,1,921080,4,1,Car,1
53,1703750,Self-Employed,21,228308,36,Good,570093,0.3346105152689566,1,1035790,4,0,Home,0
45,1048567,Salaried,17,499158,36,Bad,557873,0.5320332110077745,0,989243,4,0,Home,0
39,370483,Business,6,405239,36,Average,416428,1.124010753500826,0,465393,2,1,Car,1
61,2006006,Self-Employed,0,893445,12,Good,51039,0.02544308170410173,0,705191,4,0,Car,0
64,1115262,Self-Employed,1,1729310,24,Good,406321,0.364327517365859,0,1279696,3,0,Car,0
29,1195091,Self-Employed,2,1680865,36,Average,713757,0.5972402124689982,1,716775,0,1,Personal,1
44,1392791,Self-Employed,14,1930786,24,Good,686301,0.4927519687074596,1,490073,1,0,Business,1
64,2426789,Salaried,28,1417628,36,Good,457283,0.18843121984184869,0,1298284,0,0,Home,0
53,1376324,Salaried,27,720207,24,Good,702551,0.5104542895028427,1,913457,3,1,Education,0
31,987595,Self-Employed,7,1724688,24,Good,562952,0.5700225598321581,1,56795,1,1,Education,1
34,1717123,Self-Employed,11,1149695,120,Bad,270153,0.15732876600641538,1,1158786,3,1,Car,1
26,420374,Self-Employed,4,1416769,12,Good,363906,0.8656699375557538,0,1433993,2,0,Personal,0
39,763341,Business,10,869227,180,Good,638100,0.8359293737276345,0,301335,5,0,Home,0
58,1289424,Business,21,1016994,36,Good,574281,0.44537759078659095,1,1421500,2,0,Personal,0
58,1342465,Self-Employed,32,1714298,24,Average,711070,0.5296744945495826,0,575087,2,1,Car,0
57,648089,Self-Employed,24,876576,36,Bad,665508,1.026875896866176,0,1160940,3,1,Education,1
42,2186128,Salaried,21,1252128,12,Average,18637,0.008525114483180087,1,624225,1,1,Personal,0
50,616221,Business,15,751477,12,Good,230389,0.373873376802516,1,1458071,3,1,Personal,0
55,2090883,Salaried,17,1683669,24,Average,18201,0.008704930546123075,1,1306212,2,1,Education,1
61,1517541,Salaried,15,1487266,12,Bad,114090,0.07518078577067389,0,1055374,1,0,Business,0
61,302482,Salaried,23,421784,24,Average,364758,1.2058793386735784,0,1094531,1,1,Home,1
29,1640910,Self-Employed,2,1399985,24,Bad,570601,0.3477342768742485,1,1092926,2,1,Home,1
41,1023922,Self-Employed,16,1915361,60,Good,113744,0.11108647818244145,1,231745,2,0,Home,0
21,792810,Self-Employed,0,1759368,24,Good,188297,0.23750553410585878,1,98991,4,0,Personal,1
32,759395,Business,6,1830261,24,Bad,228552,0.3009655041638355,0,596715,1,0,Personal,0
35,871247,Business,12,891688,36,Good,783837,0.8996715057021651,0,623031,0,0,Personal,0
24,1950439,Self-Employed,1,1491144,24,Bad,68745,0.03524589323434712,0,1182726,3,0,Business,1
55,607843,Self-Employed,19,1644928,180,Bad,596575,0.9814607037331947,1,604730,0,0,Personal,1
46,433625,Self-Employed,3,1574906,24,Average,596605,1.3758515402674194,1,516066,2,1,Home,1
55,1511819,Salaried,32,732851,180,Bad,508653,0.3364507679485653,0,327980,0,1,Car,0
32,533437,Salaried,5,1848806,36,Good,502270,0.9415714665996798,0,1176921,5,1,Business,0
32,149251,Self-Employed,10,1853629,180,Good,598706,4.011376731970091,1,971388,4,1,Personal,1
38,1758299,Self-Employed,5,1741368,120,Average,336811,0.19155491099357333,1,1439378,5,1,Education,1
63,1314341,Self-Employed,2,1157666,60,Average,589848,0.44877817189133423,0,1447754,4,0,Education,0
37,2495740,Salaried,16,559090,180,Bad,359373,0.1439945090456101,0,1423034,0,1,Car,0
39,818050,Self-Employed,1,818112,24,Bad,68008,0.08313418112073698,1,846741,5,1,Car,1
47,2121812,Self-Employed,8,1706094,24,Average,352410,0.16608909456205612,0,559268,1,1,Education,0
29,1440274,Salaried,3,1784921,12,Good,48167,0.03344291888701811,1,1296181,4,0,Car,0
59,2463302,Salaried,3,1115614,24,Average,415435,0.16864957335739858,0,921775,5,1,Home,0
29,1081731,Salaried,2,460685,180,Good,267590,0.24737180743474355,0,124809,0,0,Personal,0
64,802622,Business,24,415020,180,Average,7543,0.009397936515649314,0,893643,2,0,Car,0
60,958537,Self-Employed,1,1436871,36,Bad,780268,0.8140188495396113,1,1377688,2,1,Car,1
56,396016,Business,22,1161290,60,Good,649194,1.639308413527702,0,1006298,4,0,Car,1
37,756024,Salaried,12,1973452,120,Average,104448,0.1381541615687312,1,272032,3,1,Home,1
34,2410938,Business,10,392775,12,Average,525608,0.2180096634547784,0,308176,3,1,Business,0
59,205591,Business,33,229809,120,Good,557655,2.712435308766878,1,1260282,5,1,Personal,1
35,2166416,Self-Employed,12,1078232,36,Good,484331,0.22356314596866625,1,1443774,2,0,Education,0
43,2051430,Self-Employed,22,891113,60,Average,624351,0.30434901295729666,1,63474,1,0,Business,0
21,1978626,Business,0,1150208,180,Good,408625,0.20651947031957008,0,1058105,4,0,Home,0
47,1201458,Self-Employed,21,656776,12,Average,539989,0.4494443838699448,1,206353,1,1,Business,0
33,1171564,Self-Employed,7,1802362,24,Bad,707527,0.6039161292800656,0,9013,1,1,Education,1
53,2248520,Business,8,1406817,12,Good,186845,0.08309684454803846,0,408039,2,1,Home,0
40,177955,Salaried,19,101033,60,Bad,741449,4.166473735080582,1,1036055,4,1,Car,1
54,318300,Self-Employed,6,424770,60,Good,173277,0.54438094759363,0,917629,0,1,Home,1
33,2233527,Business,7,321326,120,Average,617465,0.2764527688929801,1,989035,0,1,Education,0
21,240270,Self-Employed,0,1838354,12,Good,657925,2.738262212251999,0,1137485,5,1,Education,1
53,2110771,Self-Employed,7,509993,180,Bad,34510,0.016349468346178554,1,87919,3,0,Car,1
39,2192544,Self-Employed,3,530265,60,Bad,791329,0.360918019926615,0,131235,4,0,Personal,0
56,364367,Self-Employed,14,1153889,12,Good,29870,0.08197756114697229,1,902997,2,0,Car,1
39,998839,Business,0,508146,60,Average,443716,0.44423130831764845,1,943883,3,0,Personal,0
41,1948409,Salaried,18,1760526,12,Average,302570,0.1552907242315529,0,1098160,3,0,Car,0
62,2050037,Self-Employed,31,1731150,12,Good,295906,0.14434171464138715,1,1429726,3,0,Education,0
52,2159903,Business,10,1115591,12,Good,648869,0.30041566662222025,1,1098425,4,1,Car,0
22,796618,Business,0,1685219,180,Bad,386917,0.48569893512457024,1,464944,2,0,Home,1
60,1371590,Salaried,4,949054,120,Bad,762199,0.5557042879400638,1,857263,0,1,Home,1
27,355530,Self-Employed,0,321280,180,Average,275357,0.7744950510644641,1,1257256,2,0,Education,1
42,671719,Self-Employed,18,1035043,24,Good,478751,0.7127240516882034,1,130374,3,0,Business,1
27,844568,Business,4,1433714,180,Good,739435,0.8755175716844923,0,670247,4,0,Business,0
59,1385219,Business,11,1901088,24,Average,559168,0.40366728750667763,1,1239613,0,1,Car,1
22,469829,Business,1,1193417,12,Good,722250,1.537258157205798,0,988660,2,1,Car,0
38,1682712,Self-Employed,6,1973099,12,Bad,557293,0.33118719591516793,1,1286479,3,0,Business,1
61,784051,Business,28,697958,12,Bad,64079,0.08172799763281006,1,946024,4,0,Home,1
46,2233685,Business,18,147417,36,Average,355462,0.159136960163604,1,722520,5,0,Business,0
35,468492,Self-Employed,9,1512445,120,Bad,537942,1.1482391412465074,1,1443900,3,0,Education,1
48,264444,Self-Employed,18,1980917,120,Bad,461015,1.7433303711546824,1,1077871,1,1,Personal,1
59,1198642,Salaried,13,1839032,36,Average,140017,0.11681292928753599,1,29418,2,0,Education,1
51,250538,Self-Employed,24,263699,180,Good,212465,0.8480316437760189,0,434610,4,1,Car,1
56,377470,Self-Employed,2,99999,60,Good,407001,1.078231175375062,0,179431,2,0,Home,0
35,152799,Business,0,192228,36,Average,302789,1.9816034031413612,0,694298,3,0,Business,1
41,2229572,Business,8,857827,36,Average,302445,0.13565153506971964,0,1300561,4,0,Home,0
42,202504,Salaried,6,1219949,24,Average,332924,1.6440285425051233,0,1472721,2,1,Car,1
36,1494340,Salaried,6,1969132,36,Good,596842,0.3994014752991452,1,403837,5,0,Education,0
34,1942648,Salaried,2,895218,24,Good,104919,0.05400821249747124,1,1085673,3,1,Home,0
26,1889147,Self-Employed,1,599634,24,Bad,629921,0.33344184785945835,1,1138993,1,0,Car,1
35,2031950,Salaried,11,1975983,180,Average,792404,0.38997200227761397,0,1178593,1,0,Business,0
43,729122,Self-Employed,4,1942458,24,Average,752936,1.0326597844259473,0,46904,0,1,Car,1
45,902884,Self-Employed,7,1448356,12,Average,751405,0.832226695537084,0,740079,5,1,Car,0
60,1403425,Self-Employed,18,181930,180,Bad,419208,0.29870331602806277,1,1474372,4,1,Home,1
45,2074201,Business,18,1314099,120,Bad,236847,0.11418704639181719,1,823919,1,0,Home,1
41,1668160,Salaried,2,1432878,36,Good,517912,0.310468833643755,1,386804,0,0,Education,0
27,1245894,Self-Employed,2,1515232,12,Good,314856,0.25271471512446875,1,785072,2,1,Home,0
58,1830525,Salaried,1,216083,36,Good,794609,0.43408779771497374,0,523099,0,0,Business,0
31,998340,Business,3,1515300,24,Average,604789,0.6057940122663499,0,68772,3,1,Personal,0
31,1636008,Self-Employed,4,192412,180,Good,358773,0.21929769335009772,1,1397363,4,0,Home,0
23,2075340,Business,1,1732186,180,Average,411476,0.19826910372801385,1,1103091,4,1,Personal,1
27,1876463,Self-Employed,5,757262,120,Bad,32191,0.017155138601113583,1,583776,2,1,Car,1
33,824960,Salaried,1,1802712,120,Average,504703,0.6117901331093227,0,930340,5,1,Home,1
61,1837038,Business,6,1212493,24,Bad,625918,0.34072112785847225,0,549509,1,0,Education,0
36,334514,Business,4,182141,60,Good,579002,1.7308700656173863,0,1121861,2,0,Car,0
24,508831,Salaried,0,471153,36,Average,280684,0.5516241116910886,0,835134,3,0,Personal,1
30,1935689,Business,1,1004411,24,Bad,146293,0.07557666775155113,0,1365501,5,1,Personal,0
44,1826135,Salaried,20,1972281,180,Average,445278,0.24383616554298257,0,115310,1,1,Business,0
61,306589,Salaried,33,517153,12,Bad,732555,2.3893636452591407,0,500642,0,0,Education,1
60,673560,Salaried,5,271120,12,Bad,33645,0.04995093243225187,1,21179,3,0,Education,1
49,1400475,Self-Employed,21,1268686,24,Bad,552766,0.3946986595985936,0,1497567,0,1,Education,0
33,2263052,Salaried,5,176861,120,Bad,565386,0.24983330041320287,1,532582,1,1,Home,1
42,1324707,Business,16,877058,36,Good,544991,0.4114046265290162,1,890125,1,1,Business,0
49,2119491,Self-Employed,10,585916,60,Average,627943,0.29627052142683247,0,1249737,3,1,Home,0
31,1693474,Business,7,1224995,120,Bad,786289,0.4643050532189728,0,230842,4,1,Business,1
21,355612,Salaried,0,293095,60,Good,523111,1.4710120271193685,0,706658,0,0,Personal,1
40,714360,Salaried,15,300440,120,Good,42974,0.06015725942485662,0,675216,2,1,Personal,0
51,1774847,Self-Employed,15,1876070,180,Good,467613,0.2634665053007356,1,1265462,1,0,Business,0
31,1976609,Salaried,3,622723,120,Good,273390,0.13831256545297252,1,264602,1,1,Home,0
32,1174604,Self-Employed,7,1217823,60,Average,314045,0.2673622196397938,0,231324,2,1,Personal,0
49,934110,Self-Employed,12,324507,24,Average,669426,0.7166450239853722,0,63804,1,1,Home,0
53,918184,Salaried,31,1058421,60,Good,645979,0.7035390471419158,1,403150,4,0,Car,1
41,523125,Self-Employed,11,1995727,24,Bad,615692,1.1769478098966597,0,1092134,1,1,Home,1
63,273947,Business,13,1634272,12,Average,35607,0.1299772219545315,0,61684,1,1,Home,0
54,1817458,Business,21,1634777,36,Average,10101,0.005557759487284169,1,1198279,4,1,Home,1
57,1598662,Salaried,25,470431,12,Bad,784669,0.49082827337593976,0,758175,0,1,Education,0
42,1122486,Business,11,942711,60,Average,752932,0.6707712427849943,0,1257805,2,0,Education,0
40,1659563,Self-Employed,14,1609287,180,Average,517291,0.31170295330580805,0,419464,0,0,Car,0
55,708843,Business,19,1313222,12,Good,602565,0.8500671515876554,1,463593,1,1,Business,1
53,1423375,Salaried,5,1637282,60,Average,254494,0.1787960454581221,0,1347905,1,0,Car,0
62,986555,Self-Employed,3,399948,24,Average,430569,0.43643645165606415,1,373199,4,1,Car,0
22,1900915,Self-Employed,1,632016,180,Good,787670,0.41436339112301646,0,1260505,2,1,Education,0
62,1482061,Salaried,13,624662,60,Average,186773,0.12602239312525387,1,175931,3,0,Education,0
47,1581121,Self-Employed,6,1332738,36,Average,369517,0.23370555845785462,0,215101,3,0,Home,0
23,1111166,Salaried,2,1269716,24,Average,58951,0.05305323142245945,1,1398349,4,0,Car,1
56,783622,Self-Employed,6,201857,12,Bad,343367,0.43817881813065723,0,569931,1,0,Car,0
34,2116360,Business,5,678292,60,Bad,564288,0.2666312599788032,0,626880,0,1,Home,0
40,1621593,Business,11,1617938,60,Average,729541,0.44989127981479954,1,893546,4,0,Home,1
31,1834849,Business,7,134269,24,Average,54895,0.029917976946344387,0,1446224,2,0,Personal,0
54,519319,Self-Employed,4,958478,36,Average,329711,0.6348898559654933,0,324857,1,0,Education,0
36,1650520,Salaried,4,1860759,24,Bad,365747,0.2215948782233004,1,1043245,0,1,Car,1
62,385121,Self-Employed,2,1333677,24,Average,316785,0.8225575272251391,1,394484,1,0,Car,1
52,1447476,Salaried,28,240984,180,Bad,670392,0.4631451829631835,1,1212511,5,0,Personal,1
38,1451045,Business,13,523937,180,Bad,779440,0.5371573333994925,1,53096,4,0,Education,1
36,1157588,Salaried,9,844473,24,Bad,737411,0.6370231576146629,0,502827,2,0,Business,1
28,2439726,Business,4,681933,24,Bad,699830,0.28684766779233906,1,489454,2,0,Personal,1
29,1452381,Salaried,7,1921440,180,Bad,230119,0.1584424758775584,1,424363,2,0,Personal,1
35,472195,Salaried,5,884175,60,Bad,226941,0.48060762903540055,1,1436476,1,0,Personal,1
57,2084364,Self-Employed,16,1791240,180,Good,442493,0.21229151324264225,0,1283765,2,1,Business,0
42,2036388,Business,18,595702,120,Average,93005,0.045671529359076285,0,412655,4,1,Home,0
22,324390,Salaried,0,1343965,180,Bad,760520,2.344454685857499,1,1043774,3,0,Business,1
45,1315053,Business,24,102763,180,Good,423425,0.32198297560404365,0,1253246,0,1,Car,0
24,1523857,Business,2,786626,120,Bad,658596,0.43218987595957103,1,724576,0,0,Car,1
44,1582983,Salaried,2,1313105,12,Bad,362315,0.2288810246976596,1,324437,4,0,Car,1
30,1074192,Self-Employed,4,1452744,12,Average,155194,0.1444749686508849,1,225612,3,1,Car,1
43,2198237,Business,10,1476934,12,Average,106435,0.04841832413050816,1,1027604,2,1,Education,0
29,809286,Business,6,442278,36,Good,541816,0.6694979654930822,1,1048644,5,1,Education,0
21,473082,Business,0,1588971,36,Good,566417,1.1972888478343124,1,1303511,4,0,Education,1
53,1229897,Business,6,1846388,180,Good,763871,0.6210848379296494,1,484780,5,0,Car,1
36,135063,Business,3,1627077,120,Good,232842,1.723938281111177,1,1133522,1,1,Home,1
60,1657676,Salaried,38,193659,24,Bad,552359,0.33321268256723113,0,1172017,2,1,Car,0
48,1313283,Self-Employed,27,1755080,12,Average,425915,0.32431294373494235,0,1402383,4,1,Personal,0
56,2416893,Salaried,19,1264105,24,Bad,495927,0.2051918702268283,1,35191,1,1,Education,1
42,1420343,Salaried,8,238996,24,Average,426960,0.3006032341460942,1,1495216,1,1,Personal,0
22,1530566,Business,0,659251,36,Average,787404,0.5144524872155221,1,1409939,5,1,Education,1
50,308766,Self-Employed,25,1375250,24,Average,138426,0.44831863508729886,0,889327,2,1,Personal,0
35,1312198,Business,4,1421105,36,Average,505871,0.385513935005285,1,659650,2,0,Car,1
63,1759922,Self-Employed,20,1504120,120,Bad,427463,0.24288733086617995,0,268821,2,1,Business,0
25,685904,Salaried,4,1541533,60,Average,446694,0.6512476217551993,0,185128,3,1,Home,0
51,330128,Salaried,2,1929719,36,Good,153877,0.4661117320804897,1,882412,4,0,Business,1
49,2364241,Self-Employed,2,1582651,180,Bad,41423,0.017520626061122337,1,41713,0,1,Home,1
27,435410,Self-Employed,6,768550,24,Average,606151,1.3921352469276156,1,676560,4,0,Car,1
46,2482104,Self-Employed,6,1294576,180,Average,523047,0.2107271851916015,1,408274,4,0,Business,0
40,707283,Self-Employed,9,900941,60,Average,476555,0.6737816775156797,0,67703,0,0,Business,0
45,424280,Self-Employed,20,563795,36,Bad,350600,0.8263391478760539,0,83086,1,0,Business,1
35,2334726,Salaried,11,1551794,60,Bad,537214,0.23009713769532797,1,754719,0,0,Home,1
34,631500,Business,7,419531,12,Bad,289707,0.4587593685520688,1,948192,2,0,Car,1
50,1157711,Salaried,11,1228825,120,Bad,540609,0.4669632862058958,0,1216396,4,0,Personal,1
44,1244709,Salaried,11,93835,60,Average,262203,0.21065388725084558,1,1265365,3,0,Home,0
21,187114,Self-Employed,0,1799302,24,Average,653479,3.4923923790182507,0,1432609,1,0,Education,1
53,1960285,Salaried,19,1865385,24,Bad,581190,0.29648224799850637,1,1259846,1,1,Car,1
49,2380385,Salaried,19,737246,24,Bad,402016,0.16888689481453847,0,49460,0,0,Car,0
40,1709432,Business,12,1685543,12,Bad,65781,0.03848118060198908,1,270574,4,0,Home,1
27,349334,Self-Employed,5,316051,12,Bad,229652,0.6573976269197189,0,1077180,5,1,Home,1
30,496783,Self-Employed,5,1842668,180,Average,387736,0.7804921253502528,1,1316793,5,0,Education,1
34,1672844,Self-Employed,2,669165,60,Bad,269457,0.1610770872376102,1,59668,4,0,Business,1
39,501595,Salaried,3,141634,60,Average,668942,1.3336270624167657,0,109119,0,0,Car,0
36,149715,Salaried,15,268400,180,Good,501328,3.3485265435891955,1,1398980,5,1,Home,1
25,2362027,Salaried,3,1523117,36,Average,320760,0.13579855954290126,1,977987,4,0,Home,0
41,1577541,Business,14,1640196,36,Good,488286,0.30952329636865455,1,1452626,5,0,Home,0
32,1301051,Business,11,823559,60,Good,447246,0.3437572057073814,0,1143771,0,0,Personal,0
25,958917,Salaried,2,894004,36,Average,472224,0.49245503786559436,0,815530,1,1,Education,0
41,1835027,Self-Employed,0,770614,60,Bad,311406,0.16970095279200098,1,1031824,4,1,Car,1
28,1655705,Salaried,3,1009841,36,Bad,171481,0.10356971587951001,0,594828,3,0,Education,0
57,192613,Salaried,24,1700926,180,Average,265405,1.3779112629403885,0,1327766,5,1,Car,1
41,997237,Self-Employed,10,720659,120,Good,255456,0.25616352365232775,1,381003,0,0,Business,0
52,2132388,Business,23,1233494,120,Average,667719,0.3131318910386426,0,1229024,0,0,Personal,0
21,2368322,Salaried,0,1739959,60,Average,629275,0.2657048890712964,0,705322,0,1,Business,0
21,2238309,Business,0,491588,24,Average,19674,0.008789667204274654,1,556645,2,1,Home,0
30,2088331,Self-Employed,9,1529221,24,Good,440087,0.21073612816352955,1,680859,5,1,Home,0
36,836300,Business,3,1316019,60,Good,627517,0.7503482597772811,0,143274,5,1,Education,0
52,342274,Self-Employed,26,873509,180,Bad,255672,0.7469783069169528,1,150468,0,1,Home,1
53,2277682,Business,18,1741043,180,Average,27122,0.011907714989311506,1,815813,3,0,Education,1
35,798627,Business,7,563888,36,Bad,193050,0.24172706191117768,1,662448,2,0,Personal,1
43,252508,Self-Employed,0,1471921,12,Bad,350161,1.3867268097374748,1,1406725,3,0,Personal,1
60,2402176,Self-Employed,29,1454611,24,Average,153609,0.06394574587967498,0,396010,4,1,Car,0
29,1225340,Self-Employed,2,980522,120,Bad,651459,0.5316552698391713,0,1393737,0,1,Home,1
58,488903,Business,23,1295158,24,Good,681192,1.3933042069608756,1,1276394,2,1,Car,1
22,783778,Self-Employed,0,581369,24,Average,364860,0.46551387572262076,1,665474,5,1,Car,1
55,2084760,Salaried,1,449104,12,Bad,490899,0.23547015701080365,1,1430954,5,1,Education,1
56,2142130,Salaried,20,306306,120,Average,740781,0.3458149851713084,1,553634,3,1,Home,0
28,1798442,Business,7,1378706,12,Good,683206,0.3798874915690962,1,696761,0,1,Business,0
58,1165618,Business,6,1268135,36,Bad,402628,0.34541990135713296,0,605787,1,1,Car,0
44,2283705,Self-Employed,12,319856,36,Good,277961,0.12171487923576853,0,709192,0,1,Business,0
53,2168195,Salaried,27,1791398,36,Bad,714036,0.3293226258142714,1,702175,3,0,Personal,1
36,755318,Salaried,9,213597,24,Average,29030,0.038434092085595624,0,1092643,1,1,Business,0
44,982865,Self-Employed,15,446008,36,Bad,524708,0.5338550728176578,0,487976,0,0,Home,0
28,1972883,Business,7,1714861,36,Good,283475,0.14368558921862612,1,279037,1,0,Personal,0
24,2156677,Self-Employed,2,730849,24,Average,341358,0.15827953918016505,0,886801,2,1,Personal,0
26,346073,Business,5,696868,36,Good,337468,0.9751324861156863,1,687703,2,0,Business,1
52,2128063,Self-Employed,4,329103,12,Average,508102,0.23876255601335297,1,1400063,5,1,Personal,0
47,1219726,Self-Employed,6,1640264,24,Good,151074,0.12385886349978315,0,386582,4,0,Car,0
46,491007,Self-Employed,22,204736,36,Average,417669,0.8506358348540146,1,529034,5,0,Personal,1
54,208898,Business,33,1663397,12,Average,164411,0.7870358402864542,0,1339445,4,1,Education,1
25,1360521,Self-Employed,4,177240,36,Average,172413,0.12672562442944693,1,263380,4,1,Home,0
30,2345509,Self-Employed,3,551817,180,Good,624109,0.26608669329911194,0,732382,0,0,Business,0
54,2385634,Self-Employed,32,464919,180,Average,249526,0.10459521259538865,0,316256,5,0,Education,0
34,1068329,Business,6,493445,12,Bad,607508,0.5686520082745968,1,1353838,2,0,Education,1
34,1007996,Self-Employed,11,1145918,24,Good,374160,0.3711915809273242,1,770893,0,0,Business,0
47,1991031,Business,16,827156,120,Good,124939,0.06275087492315543,0,288766,1,1,Business,0
46,1709214,Self-Employed,4,885141,120,Average,161961,0.09475753489174855,0,1189872,4,0,Home,0
46,217739,Salaried,8,1678078,36,Bad,226445,1.0399788738862863,0,1072912,0,0,Education,1
49,610548,Salaried,21,1143996,24,Good,482974,0.7910487118969977,1,1152957,5,1,Business,1
33,932879,Self-Employed,1,1023356,24,Bad,20497,0.02197174341823171,1,1128290,4,1,Personal,1
39,2160012,Self-Employed,18,814227,120,Average,143954,0.06664496926638867,0,1004824,5,1,Personal,0
51,793955,Self-Employed,3,1196423,36,Average,195110,0.2457440966501922,0,1290879,1,1,Home,0
36,2182639,Salaried,4,1170494,24,Bad,435926,0.19972418722281274,0,185123,0,0,Business,0
48,1449426,Self-Employed,6,846651,24,Average,351161,0.24227574068925167,0,1345256,0,0,Personal,0
22,2063806,Salaried,0,1394657,12,Bad,21094,0.01022091697527918,1,125312,2,1,Personal,1
41,989757,Salaried,10,1432165,36,Good,31854,0.032183624684013666,1,60796,0,0,Home,0
45,1972119,Business,12,336243,60,Average,462422,0.2344796462689897,0,1157447,5,1,Business,0
24,2232945,Self-Employed,2,1408826,120,Good,347806,0.15576104393030551,0,215836,2,1,Business,0
56,513576,Business,8,1857188,36,Good,80882,0.1574875821931278,0,900290,0,1,Education,0
45,1632447,Business,19,1678042,24,Average,712944,0.43673305367154114,1,196092,1,1,Business,1
34,1683455,Business,7,1376985,120,Average,397534,0.23614160393856448,1,907043,1,0,Car,1
46,1668843,Salaried,8,259742,180,Good,367112,0.2199798183652876,0,898118,1,1,Personal,0
44,263499,Business,19,676551,60,Bad,418381,1.5877836812144213,0,984789,4,1,Car,1
52,455314,Business,22,1385586,36,Bad,796714,1.7498083744221034,1,151391,4,0,Education,1
40,768423,Salaried,19,1909591,36,Average,214649,0.27933666829771064,0,1372642,1,0,Business,0
33,2308520,Business,5,832190,180,Bad,279567,0.12110221219560056,1,1099844,4,1,Education,1
54,2335374,Salaried,14,473693,12,Bad,751270,0.3216913771878178,1,1171518,4,0,Car,1
46,1833616,Business,10,260926,180,Good,217267,0.1184909389474465,1,1425762,5,0,Car,0
43,2365196,Self-Employed,0,1197484,36,Bad,370868,0.1568021606656866,1,237741,1,0,Business,1
54,1643342,Business,8,932969,180,Average,581890,0.3540891950128488,0,27182,4,0,Car,0
40,1682244,Salaried,9,1946783,60,Bad,714814,0.4249167035717152,0,143128,3,1,Personal,0
45,1738773,Self-Employed,10,1982443,120,Average,348434,0.2003906200575808,0,830821,1,0,Business,0
40,701845,Self-Employed,14,811994,24,Bad,488373,0.6958406829988345,1,757624,5,0,Home,1
37,911006,Business,3,832262,36,Average,621065,0.6817346079667884,0,1005716,1,0,Car,0
54,1716254,Self-Employed,28,1675194,12,Bad,71082,0.04141692231049582,1,414496,1,0,Education,1
21,1590356,Business,0,280205,12,Bad,740799,0.46580673395973354,1,96342,0,0,Personal,1
29,1705667,Salaried,0,378905,36,Good,652862,0.3827603027083817,1,1457955,4,0,Education,0
25,2253916,Business,2,1296872,180,Good,309199,0.1371829574913362,0,1362319,3,1,Home,0
45,946152,Business,0,1274132,36,Good,127976,0.13525930795547866,1,900499,4,1,Car,1
56,490652,Salaried,33,1153033,120,Bad,90159,0.18375308007899677,0,954321,1,1,Business,0
36,1089884,Self-Employed,0,348402,36,Bad,736366,0.6756364203562761,1,1228605,2,1,Business,1
62,1770128,Self-Employed,3,1275328,60,Average,665522,0.3759737284683772,0,1274456,0,1,Education,0
34,2137175,Business,10,793192,180,Bad,11675,0.005462816352045877,0,89606,0,0,Personal,0
56,2465737,Salaried,35,1860654,180,Good,460498,0.18675869050158614,0,350448,5,0,Business,0
48,229537,Self-Employed,24,1125152,24,Average,181172,0.7892897907971664,0,1418784,0,1,Home,1
26,1758593,Business,5,1744856,120,Average,749378,0.42612336900956105,0,1002383,0,0,Education,0
44,1974315,Self-Employed,22,1511415,60,Good,675609,0.3421990198124312,0,466981,2,0,Car,0
43,2049146,Self-Employed,9,495581,36,Good,365556,0.17839422940374702,0,1345271,1,0,Home,0
39,666881,Salaried,14,1848336,120,Average,634153,0.9509223520802781,0,977397,4,0,Personal,0
62,1077867,Salaried,23,791277,12,Good,229701,0.21310679971944615,0,1006629,0,0,Car,0
64,1212214,Self-Employed,22,1890201,24,Good,15213,0.01254975396278713,1,341910,3,0,Personal,0
21,1565319,Self-Employed,0,822354,12,Bad,469773,0.30011307592057856,0,214480,1,1,Education,0
26,1980420,Self-Employed,5,564738,180,Bad,145384,0.07341065359335212,1,415335,4,1,Home,1
55,1739409,Self-Employed,29,1007262,180,Good,462735,0.2660298606998925,1,263648,1,1,Business,0
39,1023153,Self-Employed,2,125427,24,Good,300931,0.29412092412285934,0,13898,0,1,Home,0
53,1295294,Self-Employed,15,1832474,12,Good,767877,0.5928201683786319,0,1223034,0,1,Education,0
47,1631061,Self-Employed,7,1639732,180,Bad,230804,0.14150535050169766,1,788512,0,1,Home,1
49,1353460,Salaried,7,1176161,180,Bad,451758,0.3337798429359989,1,1172723,4,0,Education,1
47,2356489,Business,8,848892,36,Good,259970,0.11032085856506924,1,788634,2,1,Home,0
53,393994,Self-Employed,9,708166,120,Bad,356512,0.9048642749273468,1,786617,1,1,Car,1
31,1849151,Salaried,5,1903466,180,Average,130293,0.07046094642300903,0,1433062,0,0,Education,0
30,721108,Self-Employed,7,1848615,36,Average,81234,0.11265148542037334,1,493622,3,1,Car,1
26,1819192,Self-Employed,1,989057,60,Bad,84079,0.04621774600056179,0,1439889,5,0,Business,0
39,1785520,Self-Employed,17,430445,120,Bad,696780,0.39023903947363264,1,156454,3,1,Personal,1
32,575755,Self-Employed,11,415271,12,Average,763011,1.3252332585331286,1,940963,1,1,Car,1
34,1901989,Business,6,390300,60,Average,429960,0.22605797086209706,1,1399060,0,1,Business,0
28,807887,Salaried,7,1411146,180,Average,372507,0.4610874279603113,0,230066,0,0,Education,0
34,1628077,Salaried,11,488949,12,Average,111151,0.06827129904095504,1,1349246,0,1,Personal,0
54,295477,Salaried,28,554898,24,Good,575817,1.9487643750126913,1,112833,2,1,Business,1
52,1731920,Salaried,25,1689285,24,Average,688992,0.39781953102941764,1,1350405,1,0,Business,1
29,955399,Salaried,8,458286,12,Average,475689,0.4978951224617961,0,807932,3,0,Car,0
40,299111,Salaried,0,407479,180,Average,433174,1.4482000053491668,1,1483704,4,0,Business,1
36,1138585,Salaried,6,53825,120,Good,574656,0.5047102283007169,0,408016,4,0,Car,0
30,299577,Business,5,1680763,36,Bad,738142,2.4639392745795754,1,809033,5,1,Home,1
54,1911794,Salaried,5,543915,36,Good,123355,0.064523131402687,1,164364,0,0,Car,0
32,1897639,Self-Employed,8,1057537,180,Bad,220408,0.11614847916359267,0,978550,0,0,Personal,0
22,1573831,Salaried,1,740366,24,Average,148616,0.09442939271790128,0,529527,1,0,Home,0
28,1356098,Business,0,209500,24,Average,9096,0.0067074748967442645,1,1096158,0,1,Car,0
64,1629949,Business,7,1808446,36,Average,548190,0.3363232000981625,1,1366908,4,1,Business,1
51,2118318,Self-Employed,24,1419013,120,Average,474514,0.22400497753171264,0,531501,5,0,Home,0
30,2186800,Self-Employed,7,1026273,180,Bad,525334,0.24022944931889093,1,801341,2,1,Car,1
29,214135,Business,7,1311144,60,Bad,744502,3.4767717712108195,1,1457416,3,0,Personal,1
31,916784,Self-Employed,5,916971,120,Average,271367,0.2959985165551356,1,1297624,3,0,Car,1
63,2117499,Self-Employed,7,777362,12,Average,293172,0.13845194805194805,1,57965,2,0,Home,0
37,2308084,Self-Employed,14,446562,24,Good,176251,0.07636243899163159,0,826949,3,0,Car,0
29,1380819,Salaried,4,1579546,60,Average,359553,0.2603909271302559,1,310719,5,0,Education,1
56,311750,Business,5,474567,12,Good,584981,1.8764366433467736,1,817865,5,0,Home,1
60,922236,Self-Employed,19,652651,24,Good,107904,0.11700246249066129,0,1355420,0,1,Business,0
29,1712341,Self-Employed,1,1057567,180,Average,522471,0.30512070602718383,1,536761,5,0,Education,0
33,424608,Business,2,1421598,36,Bad,359625,0.8469556698044554,1,1004608,3,1,Personal,1
32,1435856,Business,3,81516,180,Good,339126,0.23618368681560908,1,45099,4,1,Car,0
25,2190203,Salaried,1,887620,36,Bad,386221,0.17634019479464014,1,529848,5,1,Business,1
48,590409,Business,3,1923090,180,Bad,215448,0.3649125184194035,1,1090006,2,0,Car,1
34,327932,Business,5,1648111,120,Bad,151015,0.46050565206917266,0,306658,4,1,Education,1
54,1759872,Business,11,1932375,12,Average,424018,0.24093670395534222,0,70408,3,0,Personal,0
34,2361915,Self-Employed,10,1365473,60,Average,526121,0.22275178287458147,0,1319365,0,1,Education,0
57,478121,Salaried,24,1871004,36,Good,633141,1.3242247794495965,0,1260246,3,1,Personal,0
53,460791,Self-Employed,16,237401,60,Good,444374,0.9643700411465477,1,239354,1,1,Education,0
55,2250829,Self-Employed,1,574818,36,Bad,271695,0.12070880519630536,0,290538,3,0,Personal,0
45,974528,Salaried,1,1431359,60,Good,476673,0.4891316728388791,1,2781,2,0,Education,1
30,702930,Self-Employed,9,363807,36,Bad,559244,0.7955887562221612,1,1284015,1,0,Personal,1
28,1518366,Self-Employed,4,1398056,120,Bad,606138,0.3992038815385213,0,171003,4,0,Business,0
58,1105256,Self-Employed,28,285077,60,Average,117296,0.10612554365183845,0,125355,2,0,Car,0
47,2228932,Business,6,1824281,120,Average,514249,0.2307153243278286,0,999602,0,1,Car,0
48,253001,Business,17,560452,24,Average,407460,1.610501102758081,1,884847,3,1,Business,1
33,1546122,Business,9,1109692,60,Average,219026,0.14166143314600455,0,1394021,4,1,Education,0
24,1868021,Business,0,508450,24,Bad,83748,0.04483244844011473,1,142324,5,1,Personal,1
51,2437819,Self-Employed,3,606459,180,Good,552805,0.22676202508798846,0,155346,1,1,Car,0
21,2474623,Self-Employed,0,259691,120,Average,49647,0.020062441809341542,0,471939,0,0,Car,0
38,798514,Self-Employed,6,1394721,60,Bad,538834,0.6747950883828105,1,1221172,3,0,Education,1
45,1018880,Self-Employed,4,918800,12,Bad,88327,0.08669020229055209,1,796454,2,0,Education,1
38,1288621,Self-Employed,8,1222356,12,Bad,725750,0.5631985174861208,1,1082883,3,1,Business,1
49,1630272,Business,23,1363964,36,Good,25090,0.015390060437730368,0,326421,1,1,Car,0
45,2487151,Salaried,19,959395,24,Good,773790,0.3111148815995162,1,1307421,1,0,Personal,0
37,1481094,Salaried,9,674434,180,Good,207091,0.13982290129937647,1,144776,5,1,Business,0
37,1951524,Self-Employed,6,1861146,36,Good,788359,0.4039707408308887,0,933016,5,0,Car,0
22,849353,Salaried,0,1953767,36,Average,349135,0.4110594640161817,0,849490,2,1,Personal,0
51,1585226,Self-Employed,5,1992853,36,Bad,362022,0.22837234036513382,1,842252,2,1,Business,1
23,1475511,Business,0,1626119,24,Good,689186,0.4670826126795309,0,1017765,0,1,Home,0
37,934155,Salaried,5,1974841,120,Bad,461322,0.49383828825164106,1,1403759,2,1,Business,1
44,2298586,Salaried,21,1343366,36,Bad,787176,0.3424608248458727,1,1005844,2,0,Personal,1
54,1126137,Salaried,17,1572434,12,Bad,636288,0.5650177864524596,0,839941,2,1,Business,1
42,948786,Self-Employed,10,1629898,60,Average,16263,0.01714083350636128,1,1229747,0,1,Car,1
41,729563,Salaried,13,825299,12,Bad,281719,0.3861470686601861,1,1070807,3,0,Car,1
37,1677711,Business,9,1870321,120,Average,773418,0.4609956893674242,1,11357,5,0,Car,1
45,1174142,Salaried,10,878008,60,Bad,331694,0.2824988097701898,0,389203,0,1,Personal,0
23,1995175,Business,1,1410265,120,Bad,493985,0.24758968632341208,1,1232077,2,1,Education,1
30,1805176,Salaried,1,1490846,24,Bad,759652,0.42081856792990385,0,1056085,4,0,Personal,1
51,1902700,Salaried,30,1567629,36,Good,255117,0.13408149782861312,0,1111881,5,0,Car,0
56,953038,Salaried,13,1309166,180,Bad,654492,0.6867420955490804,1,1014298,4,0,Personal,1
29,392659,Salaried,2,1977353,12,Bad,141902,0.3613864411959456,1,1371351,0,0,Education,1
36,1574471,Business,2,1486946,12,Average,228845,0.14534713859630402,0,1357416,2,0,Education,0
56,158872,Self-Employed,35,597594,24,Average,421426,2.652596728204289,0,45693,5,0,Home,1
37,1394025,Salaried,16,201343,60,Average,459091,0.32932743004793313,1,747405,2,0,Car,0
32,2475332,Salaried,4,1453519,60,Bad,56467,0.022811880260150855,1,111414,1,1,Car,1
35,725432,Business,14,1040749,180,Good,194006,0.26743475965388946,0,853192,2,1,Car,0
56,823407,Self-Employed,6,1239389,180,Good,775471,0.941782202747605,1,325148,1,0,Education,1
36,225711,Salaried,1,1745625,120,Average,768454,3.40457751470901,1,933146,3,1,Home,1
29,2465286,Business,7,1131679,12,Bad,15330,0.006218342935325583,1,1458256,1,0,Education,1
51,120184,Self-Employed,19,171529,120,Good,761720,6.337895744061239,1,55810,2,0,Education,1
22,2118814,Salaried,1,1935554,12,Bad,559408,0.26401927492489907,1,703844,3,0,Business,1
49,200528,Business,9,234168,180,Bad,534421,2.6650559270728924,1,115742,5,0,Personal,1
32,2165963,Self-Employed,8,1186533,120,Bad,276570,0.12768910286597562,0,769867,4,0,Car,0
38,963855,Self-Employed,3,1566171,36,Bad,31152,0.03232018060789164,0,366014,1,1,Education,0
53,1926106,Business,18,918591,36,Bad,715597,0.3715250502697929,1,1366433,5,0,Home,1
43,1518507,Self-Employed,3,1581445,24,Good,22743,0.01497720130549197,1,843171,4,1,Personal,0
59,1151109,Business,35,1310780,120,Good,30339,0.026356299571717732,1,1082697,3,1,Home,0
21,1210022,Business,0,1347956,24,Good,126530,0.10456826027273862,0,438894,2,0,Car,0
37,1642044,Self-Employed,12,1408638,60,Bad,96666,0.05886927581156424,0,508594,3,0,Business,0
33,1871447,Self-Employed,12,341190,24,Bad,219368,0.11721832506166348,0,1433338,2,1,Home,0
63,470857,Business,0,1777536,120,Bad,288953,0.6136733367597025,1,941260,5,0,Personal,1
53,197185,Self-Employed,1,1044406,120,Average,405096,2.054385199760632,0,1304862,3,1,Education,1
54,1780626,Self-Employed,8,1044764,36,Average,301355,0.16924094714951532,1,1396189,2,1,Personal,0
61,2411051,Salaried,13,856951,24,Average,794415,0.3294889533697324,1,1035603,3,1,Home,0
58,1010987,Self-Employed,4,1857977,180,Good,74975,0.0741601285079546,0,60666,5,0,Personal,0
26,1800589,Self-Employed,3,634765,36,Good,506201,0.2811306294048062,1,485705,3,1,Car,0
46,438952,Self-Employed,12,1024556,12,Good,123731,0.2818775586452308,1,354000,2,1,Personal,0
37,1641267,Self-Employed,13,1552224,36,Good,467212,0.2846652709977895,1,451420,1,0,Home,0
47,942590,Self-Employed,13,1638768,36,Good,125212,0.13283810263412232,0,670756,2,1,Car,0
44,479140,Business,4,114636,60,Bad,589409,1.2301368490694806,1,385905,5,1,Home,1
29,1097882,Salaried,1,1263091,12,Average,280967,0.255917069487368,0,337553,3,0,Business,0
52,1667824,Salaried,15,679201,24,Average,249408,0.1495408690959783,0,7131,0,0,Personal,0
24,674868,Self-Employed,3,1192776,12,Bad,81118,0.12019814215795954,0,548524,4,1,Home,0
56,1545216,Self-Employed,5,1549159,180,Average,693540,0.44883016430701966,0,596658,3,0,Education,0
44,247845,Salaried,12,758636,24,Bad,735588,2.967923629996046,0,639340,0,1,Business,1
30,1347318,Self-Employed,8,1719292,60,Good,299615,0.22237866459242392,0,1097338,3,0,Education,0
24,793346,Salaried,0,382744,60,Average,642624,0.8100162980385632,0,1365608,4,0,Personal,0
40,1259304,Business,1,724162,12,Bad,147483,0.11711459892559785,0,60399,2,0,Business,0
36,180692,Self-Employed,12,1766706,36,Good,73513,0.4068392245410724,0,490783,1,1,Business,0
58,2418309,Business,37,1840117,12,Good,768693,0.31786371474294034,0,1204155,4,0,Home,0
59,1120780,Self-Employed,11,876164,60,Bad,257144,0.229432868687103,1,226562,1,0,Car,1
46,605685,Self-Employed,7,266769,60,Average,673859,1.1125550202580214,1,743537,3,0,Business,1
48,2030232,Business,25,1437244,180,Good,351150,0.17296044345648998,0,823681,1,0,Education,0
54,808484,Business,22,398128,180,Good,71035,0.08786186509335361,1,1052417,2,1,Education,0
42,493857,Business,15,1466083,36,Bad,721561,1.4610697811921645,1,97807,5,1,Home,1
64,2424534,Salaried,41,719220,12,Good,614727,0.2535442878737572,1,1317765,4,1,Education,0
42,1171429,Salaried,16,160884,120,Good,48022,0.04099434025080457,1,1444528,4,1,Business,0
33,1573438,Self-Employed,5,135694,60,Good,407558,0.2590237053994467,1,195333,4,1,Home,0
34,515151,Business,2,1828734,24,Good,640477,1.243277712209212,0,94203,1,0,Personal,0
62,1433558,Salaried,2,1725074,60,Average,754936,0.5266166233827837,1,1148742,2,1,Car,1
56,2247536,Self-Employed,2,1468038,60,Average,425859,0.18947808200710378,1,410142,1,0,Car,0
34,1192228,Salaried,4,242702,24,Good,36417,0.03054530631279729,0,127390,2,0,Home,0
42,1348489,Business,19,201389,180,Bad,691794,0.5130138154528399,1,701485,0,0,Business,1
21,1567832,Salaried,0,96652,180,Bad,116048,0.07401808738558252,1,60941,4,1,Education,1
33,2374334,Salaried,5,1260022,12,Bad,346689,0.14601520004548643,0,372767,1,1,Business,0
60,1944472,Salaried,2,1993505,12,Good,150193,0.07724097994675164,0,267637,5,1,Home,0
63,2436930,Business,4,1362151,120,Good,453685,0.18617063839722997,0,455457,3,1,Personal,0
48,899568,Salaried,1,203807,24,Bad,539491,0.5997216444764104,0,1314694,1,0,Home,1
26,484913,Business,3,1708086,120,Bad,502578,1.0364270777911135,0,12636,3,1,Personal,1
34,649254,Self-Employed,7,954846,36,Good,346106,0.5330817629436816,0,603986,2,0,Car,0
31,2457427,Salaried,6,1221235,60,Bad,61265,0.024930537130691113,0,1115021,1,1,Education,0
58,285720,Business,15,914465,24,Bad,662887,2.3200499788254976,0,890432,0,0,Business,1
41,2221628,Salaried,9,243585,180,Good,217483,0.09789348266519747,0,802651,0,1,Car,0
52,913287,Business,9,511849,24,Bad,175657,0.1923347290230464,1,656444,0,1,Education,1
22,1255969,Salaried,1,1752686,60,Bad,542358,0.4318240085352357,1,770741,2,1,Business,1
48,705422,Self-Employed,18,1972763,24,Average,369137,0.5232846107938074,0,452655,1,1,Personal,0
31,1347450,Self-Employed,10,238791,36,Bad,426904,0.31682339469116133,0,635754,4,1,Home,0
62,2054755,Business,8,96475,180,Bad,312841,0.15225214088680117,0,1209325,4,0,Car,0
53,228644,Salaried,28,1246945,60,Good,707292,3.0934068096831333,1,237957,4,1,Personal,1
38,500457,Salaried,14,499694,24,Average,325053,0.6495110478801418,1,815799,5,0,Home,1
31,664409,Self-Employed,10,1385634,60,Average,378808,0.5701419304345209,0,503148,2,1,Business,0
40,2398274,Self-Employed,15,115638,60,Average,782428,0.3262461560913573,0,1455054,5,1,Home,0
60,2032768,Self-Employed,28,651076,60,Bad,793629,0.3904177011750966,1,1407847,5,0,Education,1
52,2483866,Self-Employed,18,1503447,12,Good,229810,0.09252105688428568,1,47907,1,0,Education,0
55,166371,Salaried,24,1409059,24,Good,484284,2.9108503834779893,0,497981,3,0,Car,1
37,987414,Business,15,694927,180,Good,166587,0.1687102180947221,0,408632,0,1,Education,0
51,294847,Business,19,1613831,120,Good,523966,1.7770715758628175,1,1322947,3,1,Business,1
61,755136,Salaried,25,1980977,12,Bad,384758,0.5095207889429335,1,1197961,2,1,Home,1
44,1483212,Business,13,1204906,24,Good,424286,0.2860587117291987,1,1152298,1,0,Education,0
51,1265318,Business,9,1652519,36,Good,429581,0.3395041092404366,0,852588,1,0,Car,0
37,2494751,Self-Employed,2,1015177,36,Good,656334,0.2630858698580059,0,799111,5,0,Personal,0
46,714495,Salaried,8,1023432,60,Bad,767263,1.0738520579541384,0,860885,1,0,Car,1
61,1543249,Business,18,1228805,36,Average,232273,0.15050899076624008,0,251428,1,1,Car,0
32,2360515,Self-Employed,10,1880810,180,Good,505092,0.21397524947935112,1,1248389,4,0,Car,0
43,1241496,Business,13,511811,36,Bad,687094,0.5534399197098342,0,744287,3,1,Home,0
35,1929753,Business,9,149978,36,Bad,42568,0.022058770185215317,1,681153,4,1,Business,1
47,2118069,Business,25,796201,180,Average,716743,0.3383943873431945,0,541055,4,1,Car,0
41,204244,Salaried,7,1562576,12,Bad,363877,1.7815711522925899,1,322233,4,0,Business,1
29,862126,Self-Employed,6,1154495,36,Average,147683,0.17130074803364237,0,194555,1,0,Personal,0
37,1092360,Salaried,11,876965,24,Average,361970,0.33136481437912924,0,919029,5,1,Home,0
64,1015176,Business,36,1840580,12,Bad,466401,0.4594282573383755,0,1323913,0,1,Car,1
62,441660,Salaried,8,1572957,12,Good,161764,0.3662628124285368,1,856922,0,0,Personal,0
52,2113729,Business,18,1987888,36,Average,644052,0.30469927568800176,1,664576,3,1,Education,1
31,170093,Business,10,1098522,180,Good,115455,0.6787717379801756,1,395654,1,0,Business,1
35,691719,Self-Employed,5,1074627,36,Good,278904,0.403203608396461,1,995118,1,0,Personal,0
60,1780850,Business,34,1421123,36,Average,46573,0.026152103685260587,0,946152,0,1,Personal,0
41,1819963,Salaried,5,858391,180,Bad,14570,0.008005652859067541,1,1346143,3,1,Education,1
30,232446,Self-Employed,6,893395,180,Average,498863,2.1461365386518216,1,34341,5,1,Business,1
61,1572036,Business,20,1205703,60,Bad,75589,0.04808347386225642,0,421744,0,0,Home,0
45,2038975,Salaried,23,1409189,24,Average,195984,0.09611883612166107,0,989921,1,1,Car,0
39,1663169,Self-Employed,1,736229,12,Average,196166,0.1179470529170199,1,1078768,5,1,Car,0
59,2172563,Business,5,1942552,12,Average,659763,0.30367943130789243,0,953595,5,1,Business,0
46,1338851,Business,25,233195,180,Bad,310404,0.23184340016670998,1,45938,1,1,Home,1
38,2059128,Salaried,0,758612,120,Bad,276772,0.13441217135983224,1,385383,5,0,Business,1
42,2116211,Salaried,14,925792,120,Bad,643634,0.30414438629022045,1,330492,4,1,Car,1
48,1177978,Salaried,21,962553,60,Bad,182992,0.15534402565750324,1,262084,1,0,Car,1
37,757173,Self-Employed,6,1033896,12,Good,792420,1.046549406081033,0,205351,2,0,Business,0
29,2429842,Salaried,2,1026328,120,Average,113174,0.0465766718261221,1,754270,3,1,Home,0
51,2400249,Self-Employed,21,1158514,180,Average,5149,0.002145193209040725,1,562367,4,1,Home,0
60,634681,Salaried,5,880241,180,Average,151863,0.2392741561916046,1,157720,2,1,Education,1
33,774654,Self-Employed,5,1200053,60,Good,17857,0.023051551981204538,1,911737,4,1,Education,0
31,893386,Salaried,7,1938717,12,Bad,179933,0.20140543795689886,0,641127,3,0,Car,0
55,2238100,Self-Employed,4,1967797,12,Good,629505,0.28126746737524355,0,756391,4,1,Personal,0
54,1852938,Self-Employed,10,926744,24,Good,201157,0.10856104815107243,1,212471,1,0,Personal,0
57,459771,Salaried,11,1415740,60,Bad,529951,1.1526386991813333,0,487043,1,0,Car,1
53,890602,Business,8,1662001,60,Bad,395750,0.4443618537103513,0,1494237,1,0,Personal,0
40,873830,Business,8,920699,12,Good,214396,0.24535178999142854,0,1038370,5,0,Home,0
59,1892246,Salaried,36,927112,60,Bad,95446,0.05044056087815174,1,501670,3,0,Personal,1
39,2254384,Self-Employed,15,1581453,36,Average,417236,0.18507752668687913,1,883671,4,0,Car,1
46,2361970,Salaried,24,1031041,36,Bad,528382,0.2237038473376684,1,1117042,3,0,Education,1
56,2359776,Business,35,1389720,60,Good,740999,0.31401229861974245,1,971457,4,1,Business,0
43,2350085,Salaried,22,213754,60,Average,603107,0.2566318849608057,0,1401853,5,0,Home,0
41,2048968,Business,1,1959434,60,Good,562585,0.2745697958339048,0,379326,5,1,Car,0
24,1490767,Self-Employed,3,237956,120,Bad,317055,0.21267896815601087,1,863735,5,0,Car,1
63,1523200,Self-Employed,14,1133199,180,Average,506583,0.33257790665841214,0,1302974,5,1,Education,0
38,1502214,Business,17,1456892,120,Average,718387,0.4782184973522432,1,714355,4,1,Car,1
30,223376,Salaried,7,506427,60,Average,141981,0.6356115446084423,0,274857,1,1,Car,1
58,526557,Self-Employed,11,1111552,36,Good,607198,1.1531455224305776,1,995373,2,1,Education,1
22,1088032,Business,0,1996849,24,Good,711759,0.6541704157870212,1,1490229,2,1,Home,1
53,988308,Self-Employed,19,1920663,60,Good,245170,0.24807018857462595,1,973337,0,1,Home,0
46,1815524,Salaried,0,1579610,12,Good,438824,0.24170639346745432,0,118849,4,1,Personal,0
38,301721,Self-Employed,11,614109,180,Average,179012,0.5933011182479235,1,514618,1,0,Business,1
22,559754,Business,1,1254138,24,Good,622793,1.112617127135979,1,50650,5,1,Car,1
35,360681,Business,14,1007397,36,Good,597684,1.6570940606961257,1,391941,0,0,Car,1
49,350069,Self-Employed,23,1136707,60,Average,175965,0.5026566115348359,1,1322644,3,0,Car,1
42,625365,Business,19,1014667,24,Good,667751,1.067776310192751,0,1352690,4,0,Home,0
38,2071253,Business,16,1659253,12,Bad,265496,0.12818128534694442,0,384287,4,0,Business,0
46,2211953,Salaried,10,943708,36,Bad,721841,0.32633635238345826,1,478564,5,0,Education,1
21,1051622,Business,0,61290,12,Average,212991,0.20253550939833,0,1100712,5,1,Home,0
45,1583219,Salaried,17,1690597,120,Good,663582,0.4191344222533823,0,1204835,0,0,Personal,0
23,2187296,Self-Employed,2,454220,36,Good,369322,0.168848583434257,1,844032,3,1,Education,0
29,2089265,Business,8,1347068,36,Good,647899,0.31010843042484776,0,578764,4,1,Home,0
30,1291113,Self-Employed,5,264075,60,Good,349269,0.27051755305883135,0,1217278,4,0,Education,0
59,955672,Self-Employed,27,1305372,60,Average,373134,0.39044108183447684,0,112315,3,0,Business,0
26,1918795,Self-Employed,2,1775919,36,Good,668234,0.3482569277817965,0,90341,0,1,Car,0
22,2249974,Business,0,938767,180,Average,117828,0.052368581873131925,1,384910,2,1,Personal,0
30,2349776,Salaried,1,385475,36,Good,136343,0.058023803960971614,0,852083,5,0,Home,0
23,1457906,Business,0,1868370,120,Average,614427,0.4214445777405555,0,397053,3,1,Business,0
34,1362342,Salaried,10,1127191,180,Average,207716,0.15246967907494663,0,890567,3,0,Business,0
35,299503,Salaried,14,1388925,36,Bad,767494,2.5625500828035688,0,242407,5,1,Home,1
38,370967,Business,5,875017,120,Average,83698,0.2256205386987557,0,45635,2,1,Car,1
26,1637785,Business,3,1600130,12,Bad,673317,0.41111415044456356,0,1103754,3,0,Education,0
49,923603,Self-Employed,9,1553257,180,Average,504879,0.5466401184923408,0,523277,3,1,Business,0
32,1869875,Business,10,1791078,12,Good,457044,0.24442476399504567,1,1135943,1,0,Car,0
29,795799,Self-Employed,8,1658208,36,Good,184348,0.23165116863533552,0,398267,2,0,Business,0
41,2477560,Business,7,989277,60,Good,764665,0.3086361950321304,1,882982,1,1,Personal,0
51,498954,Business,5,1040739,24,Good,24180,0.048461284083735005,1,1099948,3,1,Car,0
40,1452883,Business,10,768449,120,Good,381760,0.2627601377673648,1,226283,1,0,Personal,0
59,699883,Business,32,287685,120,Average,547327,0.7820253070508827,1,894737,2,0,Home,1
59,377061,Salaried,14,1392894,24,Good,173703,0.4606749022707141,0,985191,5,1,Education,1
21,1072569,Self-Employed,0,681820,60,Bad,57940,0.0540197842565054,1,1180268,2,1,Education,1
24,1275142,Salaried,3,1149531,24,Bad,294458,0.23092155154363078,1,416716,5,0,Car,1
64,2019791,Business,5,886621,60,Average,355698,0.17610625252501247,1,1068143,2,0,Personal,0
51,1573795,Self-Employed,4,136184,180,Average,686967,0.43650320626053185,1,1335541,1,1,Home,0
37,2026665,Self-Employed,11,393990,12,Bad,312646,0.15426616916650301,1,123409,2,0,Business,1
35,1287078,Self-Employed,11,1793189,24,Average,337660,0.2623459787627644,0,1092856,5,1,Personal,0
50,136915,Self-Employed,29,1586863,180,Bad,753020,5.499868532530895,1,643113,0,0,Home,1
43,1127921,Self-Employed,8,1396397,120,Bad,505071,0.44778894285243126,0,1360550,0,0,Education,0
47,1265272,Business,9,1373940,120,Average,53380,0.04218852374151665,0,395982,2,1,Business,0
62,546375,Salaried,8,531802,180,Bad,675581,1.236476345959559,1,18069,1,1,Business,1
55,2177610,Business,31,1962826,36,Bad,373413,0.17147828514826569,1,686592,5,1,Education,1
44,175210,Salaried,7,1914469,12,Bad,791042,4.514796445428654,0,319117,1,1,Home,1
52,1194159,Self-Employed,5,319024,36,Good,493869,0.41357020834729014,0,89257,5,0,Home,0
61,867750,Business,24,1433137,36,Bad,528010,0.6084810043434119,1,20077,4,0,Home,1
61,1405176,Self-Employed,21,454655,36,Average,2598,0.0018488774012099544,0,616585,4,0,Home,0
26,1467008,Business,1,204042,36,Good,15565,0.010610023524054726,1,1367715,2,0,Business,0
29,1738629,Self-Employed,0,280324,120,Good,114794,0.06602554885168208,0,633275,4,1,Home,0
56,439642,Business,27,1160287,60,Good,42530,0.09673758026398692,0,210339,2,1,Personal,0
39,760416,Salaried,5,1710383,36,Good,12437,0.016355499679780963,1,62146,2,0,Personal,0
36,129705,Business,10,269288,12,Bad,313894,2.4200422493947853,1,484172,3,0,Business,1
31,2412937,Self-Employed,6,237991,180,Bad,60384,0.025025093889689664,0,1179088,0,0,Personal,0
64,1742370,Business,5,1807561,120,Bad,691323,0.3967714109107647,0,1291820,3,1,Personal,0
61,643743,Salaried,25,1591002,12,Good,11955,0.018571046875776705,0,400414,4,1,Personal,0
23,976306,Business,1,972805,36,Good,670504,0.6867757785204859,0,407000,0,1,Car,0
58,1192995,Salaried,35,541986,60,Bad,48555,0.04070005264057885,0,136248,1,0,Personal,0
37,2208201,Salaried,2,720524,24,Average,470974,0.21328392964049483,1,549667,5,0,Business,0
53,400512,Business,17,1524563,12,Good,458166,1.143947886835134,1,1219893,2,0,Business,1
45,1000219,Business,20,1800677,24,Bad,556265,0.5561426486173042,0,1310032,2,0,Personal,1
64,696587,Business,15,1950132,24,Average,468668,0.6728051588600436,0,1117022,4,1,Education,0
60,1252097,Self-Employed,7,962105,120,Average,595654,0.47572474359035793,0,1223945,0,0,Education,0
24,990442,Business,0,1304627,120,Average,497890,0.5026942489370918,1,185406,2,1,Car,1
23,712633,Salaried,1,1745481,120,Average,158002,0.22171549491043088,1,1107693,2,1,Car,1
44,2240671,Self-Employed,1,837258,180,Good,173697,0.07752004755716142,0,423062,5,1,Personal,0
32,2136639,Salaried,10,972640,36,Bad,713297,0.3338405159502771,1,541709,0,0,Home,1
35,198027,Business,10,383583,180,Bad,701983,3.5448673924899508,0,802838,5,1,Car,1
54,2458721,Business,6,1360112,24,Average,317763,0.1292390925041546,1,1393834,3,0,Personal,0
27,1099217,Self-Employed,3,1425088,24,Bad,794748,0.7230121777481809,0,503166,4,0,Personal,1
31,748842,Business,3,1517274,24,Bad,44494,0.0594169939493325,1,942509,0,1,Personal,1
54,684719,Business,11,1451193,36,Average,123311,0.18008967169061807,1,1297058,2,0,Personal,1
42,584193,Business,21,1635727,60,Good,160636,0.27497030096166686,0,744984,3,0,Car,0
56,1425704,Salaried,2,606420,36,Average,126272,0.08856811191656058,0,659893,2,0,Education,0
53,1596201,Salaried,29,60633,12,Average,449423,0.2815577226441265,0,1230183,5,0,Home,0
49,2348238,Self-Employed,15,838106,180,Good,431083,0.18357714014629686,0,581539,5,0,Personal,0
55,268936,Self-Employed,17,1253730,60,Average,40131,0.14922082123322564,0,202565,2,0,Home,0
53,1102090,Salaried,21,609139,180,Bad,135230,0.12270311616735823,0,121497,4,1,Personal,0
51,1344117,Salaried,5,241933,60,Good,542744,0.40379192898242566,1,842235,1,0,Personal,0
32,1729096,Salaried,11,1991075,36,Bad,415004,0.24001198313339275,0,1016491,4,1,Home,0
47,1921708,Self-Employed,12,229598,180,Good,452174,0.2352978520681331,0,115729,1,0,Home,0
22,445516,Salaried,0,928531,12,Bad,588334,1.320564647364747,0,1021173,0,0,Business,1
31,1306737,Salaried,9,1372763,12,Good,66572,0.050945177992834066,0,981640,2,1,Education,0
58,1286533,Salaried,9,459366,120,Average,87630,0.0681132406916568,0,77228,4,0,Business,0
54,2245234,Self-Employed,31,335605,60,Bad,5351,0.0023832694573173853,1,869060,0,1,Education,1
42,2065640,Salaried,15,1713441,12,Average,126875,0.06142161198388297,0,746572,1,1,Education,0
62,2356532,Salaried,18,130865,24,Bad,13882,0.0058908574588176785,0,114883,2,0,Education,0
23,2391656,Business,1,1456235,12,Good,634913,0.2654699231536964,0,997670,2,1,Education,0
39,487209,Self-Employed,13,1962035,24,Good,706168,1.4494119578826379,0,1088106,2,1,Personal,0
43,2095952,Salaried,6,137193,24,Bad,647786,0.30906513647968253,0,181393,3,0,Home,0
26,2333406,Self-Employed,4,1401304,24,Good,503669,0.215851328122355,1,1231010,0,0,Business,0
32,346351,Salaried,7,1319833,180,Good,715577,2.066039751466716,1,112319,5,0,Business,1
49,791999,Salaried,6,507782,24,Bad,697371,0.8805189393939394,0,769937,0,1,Personal,0
37,1233664,Salaried,16,445107,12,Good,159331,0.12915256572894587,1,456237,3,1,Home,0
29,2085996,Self-Employed,0,1007698,12,Bad,624562,0.2994069502496888,0,224903,1,1,Education,0
26,732026,Self-Employed,3,879884,36,Good,537145,0.7337775792422957,1,424517,4,0,Personal,1
57,523048,Business,18,238944,120,Bad,477237,0.91241355972385,1,996463,3,1,Car,1
52,661090,Business,13,1395840,36,Good,617909,0.9346807020516086,1,677519,4,0,Education,1
32,1334167,Business,1,1143511,36,Good,22507,0.016869689574326472,0,202132,3,1,Education,0
36,1278195,Salaried,14,878035,180,Average,478041,0.37399663275428807,0,424446,3,0,Education,0
52,698109,Salaried,10,580942,180,Average,460773,0.6600292217558837,0,636547,0,0,Personal,0
29,1741348,Salaried,8,1627089,180,Bad,386242,0.22180619737915835,0,74745,4,1,Car,0
64,1892612,Salaried,9,1494379,180,Bad,108878,0.057527872840353524,0,563725,5,0,Education,0
43,1894476,Self-Employed,15,916269,180,Good,622503,0.3285883122360419,0,387581,0,1,Education,0
50,1110544,Salaried,2,1432336,24,Bad,138480,0.12469553237374442,1,921657,0,1,Education,1
45,865089,Business,24,1165149,12,Average,423270,0.4892785721716816,0,192888,2,1,Business,0
53,2451038,Salaried,9,1172117,12,Bad,52838,0.021557388519725718,0,344421,4,1,Personal,0
50,1072337,Salaried,23,848526,24,Average,162352,0.15140002499212002,0,699738,1,0,Car,0
47,2050806,Self-Employed,6,836260,60,Bad,632338,0.3083361818055039,1,1450470,3,1,Personal,1
35,2274346,Business,1,76082,120,Average,671666,0.29532256951116076,1,894803,3,0,Car,0
35,2339104,Salaried,14,1844238,24,Good,717414,0.3067044874000953,0,12202,3,1,Education,0
49,891562,Salaried,16,1577682,12,Good,184943,0.2074368272348673,1,257476,3,0,Home,0
22,345366,Business,1,1138985,12,Good,258329,0.747984028584086,1,356166,3,0,Home,1
30,226948,Business,9,592750,120,Bad,772112,3.4021388065160014,0,89299,3,0,Education,1
63,2115143,Salaried,33,1078400,36,Bad,513622,0.2428307481665551,0,1390117,4,1,Business,0
48,805644,Self-Employed,7,325850,120,Average,486830,0.6042735944491681,1,535212,1,0,Car,1
45,2073968,Business,21,1727612,12,Good,720610,0.34745456658223917,0,912510,4,0,Personal,0
41,1732791,Business,6,941580,60,Good,554827,0.32019249858032584,0,273827,2,0,Personal,0
52,2013818,Business,31,790703,12,Average,742474,0.36868953962595447,1,861316,2,1,Personal,0
55,2049327,Salaried,10,1169401,180,Bad,194145,0.09473593294972792,1,167248,1,0,Education,1
38,2326489,Salaried,2,530826,120,Bad,275927,0.11860227209229354,1,175234,5,1,Education,1
22,1565346,Self-Employed,0,1078387,36,Average,280917,0.17945988972413146,0,466910,1,0,Business,0
44,805691,Business,8,508093,24,Bad,626305,0.7773504018905487,1,378324,1,1,Personal,1
47,2194276,Self-Employed,6,722661,36,Bad,285251,0.12999771678780755,0,889110,3,0,Personal,0
62,439346,Business,14,445085,120,Bad,608852,1.38581121528086,0,1193198,1,0,Business,1
27,492308,Business,1,279351,12,Good,286603,0.582160797385382,1,843214,0,1,Education,1
54,590306,Self-Employed,13,586758,12,Average,265914,0.450467299218881,1,1206916,5,1,Home,1
24,2488254,Business,2,845238,36,Bad,294306,0.11827807037461996,1,861164,1,0,Personal,1
22,1962747,Business,1,348971,180,Bad,601109,0.30625887785900174,1,620971,2,0,Personal,1
41,1129154,Salaried,5,1873391,180,Bad,359511,0.3183894150935877,1,1092460,2,1,Car,1
47,544524,Salaried,22,1992797,12,Good,576306,1.0583646297231533,1,26250,5,1,Business,1
36,421065,Self-Employed,3,1878175,180,Average,74363,0.17660651774306166,1,156857,1,1,Car,1
36,1769204,Self-Employed,11,1820769,180,Bad,113049,0.06389819156061621,1,524645,4,1,Education,1
54,305326,Salaried,6,1454896,120,Bad,444194,1.4548140190680812,1,609766,4,1,Business,1
48,369494,Business,15,1596675,60,Average,135921,0.36785612795842976,0,155790,2,1,Business,0
26,1851071,Self-Employed,0,553869,36,Good,161334,0.0871570635826159,0,1439142,3,0,Home,0
56,1339508,Business,33,886776,36,Average,502025,0.3747828495366586,0,1378611,2,0,Car,0
34,548546,Salaried,8,1814000,120,Average,551302,1.0050223590685938,1,558851,5,0,Car,1
30,490063,Business,5,195271,180,Bad,641142,1.3082821835515361,1,504803,2,1,Education,1
42,1356460,Salaried,1,842415,36,Good,259571,0.19135898488788103,1,328773,5,0,Car,0
53,1182908,Salaried,4,1206292,60,Bad,413742,0.34976655008965185,0,720841,1,0,Car,0
27,2238795,Salaried,5,113128,60,Good,566811,0.25317670748027066,0,466606,0,0,Personal,0
42,966133,Salaried,17,1767063,24,Average,378245,0.39150366305295126,0,1157578,4,0,Personal,0
61,137401,Self-Employed,4,938390,60,Bad,244373,1.7785257856508638,1,1160622,4,0,Home,1
24,626911,Self-Employed,2,304572,12,Good,540853,0.8627255499974478,1,531117,0,0,Car,0
64,2214376,Salaried,7,131823,12,Average,563229,0.2543509980459515,1,775469,3,1,Education,0
61,653464,Business,33,887948,120,Good,670432,1.0259646652842922,1,1408088,1,0,Education,1
60,1250621,Self-Employed,9,1937290,24,Average,295608,0.23636878289363214,1,1247454,3,0,Car,1
31,1407679,Salaried,5,141123,60,Good,768748,0.5461099113434872,0,707923,0,1,Education,0
55,710940,Business,11,1378260,60,Bad,136659,0.19222270202449993,1,476964,3,0,Education,1
21,1572061,Business,0,1104664,120,Good,362793,0.23077524932222776,0,42044,1,1,Business,0
33,1171581,Salaried,3,328364,120,Good,108991,0.09302891304236494,0,32696,3,0,Business,0
48,1928868,Salaried,12,416200,120,Average,150018,0.07777511069958613,1,476708,2,0,Personal,0
48,634513,Self-Employed,24,324006,60,Average,625703,0.9861137815714074,1,68273,0,1,Personal,1
49,190185,Business,28,757649,60,Average,392827,2.065488521762906,0,382968,4,0,Car,1
51,1951279,Salaried,19,1893622,24,Good,549435,0.2815767086220327,1,1387357,2,0,Car,0
40,391759,Salaried,1,400733,180,Average,231129,0.5899760057177864,0,1499603,1,0,Home,1
44,1015850,Salaried,17,1174607,24,Good,91818,0.09038530256897911,0,385096,2,0,Education,0
40,2102057,Salaried,2,1699474,24,Bad,188727,0.08978201362664588,1,1469223,4,1,Car,1
49,802931,Salaried,0,1557763,24,Bad,568225,0.7076875750374876,0,741898,3,1,Education,1
40,2030212,Business,6,1305416,180,Bad,160111,0.07886413888591985,1,1040100,0,0,Education,1
40,340821,Business,8,134985,24,Good,690876,2.02708745327473,0,1268260,5,1,Home,0
47,319269,Self-Employed,2,1186871,180,Bad,448827,1.4057913364863595,1,310085,3,1,Personal,1
36,2313652,Business,2,1261056,36,Good,124628,0.05386633172735929,1,743781,5,1,Car,0
58,153043,Business,18,1634001,120,Average,291494,1.904641802357492,1,1315418,4,1,Personal,1
47,1912651,Self-Employed,14,1721757,24,Bad,292880,0.15312769913188598,0,1282265,4,1,Business,0
40,2303817,Business,18,712737,36,Average,664221,0.28831313931916497,0,1459613,0,0,Home,0
44,1326601,Business,1,68277,180,Bad,517282,0.38993006191759094,1,1464420,2,1,Education,1
30,597536,Self-Employed,6,496918,12,Good,259717,0.4346458880370588,0,946181,4,0,Education,0
33,1144050,Salaried,12,1630690,36,Good,9201,0.008042473630983234,1,19941,1,1,Education,1
46,1323598,Self-Employed,5,773163,36,Average,151714,0.1146223289682147,1,41607,0,0,Personal,0
44,187583,Self-Employed,20,1884224,60,Good,799523,4.262213195155237,1,985926,4,0,Business,1
49,2244815,Salaried,5,1498525,60,Average,362105,0.16130720736131604,0,758707,1,0,Car,0
45,2135710,Business,17,889537,24,Bad,390523,0.18285385990894837,1,1179281,0,1,Business,1
48,2493538,Business,21,1845750,24,Bad,649344,0.2604106051679962,1,1468925,4,0,Car,1
41,1199552,Salaried,3,1109807,24,Bad,134400,0.11204173554649106,1,1294476,5,1,Education,1
37,282814,Self-Employed,6,428870,60,Good,181298,0.6410480349344978,0,611830,2,1,Personal,1
46,1674974,Self-Employed,3,1894541,120,Good,388034,0.23166554724697383,0,999787,3,0,Personal,0
64,982800,Self-Employed,37,1657662,120,Average,694813,0.7069722151279862,1,809281,5,1,Car,1
57,857897,Self-Employed,10,1280782,180,Bad,644686,0.7514716201692975,1,1376449,4,1,Personal,1
63,657639,Business,12,881594,60,Good,293904,0.44690712243780795,0,747424,2,0,Home,0
36,1659570,Self-Employed,12,1858085,60,Bad,786070,0.4736585539274909,0,171811,2,1,Education,1
30,1753932,Self-Employed,8,71485,120,Bad,223773,0.12758355079698028,0,568257,5,0,Education,0
39,1712614,Salaried,4,1342283,24,Good,248706,0.14522002901994902,1,802904,1,0,Home,0
42,945535,Self-Employed,6,241157,36,Average,318687,0.33704375084608096,0,672298,4,0,Business,0
23,1488744,Business,1,1386927,180,Good,573642,0.3853191782340159,0,760817,0,1,Home,0
35,1790019,Salaried,3,718763,36,Average,668425,0.37341761544563745,0,221002,1,0,Business,0
43,2115310,Salaried,2,1575734,12,Good,483430,0.22853849859429654,1,292112,5,0,Business,0
47,1877175,Business,15,1060127,60,Average,254055,0.13533893465503502,1,718131,0,1,Education,0
62,978753,Self-Employed,38,696142,120,Good,397871,0.40650766178222514,1,477210,3,0,Car,0
35,927864,Business,9,1594968,36,Bad,65896,0.07101895211049021,1,201207,0,0,Business,1
32,613597,Salaried,6,1912995,24,Good,772221,1.2585129025844282,1,181613,2,0,Business,1
40,1135005,Salaried,7,66385,36,Bad,149389,0.13161956853091525,0,917897,1,0,Personal,0
38,1681103,Salaried,4,422659,24,Average,189086,0.11247727683712608,0,253267,1,0,Car,0
37,1517693,Salaried,12,1609152,24,Average,544716,0.358910294169971,1,62160,3,1,Business,1
35,462873,Self-Employed,11,466219,12,Average,342313,0.7395381896585248,1,435293,2,1,Education,1
55,192981,Business,9,777498,36,Good,327717,1.6981739229565451,1,763488,5,1,Home,1
57,599221,Self-Employed,11,337238,120,Average,682177,1.1384378410672504,1,534843,0,1,Car,1
43,517931,Self-Employed,6,1394882,36,Bad,101173,0.19534031494481902,0,360002,4,0,Car,0
30,742826,Business,4,1734065,12,Bad,148455,0.19985137858478488,0,499845,0,0,Education,0
53,272935,Business,10,847809,120,Good,522377,1.9139175484362634,1,1194518,4,1,Education,1
36,2045739,Self-Employed,14,1464149,36,Bad,260637,0.1274047532922072,0,436196,0,1,Car,0
62,1500990,Salaried,20,335282,60,Good,212645,0.14166973686051415,0,795460,5,0,Education,0
29,1474539,Salaried,3,308312,180,Average,212194,0.14390521789846325,1,791744,5,0,Personal,0
30,1475110,Business,3,834313,36,Good,312100,0.2115772982507757,1,361523,2,1,Home,0
37,1271332,Salaried,15,831215,24,Bad,765962,0.6024873105630075,1,208976,4,1,Home,1
26,1695284,Self-Employed,0,513069,120,Average,518036,0.30557457890561174,1,1138473,0,0,Business,0
47,177858,Business,1,801964,12,Bad,785968,4.419051046053334,0,739617,4,1,Education,1
62,1604032,Salaried,3,298422,120,Good,621965,0.38775075076385584,1,485741,1,1,Personal,0
54,1119168,Self-Employed,21,840716,36,Average,484245,0.4326826422104258,0,279729,3,0,Car,0
48,687670,Self-Employed,21,1001031,12,Bad,218565,0.3178336733699691,0,1210584,1,1,Home,0
22,1931920,Salaried,0,1823843,24,Bad,536939,0.277930101696705,1,285151,0,0,Personal,1
39,407179,Business,8,531818,12,Good,601037,1.4760965666290093,1,376193,4,1,Home,1
24,2140667,Business,2,1335588,180,Good,509269,0.2379019072551185,1,1055920,1,0,Personal,0
37,1276455,Business,5,1563419,24,Average,551896,0.43236586298313456,0,421501,1,0,Home,0
54,1675506,Salaried,23,1385977,120,Average,609342,0.3636761887595814,0,1078360,4,1,Education,0
23,1173272,Business,1,370687,24,Bad,736619,0.6278325675269097,0,11817,2,1,Personal,1
47,1824104,Business,11,273378,60,Bad,589487,0.32316505902894843,1,851380,4,1,Business,1
52,1681389,Business,27,66291,180,Good,222047,0.13206156810733977,1,611345,3,1,Education,0
28,546208,Salaried,5,482566,24,Good,788005,1.4426803659405099,1,784077,1,0,Car,1
29,674236,Self-Employed,4,317361,180,Bad,157481,0.23356920489382813,0,180112,1,1,Personal,0
47,2426154,Self-Employed,19,452885,180,Average,713607,0.294130836653058,1,714335,2,1,Car,0
52,1714493,Self-Employed,18,1291111,120,Bad,308151,0.17973291245113718,1,1459920,1,1,Education,1
32,1784296,Business,6,1091399,24,Bad,220079,0.12334213418506,0,274879,3,1,Home,0
43,1800806,Business,0,1441639,120,Average,291900,0.1620939945257876,0,659254,4,1,Car,0
40,2270366,Salaried,7,644105,120,Average,588150,0.259055033833737,0,745543,1,0,Car,0
21,1591828,Self-Employed,0,1510376,36,Average,493663,0.3101231350854897,1,290477,5,0,Home,1
30,1122299,Salaried,2,89288,24,Good,733167,0.65327185244587,0,640072,3,1,Car,0
40,491879,Self-Employed,6,1598244,180,Bad,358117,0.7280576563389445,0,720658,5,0,Personal,1
35,1602309,Business,12,1232519,36,Bad,299519,0.18692949554081295,0,1421135,4,1,Education,0
31,1696263,Self-Employed,2,1018513,120,Average,368052,0.21697801757273633,0,1387213,3,0,Car,0
49,1557486,Salaried,2,655632,120,Good,190862,0.1225448430709213,0,1404499,5,0,Personal,0
54,642801,Self-Employed,32,813720,36,Average,130306,0.20271561071683036,0,706817,3,0,Business,0
36,2411232,Self-Employed,8,1155208,36,Average,66533,0.027592936891623496,1,1120465,3,1,Car,0
56,758466,Self-Employed,14,1507765,12,Bad,351230,0.46307881555822467,0,387808,1,1,Business,1
43,2083692,Salaried,16,474817,12,Good,564153,0.2707466982900072,0,1407801,5,0,Personal,0
27,662118,Self-Employed,5,616713,12,Average,732855,1.1068327596700895,0,480910,3,0,Home,0
32,1422607,Salaried,8,532977,180,Average,571693,0.40186263538515177,0,1304092,4,0,Car,0
25,135091,Salaried,4,1354241,36,Bad,336644,2.4919610339620406,0,374924,2,0,Business,1
45,2128621,Salaried,17,1389005,60,Average,365651,0.17177826781833505,0,445729,3,1,Car,0
30,2497552,Self-Employed,1,1482666,120,Bad,555476,0.222408093041469,1,317278,1,0,Personal,1
24,1892200,Self-Employed,2,1231243,120,Good,687984,0.36358928041999766,1,490320,0,0,Business,0
40,2158560,Business,18,572040,12,Bad,602126,0.27894787314326536,0,1157060,3,0,Business,0
52,2274261,Salaried,10,681180,180,Bad,452517,0.19897311743325966,1,324377,3,1,Home,1
37,2432800,Self-Employed,4,1916724,60,Average,127558,0.05243256641213153,0,1388975,1,1,Education,0
51,1290497,Business,30,1716345,60,Bad,159860,0.12387465924007632,0,921523,2,1,Car,0
46,1047399,Self-Employed,23,1027074,120,Good,356816,0.34066832155814397,1,792553,4,1,Personal,0
34,1842866,Self-Employed,3,1199363,60,Average,428718,0.23263643008421117,1,621371,0,1,Education,0
23,1969955,Salaried,2,59495,60,Average,754056,0.3827780925056194,0,979424,0,1,Education,0
55,1595785,Salaried,11,200161,36,Average,590285,0.36990235532834603,1,1060041,1,1,Car,0
44,939072,Self-Employed,14,866327,60,Good,263929,0.28105269771359626,1,1054818,1,0,Car,0
61,1683790,Self-Employed,4,854652,12,Good,501109,0.2976076009433475,1,883654,2,0,Car,0
45,994756,Business,6,1203568,24,Average,551299,0.5542046952170229,0,1228251,1,1,Home,0
24,269519,Salaried,0,136677,24,Bad,236729,0.8783355595132086,0,467894,2,0,Home,1
45,707344,Business,17,1897025,60,Good,754233,1.0662873138284712,1,37880,3,0,Car,1
53,2429846,Business,11,1355610,60,Average,210828,0.08676595686888927,1,1095842,2,0,Car,0
45,1357863,Business,2,634944,180,Bad,54104,0.03984493292406309,1,1125420,1,1,Car,1
37,906686,Self-Employed,2,1688380,60,Bad,617365,0.6809020091828824,0,464657,4,0,Business,1
62,2118556,Salaried,5,1241974,24,Average,483338,0.2281449118432971,0,1323631,0,0,Education,0
64,1404179,Business,36,290655,24,Average,310748,0.22130211226480936,0,1268549,4,0,Car,0
52,2233972,Business,22,1472991,24,Good,67345,0.03014584330249291,1,170386,3,0,Business,0
22,1133689,Salaried,1,1048091,180,Average,267053,0.2355608676093112,1,14866,5,0,Personal,1
57,903834,Self-Employed,13,1389180,180,Good,48500,0.053660236658239616,1,1248417,1,0,Home,0
64,394272,Self-Employed,18,937675,60,Average,260731,0.6612955997494122,1,490010,5,1,Home,1
27,1772122,Self-Employed,4,1209878,36,Good,704600,0.39760219804155805,0,83583,5,0,Car,0
38,704352,Self-Employed,13,918773,36,Average,704259,0.9998665441902,0,86891,5,1,Home,0
38,153033,Salaried,2,1099954,180,Good,399719,2.6119620476495418,0,1154037,0,1,Personal,1
21,415761,Business,0,1234462,60,Good,713695,1.71659507121863,1,1334483,0,0,Personal,1
31,1484952,Self-Employed,3,198351,120,Bad,730264,0.49177583398262437,1,1244588,0,0,Personal,1
51,1131008,Salaried,19,1833375,60,Good,7771,0.006870856023250036,1,341140,5,1,Car,0
23,2382341,Business,2,1306706,24,Average,717497,0.3011729634116344,1,341572,1,0,Home,0
52,1487918,Self-Employed,17,1309246,12,Average,525651,0.3532793115754285,0,133823,3,0,Car,0
59,1836476,Self-Employed,27,797916,12,Good,202456,0.11024151132848382,0,587465,4,1,Business,0
58,2333587,Self-Employed,25,857903,120,Bad,265446,0.11375015641150023,1,899898,0,1,Business,1
44,2340963,Salaried,9,109269,60,Average,627846,0.26819976727536177,0,1139444,2,0,Personal,0
28,2024898,Self-Employed,7,1619198,24,Good,511357,0.25253457086007747,0,1346004,0,0,Car,0
35,1374022,Business,14,552542,60,Average,245954,0.17900282600800715,1,931229,1,0,Personal,0
34,1919283,Self-Employed,3,224115,36,Good,497730,0.25933108388336484,0,77080,2,0,Personal,0
28,2132889,Salaried,1,113131,24,Average,339003,0.15894068611133252,0,733833,1,1,Personal,0
59,458084,Self-Employed,38,373540,60,Average,3877,0.00846349476625517,1,894839,0,0,Car,1
31,875244,Self-Employed,0,1015684,120,Bad,385198,0.44010305685836537,1,876098,1,0,Education,1
35,492072,Salaried,13,1125196,36,Bad,383382,0.7791161067565179,0,1371259,5,1,Car,1
28,167285,Salaried,3,722979,24,Good,593791,3.549555850459692,1,1106053,0,1,Personal,1
48,2238321,Self-Employed,5,1131245,60,Good,579565,0.25892834006903387,0,465386,0,1,Car,0
29,698523,Business,5,1971862,120,Average,539693,0.7726191226070972,0,113307,0,0,Education,0
60,2050667,Business,4,888093,60,Bad,140229,0.06838210768393518,1,1136518,4,0,Car,1
37,1416186,Salaried,8,304686,180,Average,80684,0.05697270205135339,0,641992,2,0,Home,0
36,585377,Salaried,12,1884508,24,Average,14674,0.02506756318139732,1,610211,1,1,Business,1
36,1011751,Business,5,1587411,60,Good,106086,0.10485375862859674,0,562270,5,0,Home,0
47,1688468,Business,4,612568,24,Good,599612,0.35512171085166505,0,60706,1,1,Business,0
41,687696,Salaried,5,1931464,180,Bad,605196,0.8800329214755918,1,1486559,2,0,Personal,1
21,1674041,Business,0,1519986,60,Bad,164857,0.09847841332535265,1,1282642,4,1,Home,1
32,2404135,Salaried,7,862846,36,Good,608160,0.25296405860566956,1,1184348,5,0,Home,0
34,1521094,Self-Employed,5,214500,60,Average,509219,0.3347713324940257,0,1023189,5,1,Education,0
39,1157634,Business,3,343996,180,Good,797364,0.688787052913915,1,260346,1,0,Car,0
31,1419113,Business,10,342009,180,Good,143361,0.101021482417903,1,856702,5,1,Home,0
22,2092585,Self-Employed,0,618615,24,Average,113209,0.05410004654527938,0,1245167,5,1,Business,0
30,1153196,Self-Employed,0,68409,60,Average,674877,0.5852226462607863,0,1355253,3,1,Education,0
52,699632,Self-Employed,23,1300125,60,Bad,616196,0.8807417603229122,0,209074,4,1,Car,1
52,1769211,Self-Employed,13,497427,180,Average,572381,0.3235231278105733,0,184588,3,1,Car,0
56,160849,Salaried,22,1868594,60,Bad,600688,3.7344606776499845,1,90930,5,1,Car,1
56,2045478,Business,33,1505499,60,Good,471399,0.23045897806821777,1,490486,2,0,Car,0
60,1364812,Self-Employed,25,1953245,12,Average,767839,0.562596487577419,1,370570,5,0,Business,1
36,120056,Business,5,720712,60,Bad,511854,4.263424873185237,0,1379403,1,0,Business,1
49,821916,Salaried,23,814743,12,Average,79882,0.09718986223669787,1,1481675,3,0,Home,1
29,1373975,Self-Employed,0,698207,24,Good,348112,0.25336104851904256,0,753646,3,0,Business,0
42,1802118,Business,9,1038323,24,Good,423959,0.23525582938751546,1,231735,5,0,Business,0
34,1331853,Self-Employed,8,67645,120,Bad,112661,0.08458960216360051,0,1382193,1,0,Education,0
47,329611,Salaried,18,1320290,36,Good,144051,0.437032025533051,0,1149089,4,1,Home,0
41,2337506,Business,9,156500,180,Average,595196,0.25462854228885734,1,301062,0,0,Business,0
22,1720649,Business,1,394901,24,Bad,596285,0.34654636329294164,0,738761,4,1,Education,0
29,2208467,Salaried,4,801266,24,Bad,203940,0.0923445574035938,1,835815,5,1,Personal,1
51,2487344,Business,10,281673,180,Bad,259407,0.10429071962273026,1,247067,5,0,Personal,1
52,319387,Self-Employed,10,325369,120,Bad,629910,1.9722406602627525,1,1002760,3,0,Home,1
44,1825585,Self-Employed,0,1560190,12,Bad,90721,0.04969418038920106,0,27134,5,0,Home,1
49,292193,Business,9,303107,24,Bad,391470,1.3397605700322388,1,415282,5,0,Home,1
50,1287479,Business,10,1293125,120,Good,166561,0.1293697766178892,0,24698,4,0,Education,0
45,2015413,Self-Employed,20,1180752,36,Good,200633,0.09954927374723009,1,621300,5,0,Education,0
27,1995436,Self-Employed,3,1752678,60,Average,699909,0.3507547469551782,0,881811,3,1,Business,0
60,602312,Business,27,1204442,12,Average,254559,0.4226357392252865,0,938314,0,1,Business,0
55,979856,Salaried,24,420544,24,Bad,267618,0.27311944498023694,1,59026,0,0,Home,1
51,2484918,Salaried,17,409510,12,Average,757438,0.3048139597306794,1,39214,0,1,Education,0
30,1849159,Business,9,1303756,60,Average,499353,0.27004315472971513,1,981153,2,0,Business,1
34,1194351,Salaried,8,775783,24,Average,543662,0.4551941136281431,1,320595,5,0,Personal,1
25,668290,Salaried,0,990476,60,Average,459369,0.6873787017930811,1,1488196,2,0,Education,1
58,1515395,Self-Employed,18,193206,36,Average,675053,0.44546310007417206,1,1170416,0,1,Home,0
33,1840026,Self-Employed,0,1728849,36,Good,277713,0.15092876354531753,0,949731,4,0,Education,0
53,1375617,Business,3,704735,120,Good,634936,0.4615641842430093,0,24520,0,1,Personal,0
41,139734,Salaried,19,886987,120,Good,249972,1.7889004186495867,0,687554,1,1,Personal,1
27,2008227,Self-Employed,3,1400560,12,Bad,359536,0.17903146455482147,0,321471,3,0,Car,0
24,685992,Business,1,896811,180,Average,679678,0.9907943667063658,0,981460,1,0,Car,1
47,2051470,Self-Employed,21,816032,24,Average,74210,0.03617404291847167,1,118724,0,0,Home,0
53,2460898,Self-Employed,23,72487,24,Good,560881,0.2279171148429903,0,1124503,2,0,Home,0
59,1172184,Business,30,1328970,12,Average,447717,0.3819508012813677,1,971416,2,0,Personal,1
52,2317956,Salaried,11,1947504,36,Bad,697706,0.30100040682376766,0,1184878,0,0,Business,0
36,1599394,Self-Employed,10,65050,60,Good,375497,0.2347743990696482,1,1034337,3,1,Business,0
25,936566,Salaried,0,504887,36,Good,14284,0.01525144490463576,1,584814,1,1,Education,0
32,905367,Salaried,7,371044,36,Bad,268210,0.2962441791625063,0,776827,0,0,Education,0
28,1322252,Salaried,4,373573,180,Good,612681,0.4633613990665932,1,1077517,5,0,Car,0
31,2386797,Salaried,2,468908,36,Good,582708,0.2441379622406253,0,606703,3,1,Business,0
50,821040,Business,4,1760329,36,Bad,120198,0.14639707395854776,1,557776,3,0,Education,1
31,2386091,Salaried,8,1725194,24,Good,700375,0.2935238875952813,1,1315777,2,1,Education,0
39,1698169,Business,4,291290,36,Average,173403,0.10211168493142618,0,146388,1,1,Car,0
42,1279621,Salaried,10,1881418,24,Average,349325,0.272990773837899,1,1062563,3,0,Home,1
60,1458664,Salaried,1,714504,180,Average,371562,0.2547274391309862,0,38459,3,1,Education,0
42,1893951,Self-Employed,6,1697491,60,Average,774071,0.40870676764775454,0,899804,5,1,Home,0
44,1151232,Business,23,1339785,180,Bad,191506,0.16634860189032108,0,291199,4,1,Home,0
60,873091,Self-Employed,14,1396131,60,Average,386259,0.4424035496831949,1,1256309,4,1,Car,1
41,472265,Self-Employed,15,948102,24,Bad,498535,1.0556233139798334,1,104627,4,0,Education,1
58,1967746,Business,28,688471,120,Good,327414,0.166390293061049,1,1033546,3,1,Education,0
55,1282161,Salaried,11,973732,60,Bad,199439,0.15554898678950085,1,151117,4,0,Car,1
47,773077,Salaried,14,1120323,120,Bad,777939,1.0062878519373206,1,219842,5,0,Car,1
29,1179858,Business,7,1161649,12,Good,678403,0.5749865026244662,0,242720,2,0,Business,0
57,2385712,Business,30,427150,180,Good,659077,0.2762599692418996,1,1037683,2,0,Home,0
60,497282,Self-Employed,32,194499,180,Bad,64442,0.12958818218197687,1,427924,4,0,Personal,1
36,2411796,Self-Employed,7,594175,12,Good,516663,0.21422325344960624,1,1146508,3,0,Home,0
51,1974152,Salaried,15,811632,24,Average,442276,0.2240332942786096,0,676196,0,0,Education,0
61,1336028,Business,39,551554,24,Bad,798001,0.5972931725284406,0,387438,3,1,Business,0
35,272721,Business,3,932564,60,Good,100497,0.36849612425840234,0,1458343,0,0,Business,0
39,1324377,Salaried,16,971372,12,Bad,41274,0.031164818503478613,0,1087294,1,0,Car,0
39,1426159,Business,17,1128977,24,Bad,682747,0.4787309979244965,0,605978,5,1,Car,1
59,556677,Self-Employed,5,849848,180,Bad,640999,1.1514717664430785,0,1425757,5,0,Home,1
41,2487656,Self-Employed,11,90721,12,Good,781654,0.31421293208830636,0,822501,3,1,Business,0
56,706008,Self-Employed,6,1429025,36,Bad,338172,0.47899106102046857,1,315795,4,0,Home,1
38,1377550,Salaried,2,691518,24,Bad,468077,0.3397892346635442,1,988480,4,1,Personal,1
28,1187697,Salaried,7,362683,24,Bad,503015,0.4235209623995325,1,685671,5,0,Business,1
58,1197794,Self-Employed,1,1048573,12,Good,699493,0.5839839037564859,0,831299,4,1,Business,0
41,993356,Self-Employed,8,771580,180,Average,354844,0.3572169924810516,1,1177655,3,1,Car,1
22,299869,Business,1,1683751,180,Good,677772,2.2602194284189814,1,513604,5,0,Education,1
58,1243124,Business,16,154319,36,Bad,185648,0.14933976872800403,1,80066,1,0,Home,1
33,2463787,Self-Employed,5,1972197,12,Average,630100,0.2557444065804363,1,1265564,4,0,Home,1
59,259972,Self-Employed,13,283041,120,Good,13891,0.05343247183361349,1,895072,3,0,Home,1
33,992231,Self-Employed,8,1867456,12,Bad,698734,0.7042042586814374,1,39459,5,0,Business,1
42,1146117,Self-Employed,9,102195,12,Good,379919,0.331483320216592,0,36326,5,0,Business,0
58,1002961,Self-Employed,11,723589,120,Average,497882,0.49641162875562583,1,1306542,0,0,Car,1
35,1239872,Salaried,12,1066258,12,Average,243083,0.1960547572211025,1,919419,3,0,Car,1
59,2224228,Self-Employed,30,890350,12,Good,398009,0.17894245601509556,0,1307616,0,0,Business,0
60,532525,Self-Employed,28,799656,24,Average,289142,0.5429631604841829,1,3468,2,1,Home,1
64,186083,Self-Employed,27,135443,60,Average,145508,0.7819479374905957,1,576424,2,0,Business,1
49,2404115,Salaried,16,903579,120,Average,794360,0.3304166687464332,0,1367089,3,1,Education,0
30,427357,Self-Employed,7,578104,12,Average,309982,0.7253450268861236,0,1301112,5,1,Personal,0
27,915754,Business,0,1363202,36,Good,780991,0.8528383683408772,1,765176,3,1,Education,1
41,2063060,Salaried,12,221825,180,Bad,766364,0.37146938456982126,1,235430,0,1,Home,1
48,772863,Business,15,774629,12,Good,511133,0.6613492153858894,0,432795,0,1,Personal,0
24,1348162,Salaried,3,60300,120,Average,589663,0.4373825716919987,1,820995,0,1,Car,0
32,1247820,Self-Employed,1,1782026,12,Average,638975,0.5120726450348247,0,16328,4,0,Home,1
22,2113632,Salaried,1,206806,36,Good,352401,0.16672762016868586,1,975111,3,0,Home,0
63,667514,Salaried,29,191370,12,Bad,297992,0.4464199306382628,1,623579,3,1,Business,1
59,1972752,Salaried,10,155850,120,Average,59633,0.030228315455609497,0,573205,4,1,Home,0
46,997727,Salaried,8,763962,24,Average,406980,0.4079067641681901,1,1466201,4,1,Car,1
53,1400407,Salaried,24,745902,36,Good,48196,0.03441568457192475,1,855333,4,0,Home,0
31,781311,Salaried,7,454243,60,Average,107809,0.13798456954456095,1,1386350,1,0,Car,0
28,1373953,Business,4,177310,120,Average,328700,0.23923653921455887,0,994885,4,1,Car,0
23,2159530,Salaried,2,680543,24,Average,533090,0.24685452535758923,0,500040,2,1,Home,0
39,1085802,Business,13,143153,180,Good,479123,0.4412614442951438,1,1232133,4,0,Business,0
22,1206245,Salaried,0,979346,12,Bad,628300,0.5208721935658233,1,133154,4,0,Business,1
42,427453,Business,16,803924,180,Bad,20180,0.04720975824299223,0,1357055,4,1,Business,0
50,1878406,Self-Employed,26,160551,24,Bad,80808,0.04301943082622669,0,1473953,5,1,Car,0
47,1023685,Self-Employed,9,1172412,180,Average,191838,0.18739926110154873,0,1201048,1,1,Home,0
30,532548,Business,5,1481619,120,Good,113398,0.2129343966470691,1,408417,1,1,Car,0
37,1771210,Self-Employed,7,200651,12,Bad,545771,0.3081343781175704,0,918007,0,1,Home,0
45,2141242,Self-Employed,5,301362,180,Good,269156,0.12570081957068863,1,1063789,3,0,Car,0
49,690864,Self-Employed,23,1348062,180,Bad,506693,0.7334182510331252,0,771935,3,1,Personal,1
54,1367315,Salaried,11,1546418,60,Bad,271344,0.1984501022441045,1,705829,0,0,Education,1
47,222974,Self-Employed,10,150927,180,Bad,341030,1.5294539746608364,0,394689,5,1,Car,1
49,812439,Self-Employed,23,626335,36,Bad,292254,0.35972379498793755,1,1411760,2,1,Home,1
29,1301594,Business,7,1877432,12,Average,15740,0.012092855304453382,0,485197,4,1,Business,0
45,2050410,Business,11,611557,120,Good,470370,0.22940278802640057,1,745632,2,1,Personal,0
60,1324249,Salaried,18,1139708,120,Good,443366,0.33480536152539175,1,1185452,1,1,Home,0
26,2269186,Salaried,5,466962,60,Bad,340492,0.15005021622281461,0,1281036,5,0,Business,0
33,690240,Business,12,1276791,12,Good,480420,0.6960177677072211,1,1436702,3,0,Personal,1
37,1296428,Business,12,1659380,36,Bad,190861,0.14722055739265322,0,333258,0,1,Personal,0
51,878861,Self-Employed,24,1402518,60,Average,217687,0.24769190157271562,0,449136,3,0,Business,0
62,1235049,Salaried,40,769234,180,Good,109806,0.08890814137079471,0,658411,1,1,Personal,0
46,1246350,Business,10,1718068,36,Average,199302,0.1599084046147514,0,1248779,3,1,Business,0
58,2410869,Self-Employed,2,843449,60,Average,403065,0.16718653432163494,0,744409,5,1,Education,0
50,570463,Business,3,1690626,120,Good,659748,1.1565111908902228,0,1116534,2,1,Car,0
38,2027860,Business,15,1037151,24,Average,226709,0.11179711035421067,1,1095122,0,1,Car,0
51,895411,Business,9,1264817,180,Good,172781,0.19296256918602833,0,291559,5,1,Car,0
48,805058,Self-Employed,15,106400,120,Bad,376875,0.46813339146571864,0,55450,2,1,Home,0
44,1582370,Self-Employed,12,1741503,120,Good,553130,0.3495577206609575,0,802963,2,0,Home,0
22,1697027,Business,0,1140363,60,Good,370392,0.2182592155226667,0,1149819,0,1,Car,0
21,2189789,Self-Employed,0,1851220,60,Average,552587,0.2523470287105156,0,1218296,0,0,Education,0
60,520607,Self-Employed,23,387035,24,Average,456046,0.8759873071485648,0,463999,2,1,Home,0
49,473497,Salaried,19,1922603,24,Average,128840,0.2721025220803467,0,62740,1,1,Home,0
54,1266230,Self-Employed,19,1171972,60,Good,210033,0.16587257775240064,0,931310,0,1,Education,0
49,683153,Salaried,26,845583,36,Bad,710229,1.039632352295383,0,917191,0,0,Business,1
50,2260335,Self-Employed,8,898755,180,Bad,386122,0.17082504547996405,0,90254,2,0,Home,0
43,1833196,Business,20,152491,24,Bad,36108,0.019696737448293884,0,1284129,5,0,Personal,0
26,1892907,Salaried,3,647124,12,Average,514806,0.2719656739788727,1,349863,5,1,Personal,0
41,360002,Salaried,7,982114,60,Good,590324,1.6397752240953547,1,4554,1,0,Business,1
30,1087643,Self-Employed,3,358203,36,Good,399987,0.3677554420380198,0,69468,2,0,Personal,0
41,1195203,Self-Employed,8,988264,12,Average,685345,0.5734125722470809,0,79944,0,0,Education,0
38,668492,Salaried,5,1087704,12,Good,16643,0.02489629659547669,1,332705,0,0,Home,0
58,427402,Business,31,1384618,120,Bad,243677,0.5701340421101396,0,974416,3,1,Car,1
39,2100778,Self-Employed,12,286346,12,Average,533881,0.2541347757189119,0,320276,3,0,Education,0
23,1289549,Salaried,1,1633900,24,Average,356241,0.2762521809933698,0,735268,4,1,Education,0
44,346935,Business,13,854491,36,Average,250156,0.7210436507021468,0,770833,4,0,Car,1
24,2187222,Self-Employed,1,1110405,180,Good,335817,0.15353578487424466,0,286646,4,0,Home,0
60,1061819,Business,33,1669739,60,Average,499663,0.47057222504755986,0,106334,2,0,Education,0
49,372988,Self-Employed,6,1462547,60,Good,710024,1.9036057363621983,1,1403408,0,0,Car,1
40,2014477,Salaried,13,1526188,60,Bad,275320,0.13667064122814943,1,589324,3,1,Personal,1
37,1800957,Business,10,1363859,60,Bad,601467,0.33397058676548813,0,280787,2,1,Education,0
62,2277269,Business,7,787563,12,Average,60332,0.02649312554066931,1,554920,5,0,Personal,0
53,1329056,Salaried,26,1779875,120,Good,702240,0.5283746295305619,0,298987,2,1,Personal,0
39,1591662,Salaried,9,1025648,180,Bad,40770,0.025614718693592803,1,636045,0,0,Education,1
62,1677973,Self-Employed,0,553646,180,Average,748470,0.4460557791717869,0,177589,3,1,Home,0
36,126586,Business,7,1904711,120,Bad,747661,5.906301594950508,0,561023,5,0,Home,1
53,2098209,Salaried,6,781013,36,Good,654405,0.311887275344222,1,1135189,4,0,Business,0
35,1631321,Self-Employed,6,1460690,12,Bad,81848,0.05017280463329741,1,896009,2,1,Education,1
50,157525,Business,2,1125904,12,Average,142432,0.904180897121745,1,116242,3,0,Personal,1
54,227576,Business,30,802746,120,Bad,16471,0.072375503675679,0,1350603,4,0,Home,1
36,1376335,Salaried,2,535750,24,Bad,200755,0.1458619116262308,0,851956,3,0,Car,0
61,659439,Business,26,1147766,36,Good,470028,0.7127684095596264,1,580483,4,1,Business,1
60,484385,Business,38,1403770,120,Good,295120,0.6092661637619584,1,1049175,4,0,Car,1
48,1424684,Business,14,361509,60,Average,267867,0.18801840406826772,0,448920,0,1,Home,0
23,1494840,Salaried,0,1778780,24,Average,444776,0.2975406748945206,0,1154852,2,1,Personal,0
54,2475664,Salaried,20,1674611,60,Bad,90037,0.03636881403582472,1,900282,1,0,Education,1
60,2458322,Salaried,11,367531,12,Average,549514,0.22353205823644817,1,1448292,3,1,Personal,0
55,789419,Business,14,690143,180,Bad,266220,0.33723493197537435,1,893126,2,1,Car,1
51,273816,Business,28,1449339,60,Bad,495025,1.80786802864687,0,908747,4,1,Car,1
41,1166489,Salaried,1,1606237,180,Bad,403821,0.34618470797006407,1,499459,0,1,Home,1
25,216816,Business,0,1831131,12,Good,517514,2.38687003325385,1,327282,2,1,Home,1
54,2070078,Salaried,28,1323087,12,Average,130877,0.06322319099899086,0,255604,3,0,Car,0
47,482486,Business,9,841893,60,Average,40831,0.08462611427872668,0,1099713,3,0,Personal,0
50,214138,Business,6,607496,120,Good,346872,1.6198450539135796,1,1133058,0,1,Business,1
61,1047751,Salaried,22,298093,60,Average,632206,0.6033927876062274,0,1425481,2,0,Car,0
58,702061,Business,25,200636,24,Good,32803,0.04672379362506445,0,750681,4,0,Car,0
34,1796702,Business,13,1908553,180,Bad,62759,0.034930091395183285,1,1154889,0,1,Personal,1
60,1501219,Self-Employed,35,1817089,36,Average,143932,0.0958766869612715,1,82946,1,0,Home,1
27,1078784,Self-Employed,6,1571215,24,Bad,690421,0.6399987022437279,1,1334530,4,0,Business,1
55,558804,Self-Employed,18,1362667,120,Good,555244,0.9936274729109439,1,1266828,2,1,Car,1
59,930463,Salaried,2,137389,36,Bad,411193,0.44192252467586063,0,304851,1,1,Personal,0
45,267712,Self-Employed,15,1531072,24,Good,527279,1.9695681569441903,1,613968,5,1,Personal,1
55,2246705,Self-Employed,18,1631165,12,Good,281080,0.125107601973734,0,238625,3,1,Business,0
63,1295806,Self-Employed,16,314186,24,Average,702962,0.542489738055127,0,823692,5,1,Business,0
31,726143,Salaried,6,1987196,24,Average,692908,0.9542294641283272,1,675028,0,1,Education,1
50,1060050,Business,18,625606,12,Average,523548,0.4938894449418,1,487650,2,0,Personal,1
40,951843,Self-Employed,6,1970320,12,Good,229014,0.24060035047759928,1,207070,2,0,Personal,0
55,773811,Salaried,21,321686,180,Average,474656,0.6133996371211612,1,401772,3,1,Car,1
64,198342,Salaried,26,700369,120,Bad,14864,0.07494088523416506,1,260281,5,0,Home,1
50,923737,Salaried,2,1377038,180,Bad,52810,0.05716989016366113,0,216987,0,1,Car,0
61,715230,Salaried,2,605104,36,Average,12850,0.017966223499820338,1,433082,4,0,Car,1
57,1535743,Business,18,1812427,60,Bad,426596,0.27777806717786296,0,859254,4,0,Business,0
34,1564809,Self-Employed,4,1632790,60,Good,306652,0.19596756155699413,1,1203134,5,0,Business,0
28,1555750,Salaried,4,1737405,120,Bad,796434,0.5119289654964065,0,68737,0,1,Business,1
26,1626460,Business,0,1587458,12,Average,695684,0.4277286697928816,1,390056,5,1,Business,1
50,2016499,Salaried,16,317709,120,Average,342627,0.16991172824200348,1,226685,2,1,Car,0
36,1508085,Salaried,6,1914068,120,Good,565921,0.37525777707637364,1,367395,3,0,Personal,0
40,647956,Salaried,18,135058,180,Average,528797,0.816098907797894,0,248553,5,1,Car,0
23,2292592,Salaried,1,1415271,24,Average,16683,0.007276913084878127,0,1126528,1,1,Car,0
56,1553806,Self-Employed,17,1973030,12,Bad,749230,0.4821898730022455,1,1251356,2,1,Personal,1
61,2208405,Self-Employed,23,781951,120,Average,557004,0.25221992695183765,0,1317600,1,0,Education,0
42,1758928,Salaried,21,527060,120,Bad,153916,0.08750552182606575,0,87941,4,0,Car,0
37,2168862,Salaried,16,1666186,12,Bad,445862,0.2055740726823225,0,310325,5,0,Home,0
57,2067439,Self-Employed,3,1182138,60,Good,736589,0.35628071431335373,0,758860,2,0,Car,0
44,127322,Business,7,751940,60,Good,443838,3.48592163238378,0,65265,4,0,Personal,1
61,2388106,Business,30,878634,36,Good,132777,0.05559926753700734,0,502911,0,0,Education,0
32,1508385,Business,3,474001,120,Average,553690,0.3670744756315691,1,500279,0,0,Personal,0
40,179092,Business,9,730583,120,Bad,354449,1.9791337461542327,0,158456,1,1,Home,1
38,1922364,Business,1,1652891,12,Bad,611305,0.31799632223849267,1,1066930,1,1,Business,1
31,2370125,Salaried,9,1934974,12,Bad,749623,0.3162798095966206,1,802947,2,1,Home,1
44,1172149,Self-Employed,21,1466130,12,Bad,484260,0.41313825022394746,0,484737,3,1,Education,0
41,387204,Self-Employed,6,179471,12,Average,55421,0.14313089965263878,0,1094186,5,1,Personal,0
61,426042,Salaried,21,585900,36,Good,47611,0.11175163070394303,1,805849,3,0,Education,0
21,1161095,Salaried,0,1527536,12,Bad,214463,0.18470737992379613,1,274035,2,1,Business,1
24,1874230,Business,0,1651421,60,Good,247368,0.13198373092751106,0,897561,0,1,Home,0
62,384336,Salaried,40,1591187,12,Good,705211,1.8348766837436936,1,1036284,5,0,Education,1
23,952792,Self-Employed,0,803205,24,Good,565760,0.5937910962821935,1,552960,4,0,Car,1
27,1157577,Self-Employed,6,1681015,120,Average,558335,0.48233034836529376,0,1242039,5,1,Business,0
43,942412,Self-Employed,8,1707552,12,Good,678972,0.7204611990708957,1,78066,4,1,Business,1
32,1360220,Business,4,1206691,24,Average,557331,0.4097356238434784,1,1265431,2,0,Personal,1
59,1359072,Self-Employed,14,538896,36,Good,242591,0.1784974022734614,1,85898,5,1,Personal,0
57,2307186,Self-Employed,35,584561,36,Bad,418246,0.18127962752910795,0,913851,4,1,Personal,0
40,906228,Salaried,11,523789,36,Bad,150111,0.16564356249910342,0,14017,5,1,Education,0
61,429169,Salaried,30,107943,180,Good,664874,1.5492089381830043,0,169488,2,0,Home,0
60,1875830,Self-Employed,33,464062,120,Average,29152,0.015540845630549874,1,892485,3,1,Car,0
56,1850124,Salaried,8,92530,12,Bad,340897,0.18425619890547937,0,41999,1,1,Car,0
38,623793,Business,10,841583,24,Bad,530694,0.8507520110805811,1,1373398,5,1,Personal,1
38,657421,Self-Employed,17,1470548,120,Average,767981,1.168170520609289,1,251061,0,0,Business,1
42,1505401,Self-Employed,21,1939353,60,Bad,544933,0.3619850378835686,1,12521,0,0,Business,1
21,944653,Salaried,0,1198707,180,Bad,676446,0.7160780560924952,1,279067,1,0,Education,1
55,2183590,Salaried,22,1209019,24,Good,535506,0.2452409814841699,0,1356412,1,1,Business,0
35,741436,Self-Employed,12,830736,36,Good,278232,0.3752604739175412,0,555289,2,0,Education,0
35,2247310,Salaried,9,579893,180,Good,56492,0.025137597777966647,1,498342,1,1,Personal,0
21,2095013,Business,0,1842164,36,Average,490226,0.2339965269921824,1,1044569,2,0,Car,1
47,1421561,Business,12,1777750,24,Bad,254599,0.17909806255372612,1,625389,2,0,Education,1
43,1471414,Salaried,8,1144061,12,Bad,667429,0.4535967079308013,1,57198,4,1,Home,1
27,471114,Self-Employed,1,122928,12,Good,409318,0.8688282054275496,0,950961,2,1,Home,0
61,1423204,Business,15,752991,60,Bad,256817,0.18044975952164305,1,508906,0,1,Education,1
27,488590,Salaried,5,1965781,120,Average,124433,0.2546772249181831,1,398994,3,0,Personal,1
22,2353090,Business,1,1683525,120,Good,372195,0.1581728033467469,1,1230384,3,1,Personal,1
58,1784795,Self-Employed,31,278594,36,Average,548392,0.30725752410919793,0,852259,3,1,Business,0
63,969277,Business,22,1107345,60,Average,619657,0.6392974977251109,1,462661,4,0,Car,1
49,836123,Business,21,716593,24,Bad,248339,0.297012165659639,1,816928,1,1,Car,1
30,1601294,Business,4,1762186,12,Good,584791,0.3651987922275408,1,1069886,4,0,Business,0
60,512445,Salaried,37,929950,24,Average,556494,1.0859563739398883,1,9764,4,0,Home,1
34,1147412,Business,11,546723,24,Average,134048,0.11682628661170825,1,138498,3,0,Personal,0
43,814618,Self-Employed,2,297704,120,Bad,284767,0.3495707809417654,1,1334526,5,0,Car,1
28,375223,Self-Employed,2,210229,120,Good,529809,1.4119805769353773,0,799323,3,1,Personal,0
31,801867,Business,6,1502801,12,Bad,350906,0.43761067906438467,0,886907,3,1,Business,0
61,1683758,Salaried,33,530854,60,Average,34828,0.020684670430863323,0,429318,0,0,Education,0
28,2091441,Business,6,1440894,120,Good,300196,0.14353541719062732,1,809697,4,1,Business,0
57,1556182,Salaried,28,539854,120,Average,440875,0.2833053696126998,1,1138436,3,0,Personal,0
60,686922,Business,13,1456199,60,Good,74992,0.10917089688363907,0,273513,1,0,Personal,0
55,1795824,Business,34,445881,180,Bad,168775,0.09398187462586834,1,459167,3,0,Business,1
27,1450607,Self-Employed,2,883211,60,Bad,330239,0.2276555761446235,0,717648,1,0,Car,0
24,1296086,Self-Employed,1,1678932,24,Good,280257,0.21623316953260083,1,305005,1,0,Personal,1
47,342236,Salaried,10,1625919,60,Average,334481,0.9773373422511301,1,1176191,4,0,Education,1
24,2306528,Salaried,1,1654843,24,Bad,569335,0.24683626349376053,0,528425,3,0,Home,1
24,877011,Salaried,0,871186,60,Bad,547651,0.624450976725518,0,501166,2,1,Business,1
36,905338,Salaried,3,1490645,120,Average,318558,0.35186598611127984,1,641447,4,0,Car,1
43,152691,Business,3,267252,24,Good,578985,3.79184895082912,1,266027,0,0,Business,1
62,400348,Salaried,36,1573090,60,Good,248562,0.6208632967735651,0,608671,3,1,Car,0
36,1375300,Salaried,0,1063165,12,Bad,119755,0.08707548383953767,0,1339156,5,0,Personal,1
57,873045,Business,29,512358,36,Bad,509444,0.5835248085438797,0,86842,5,1,Home,0
38,731821,Self-Employed,17,1325132,120,Good,767539,1.0488055838714878,0,400704,4,1,Personal,0
37,1962946,Self-Employed,9,154262,60,Good,408986,0.20835305283331643,1,1232283,3,1,Car,0
51,2267086,Salaried,22,1457924,120,Average,184391,0.08133388793636945,0,799301,3,1,Education,0
24,831658,Self-Employed,0,1180785,120,Bad,82299,0.09895762566147905,1,140642,1,0,Education,1
28,1525326,Salaried,6,1651882,24,Bad,347983,0.22813665528768584,0,677946,1,1,Education,0
27,1769353,Salaried,3,999200,36,Average,597228,0.3375401417692559,1,126731,5,0,Home,0
52,1199421,Salaried,25,822668,60,Good,797171,0.6646292964444541,1,1182321,5,1,Education,0
24,733467,Salaried,2,191696,36,Good,459980,0.627130290619359,0,633194,2,0,Home,0
45,707791,Business,20,747484,60,Good,378803,0.5351897167529444,1,925091,3,0,Personal,1
39,1631291,Salaried,15,1856411,60,Good,544531,0.33380351279844445,0,648081,5,0,Home,0
32,1762095,Salaried,8,344203,24,Good,189939,0.10779151646675324,1,597066,5,0,Car,0
54,122700,Business,11,1287795,12,Average,275483,2.2451569261864206,0,933338,4,1,Car,1
63,1460263,Business,26,1008578,36,Good,752798,0.5155218508434092,0,191745,4,1,Business,0
38,1072409,Salaried,9,1606510,24,Good,726844,0.6777668988539831,1,1015607,5,0,Business,1
56,2200594,Salaried,13,1055837,120,Average,288156,0.13094458544166465,0,981200,1,1,Personal,0
57,2053768,Salaried,0,82835,36,Bad,198470,0.09663696355334997,0,1046285,1,1,Home,0
39,426535,Business,2,1565647,24,Average,366343,0.8588794380779113,0,963292,1,1,Business,0
57,702899,Salaried,8,1091426,180,Good,234891,0.3341741357234315,0,523492,1,0,Business,0
45,2473708,Salaried,5,113535,180,Average,408113,0.1649801977516353,0,379472,3,0,Home,0
53,587046,Self-Employed,13,972011,180,Good,113056,0.1925842394220565,1,1326195,1,1,Home,0
35,2340988,Self-Employed,10,142814,120,Bad,346429,0.14798403580708838,1,751407,5,0,Business,1
35,1944190,Business,0,551078,120,Average,96682,0.049728653203311816,0,157499,2,0,Home,0
35,1638364,Business,10,326204,180,Bad,443857,0.27091460083680985,1,1193255,0,1,Car,1
42,312848,Self-Employed,0,1314957,60,Average,557258,1.781236315283092,1,1039239,2,1,Personal,1
24,131683,Salaried,2,937063,12,Average,717608,5.449469943197351,1,226608,1,1,Business,1
53,1923043,Self-Employed,9,1539142,120,Average,325709,0.16937157964144345,0,644742,3,0,Personal,0
42,726383,Self-Employed,4,1212186,24,Bad,700323,0.9641222824291283,1,464443,4,1,Education,1
52,1514183,Salaried,6,1534906,180,Bad,472234,0.31187358999963016,0,1271865,0,1,Personal,0
42,1699949,Salaried,1,70563,180,Average,468084,0.2753516279890585,0,299719,5,1,Home,0
47,1268820,Business,14,1783508,24,Average,492176,0.38790026331531396,1,1214919,2,0,Car,1
25,720854,Salaried,2,1228125,180,Average,178441,0.24754076756074384,1,1195294,4,0,Business,1
42,1969636,Self-Employed,6,1055449,120,Good,785578,0.3988440509596438,1,1349986,4,1,Personal,0
50,1377379,Business,2,1115070,120,Bad,414787,0.30114202326155454,1,296630,4,1,Business,1
24,2348349,Salaried,2,697429,60,Good,62363,0.026556092575638214,1,43162,4,1,Home,0
64,651878,Business,34,455350,24,Bad,392235,0.6016990883277418,1,811662,2,1,Business,1
50,2470055,Salaried,28,1399054,60,Bad,43525,0.017621057984110483,1,126681,2,0,Personal,1
55,910404,Self-Employed,15,1058744,12,Good,364561,0.4004382664857948,1,473130,0,0,Personal,0
30,406876,Business,9,125909,180,Average,248271,0.6101868623687257,1,1054296,3,1,Education,1
24,2269092,Salaried,1,646050,60,Bad,199584,0.08795761125700886,1,169091,3,0,Home,1
54,2102667,Self-Employed,30,1976479,60,Average,797168,0.37912214386674453,0,1417657,3,0,Home,0
22,588259,Self-Employed,1,993228,120,Good,655291,1.113947914187604,0,874134,3,1,Home,0
64,786468,Business,15,106938,120,Average,625451,0.7952646576025247,0,1379218,0,0,Personal,0
44,2418970,Business,6,413357,24,Good,108712,0.04494142343996683,0,60403,3,0,Car,0
35,1642251,Salaried,4,700228,24,Good,482838,0.2940096891341889,0,453192,5,0,Personal,0
21,1922043,Salaried,0,1568345,120,Good,316668,0.16475585366412007,0,609337,0,0,Education,0
33,2003552,Business,8,548909,120,Average,675144,0.3369733668138552,0,1045875,0,0,Car,0
44,1193734,Salaried,3,971619,12,Average,59317,0.049690257888057233,0,1035609,2,1,Education,0
57,818735,Business,2,1604026,12,Good,722779,0.8827986066326631,1,8338,4,1,Personal,1
36,2134180,Salaried,14,1914244,180,Good,131440,0.06158802838184765,1,812271,1,0,Car,0
51,1007483,Salaried,10,581427,60,Good,682501,0.6774311056056473,0,370458,0,0,Car,0
52,1966983,Self-Employed,27,1754480,60,Bad,84984,0.04320523196935003,1,612654,3,0,Education,1
64,1454646,Business,26,163117,36,Good,799765,0.5498000545836894,0,279086,4,0,Car,0
61,2108527,Self-Employed,29,1254481,36,Bad,522894,0.24799006700409007,1,214062,2,0,Home,1
27,1249868,Self-Employed,6,91104,120,Average,2634,0.0021074208577058877,1,720570,1,1,Business,0
53,2244157,Business,7,361968,24,Average,339846,0.15143586146786456,0,224673,0,0,Personal,0
56,2220998,Self-Employed,19,1899489,12,Average,124908,0.05623955706418598,0,182248,5,1,Education,0
60,1937236,Business,26,991357,12,Average,147863,0.07632674783725481,1,1126057,5,0,Education,0
48,1783081,Self-Employed,10,1899983,180,Good,244985,0.13739412993906058,0,1121823,5,0,Home,0
30,512435,Salaried,2,1834710,180,Bad,397084,0.7748948161331366,0,971041,0,1,Personal,1
33,518649,Salaried,4,461038,12,Good,558408,1.07665670490697,1,21294,4,0,Personal,1
37,988551,Business,8,709784,24,Good,40615,0.04108534502990232,0,1075439,3,0,Business,0
50,1520166,Salaried,5,531156,60,Good,117456,0.07726519520552676,1,166247,1,0,Business,0
21,1106831,Self-Employed,0,1655072,24,Bad,183517,0.16580384376310045,0,1100574,2,1,Personal,1
28,2400687,Salaried,7,1042669,120,Good,32894,0.01370190545376992,1,546278,4,0,Personal,0
35,1963681,Salaried,7,1392907,120,Average,463130,0.23584775946410874,0,809985,1,0,Business,0
25,1273370,Business,4,1862803,24,Bad,82158,0.06452008095048498,0,702800,4,0,Business,0
43,1405472,Salaried,17,1365707,36,Bad,746958,0.5314637847898892,0,700877,0,1,Car,1
64,1253974,Salaried,33,254278,60,Average,641471,0.5115500707749358,0,351926,4,1,Business,0
29,1722545,Salaried,3,1428113,120,Bad,702583,0.4078747389039248,1,96123,2,1,Home,1
53,1324895,Salaried,26,1601938,36,Good,594747,0.44890089486269114,0,127162,3,1,Home,0
63,489841,Business,40,974404,180,Good,67696,0.1381996643815761,1,981759,5,0,Business,0
42,257293,Salaried,14,1239686,12,Good,516973,2.009269551563581,0,1002691,1,1,Car,1
21,2330000,Self-Employed,0,986402,120,Good,705443,0.3027651061093965,1,548143,0,0,Car,0
28,2478424,Self-Employed,6,1959097,60,Average,791815,0.3194831394938318,1,1293527,0,0,Car,1
32,2296638,Salaried,8,994321,120,Average,180875,0.07875639140500532,0,1147930,5,1,Car,0
27,133369,Business,4,710404,24,Bad,65123,0.4882882207392967,1,993328,2,1,Business,1
50,1448784,Business,7,1298706,60,Average,363169,0.2506714246765393,1,1479381,3,1,Car,1
52,2099772,Business,28,1933437,24,Good,492461,0.23453058973517613,1,1327692,2,0,Personal,0
24,1816161,Self-Employed,2,1362085,180,Average,236932,0.1304575252648167,0,836115,4,0,Personal,0
37,1975108,Salaried,13,1168127,24,Bad,199570,0.10104252474167248,0,1315560,0,0,Business,0
59,1174275,Self-Employed,34,1516711,36,Bad,713896,0.6079456618375918,0,1468300,0,0,Education,1
35,1313246,Self-Employed,10,1318123,12,Good,650761,0.4955358740587262,0,155846,0,1,Home,0
27,734873,Salaried,4,325196,60,Average,83574,0.11372561826925433,1,1000015,3,0,Personal,0
28,1630369,Self-Employed,7,119915,12,Bad,269805,0.16548697534915388,1,195619,3,1,Education,1
60,2107450,Self-Employed,1,1020504,120,Average,394048,0.18697848728155483,1,1488770,5,0,Education,0
30,1303140,Self-Employed,6,1295472,120,Average,171656,0.1317248095179263,1,1076,4,0,Home,1
48,841970,Salaried,6,836329,120,Bad,682895,0.8110671270150634,0,159270,3,1,Personal,1
62,1357488,Business,20,1395996,12,Bad,470770,0.34679470699210085,1,61913,4,0,Home,1
29,2001686,Business,0,1737233,24,Average,318,0.00015886599653192532,1,1388074,3,1,Home,1
56,2098596,Salaried,24,1787991,120,Good,364449,0.17366316639164164,0,1319472,1,1,Car,0
31,1692780,Self-Employed,1,131119,12,Bad,283635,0.16755563773459178,1,1177377,4,0,Car,1
25,400684,Salaried,3,1106519,120,Average,645018,1.6097882376430364,1,271055,1,1,Education,1
45,713593,Business,15,584400,24,Good,371719,0.5209110502610729,0,987771,4,0,Home,0
54,627607,Business,25,310462,60,Bad,32205,0.051313877452167596,1,483321,4,1,Home,1
50,1335746,Self-Employed,6,160947,120,Good,521631,0.39051631783563806,0,1463866,1,1,Business,0
32,883001,Self-Employed,7,146320,180,Bad,404781,0.4584145902274287,1,762167,1,1,Business,1
61,1247873,Self-Employed,39,452101,60,Bad,137011,0.10979554025486547,1,173021,1,1,Education,1
27,1325976,Self-Employed,5,208691,24,Good,648794,0.48929506318737054,0,158736,4,1,Education,0
24,2245756,Self-Employed,1,592050,36,Good,381416,0.16983849989112804,0,1203413,3,0,Education,0
55,1096555,Salaried,14,715916,12,Good,114919,0.1047999372581063,0,130731,4,1,Education,0
33,2058734,Self-Employed,10,1553792,120,Good,732084,0.35559894789761676,0,524535,2,1,Personal,0
51,1738859,Business,19,1298925,12,Bad,586257,0.33715020185638866,1,291196,2,1,Home,1
29,1209341,Salaried,6,717826,24,Bad,312178,0.2581387233718832,1,1343881,3,1,Education,1
32,1926407,Self-Employed,2,1480098,36,Good,708986,0.3680352241062122,1,1249415,1,1,Home,0
43,1005641,Business,17,1532571,24,Bad,678822,0.6750135734187713,1,1227417,2,1,Car,1
30,1543932,Self-Employed,7,1876695,120,Bad,105317,0.0682134522676826,0,962059,2,1,Home,0
58,268010,Self-Employed,35,502718,24,Average,174606,0.6514881851864289,0,895152,1,1,Personal,1
59,1721049,Business,4,1844991,120,Bad,348632,0.2025693617268528,1,46642,1,1,Home,1
24,934454,Business,1,235333,12,Bad,147511,0.15785778876457401,0,598673,4,1,Car,0
24,2287424,Business,1,1080483,12,Bad,528197,0.23091336327967038,1,1032595,3,1,Business,1
47,178527,Salaried,9,1863073,180,Average,10856,0.060808388600107545,1,1186443,1,1,Car,1
44,312023,Salaried,20,1605890,12,Bad,403365,1.2927370971463734,1,354349,0,1,Business,1
28,2469110,Business,5,119098,36,Good,640670,0.2594739564158922,1,951127,3,0,Car,0
58,1661134,Self-Employed,13,939332,60,Good,391755,0.23583573881713407,0,807329,2,0,Car,0
25,565800,Business,4,622959,12,Good,408542,0.7220595226943749,0,1414253,4,1,Business,0
22,1166022,Business,1,1683738,180,Good,432982,0.37133229790492983,0,1419179,4,0,Education,0
28,593655,Salaried,7,930111,12,Good,70400,0.1185871952780735,0,1314954,4,1,Home,0
24,259598,Self-Employed,2,1395346,12,Average,1207,0.004649478618946914,1,915762,4,0,Home,1
41,1220673,Self-Employed,5,1031918,36,Bad,398645,0.3265777758844704,1,840023,0,0,Home,1
25,1770177,Business,1,1139035,24,Bad,471300,0.26624441157894857,1,505193,3,1,Education,1
61,313171,Salaried,7,1851527,120,Bad,602693,1.9244791999284738,1,1446453,2,1,Business,1
23,2498078,Self-Employed,2,1231546,12,Good,471671,0.18881348428132178,0,1219716,3,1,Business,0
46,203956,Business,6,1342005,36,Good,315016,1.5445216393651604,1,4902,2,1,Car,1
63,840203,Salaried,24,1965498,180,Good,241372,0.2872778515693808,0,964477,1,0,Car,0
53,1265719,Salaried,1,278749,60,Good,762380,0.6023291091236609,0,78871,4,0,Car,0
54,423350,Self-Employed,22,163682,180,Good,453661,1.071595437355764,1,165233,3,1,Business,0
60,1298189,Business,14,1163122,120,Good,753222,0.5802093684283502,0,193948,3,0,Education,0
42,149974,Salaried,2,1050690,36,Good,100361,0.669184864144024,0,1367868,3,1,Home,1
49,1794109,Salaried,28,1908390,36,Average,550937,0.30708094821387766,0,1276324,3,1,Car,0
58,1382328,Salaried,5,1645655,180,Bad,714256,0.5167047786742519,1,375253,5,1,Car,1
34,422417,Self-Employed,3,717765,60,Average,224420,0.5312747089375927,1,111141,5,0,Personal,1
60,2337608,Business,5,663749,120,Bad,390721,0.1671455748159765,0,110159,3,1,Business,0
21,504379,Self-Employed,0,1566399,36,Bad,201696,0.3998889726000238,1,376832,0,0,Personal,1
58,548625,Business,21,858917,12,Bad,209402,0.38168442618468684,0,607842,2,0,Business,0
56,922172,Salaried,3,138560,120,Good,85877,0.09312460893997114,0,1319876,0,0,Home,0
51,2088888,Business,11,907370,36,Average,329644,0.1578082894782825,1,455383,5,0,Business,0
38,1400013,Business,6,96939,24,Average,799397,0.5709921472213849,0,1322948,3,0,Business,0
38,899704,Self-Employed,13,805823,24,Bad,668182,0.7426678744699652,1,554358,3,0,Car,1
34,1962143,Business,4,411237,12,Good,509467,0.25964811960793904,0,1410346,3,1,Education,0
38,1953059,Self-Employed,12,1845539,60,Bad,673403,0.34479381073802134,0,1144684,3,0,Personal,0
27,1121494,Business,1,716228,36,Good,592377,0.5282029790592022,0,1012593,4,1,Business,0
26,2196111,Salaried,2,1268037,60,Good,34734,0.015816133239106203,0,1255732,3,0,Business,0
62,2329320,Self-Employed,10,1503471,60,Bad,417933,0.17942267295920142,0,1292119,3,1,Home,0
59,2178346,Business,30,120160,120,Bad,642584,0.29498697865858836,1,1464895,0,0,Personal,1
42,410678,Self-Employed,12,1093119,12,Good,768290,1.8707798548257886,1,836918,0,1,Business,1
48,2250304,Salaried,20,371096,60,Average,232816,0.10345975323345058,0,540684,3,1,Business,0
51,430139,Self-Employed,1,990118,36,Bad,599881,1.3946180313386338,0,655460,0,0,Home,1
53,393132,Salaried,3,1858774,120,Bad,639425,1.6264851844032426,0,994671,5,0,Business,1
52,527039,Salaried,24,585917,120,Bad,659216,1.250789313904068,1,555339,3,1,Business,1
32,1910269,Self-Employed,2,869901,60,Bad,519764,0.27208928580776537,0,72372,0,0,Business,0
41,1203593,Self-Employed,17,1773542,24,Bad,238750,0.19836423245712426,1,92469,1,0,Business,1
22,570470,Business,0,1877287,36,Bad,657574,1.1526861137551252,1,785183,1,1,Education,1
43,956301,Self-Employed,1,1883985,24,Average,529622,0.5538229555098703,1,733177,2,0,Business,1
49,1048226,Self-Employed,16,508696,12,Good,123935,0.11823297816217289,1,16029,5,1,Education,0
34,1654485,Salaried,3,559853,180,Bad,237648,0.14363856811118378,1,613007,3,1,Personal,1
28,560998,Self-Employed,6,264816,180,Good,790296,1.4087297838320567,1,1474351,1,0,Personal,0
39,2289398,Salaried,2,344524,36,Average,41284,0.0180326801924872,0,1428898,2,0,Home,0
47,1183892,Self-Employed,15,1829675,120,Average,749088,0.6327328567699952,0,674448,2,0,Car,0
50,1390664,Business,21,1406574,12,Good,109796,0.07895215598292903,1,1148003,4,0,Car,0
44,2334110,Salaried,4,287497,12,Average,411858,0.17645176257684403,0,451490,5,0,Car,0
26,659141,Business,4,1599085,60,Average,226560,0.3437195627042428,0,404542,3,1,Education,0
45,1000677,Self-Employed,19,1201821,180,Bad,16010,0.015999152574554452,0,197505,4,0,Business,0
50,1860381,Self-Employed,3,1369372,24,Average,508678,0.27342664033515696,0,948034,0,1,Personal,0
34,1385598,Self-Employed,10,1529716,12,Average,562829,0.4061990518180224,1,1375378,2,1,Home,1
27,660218,Business,2,1757454,60,Bad,686342,1.0395671739225925,0,1465782,2,1,Home,1
23,1076945,Business,0,1178288,60,Average,287204,0.2666837520172785,1,651355,3,1,Business,1
36,1559054,Salaried,12,1621130,12,Bad,702353,0.4504991805933723,0,93104,5,1,Home,1
39,1547397,Self-Employed,12,1192961,60,Good,364793,0.2357460717927773,1,1318894,4,0,Car,0
47,255258,Business,18,420301,120,Good,595792,2.3340685343122085,0,1159336,2,0,Business,1
25,1471849,Salaried,1,1104963,24,Average,548682,0.37278391140401534,0,338971,5,1,Home,0
33,307708,Self-Employed,2,85241,24,Bad,28337,0.09209025410371488,0,887424,4,1,Personal,0
31,177450,Self-Employed,9,1745630,12,Average,456750,2.57394999182873,1,587740,0,1,Personal,1
26,445262,Business,1,998643,180,Good,740690,1.6634887695586653,0,1117093,1,1,Education,0
41,2166282,Salaried,8,588238,180,Bad,457858,0.21135650328235045,0,1115854,0,1,Car,0
35,1773085,Salaried,0,1169697,180,Good,486110,0.27416041861477675,1,336234,1,0,Car,0
55,973690,Salaried,17,766932,180,Average,251917,0.25872376349375725,1,855832,3,1,Personal,1
59,236107,Business,27,1512178,120,Good,442997,1.876247310552798,1,323904,2,1,Home,1
63,174470,Business,8,365427,60,Average,654551,3.751632076390919,0,133425,4,0,Home,1
32,654610,Business,7,1134501,12,Good,513986,0.785177762060216,0,1265426,0,1,Personal,0
33,1519681,Salaried,3,1627855,36,Average,490378,0.32268461428114564,0,954337,3,0,Car,0
24,565171,Business,3,1378128,24,Good,680536,1.2041219310227682,0,166169,2,0,Home,0
43,1282753,Salaried,18,768684,36,Average,351911,0.2743402086448376,0,975990,3,0,Education,0
24,1731256,Self-Employed,3,633278,60,Bad,444068,0.25650033472788847,1,865212,2,0,Education,1
25,1389646,Salaried,0,924178,120,Bad,267729,0.1926597186191889,0,966634,1,1,Business,0
26,701498,Salaried,3,261445,36,Bad,243769,0.3474972879505174,0,398672,5,0,Business,0
58,1702639,Salaried,26,850531,180,Good,364485,0.21407050227881408,1,303986,2,0,Personal,0
32,1381999,Self-Employed,2,1221439,12,Bad,357752,0.2588654124457308,0,992179,4,1,Business,0
24,175700,Business,3,682897,24,Average,164230,0.9347129498409229,1,720978,2,0,Education,1
53,2455496,Business,16,584234,60,Bad,648416,0.2640671114646037,0,1434736,3,0,Business,0
31,871500,Salaried,5,1110377,12,Good,391486,0.4492088936214646,0,154782,5,1,Business,0
26,2463059,Business,4,980569,60,Average,586834,0.23825404172046155,0,880198,4,0,Education,0
28,1243243,Self-Employed,3,315853,36,Average,573042,0.4609248063935961,0,243291,1,1,Car,0
23,911526,Business,2,819140,120,Good,472282,0.5181217890419044,0,531760,2,1,Home,0
56,1589740,Salaried,3,859547,12,Good,290105,0.1824857005008992,1,516712,3,1,Business,0
46,565278,Business,14,177987,120,Good,788449,1.3947961979836505,1,921727,4,1,Education,0
29,274147,Self-Employed,3,972170,180,Average,220389,0.8039051898974277,0,1354743,4,1,Home,1
44,1664016,Business,12,248547,12,Good,167696,0.10077781657278742,0,688178,2,1,Business,0
53,2415120,Business,21,1012200,36,Good,786370,0.3256027337760717,0,650970,2,1,Car,0
32,1794213,Business,3,126629,36,Good,164097,0.09145898984179145,0,491564,4,1,Education,0
52,1994776,Salaried,26,921990,12,Average,112784,0.056539653304604975,0,366533,2,0,Personal,0
36,1237319,Business,12,1829081,180,Bad,611297,0.4940492354443475,1,635154,5,0,Home,1
23,2015606,Business,0,861447,12,Average,250942,0.12449946839835345,0,735080,2,1,Education,0
26,2004193,Salaried,0,112306,24,Bad,78655,0.039245202809708044,1,1121756,1,1,Business,1
34,603649,Business,2,1675055,180,Bad,731325,1.2115050111819763,0,143285,3,0,Car,1
61,2278505,Business,40,196874,180,Good,212730,0.09336380944355643,0,512167,5,1,Education,0
44,1474108,Self-Employed,8,920376,180,Bad,584978,0.39683496946290947,1,1447528,1,0,Education,1
48,2392095,Self-Employed,18,1916255,180,Bad,643933,0.2691919555068024,0,1445005,3,1,Personal,0
21,522860,Business,0,1740305,36,Good,731989,1.3999686341111692,1,898477,0,0,Business,1
35,1069525,Salaried,7,1771894,24,Bad,721768,0.6748484842818221,0,611786,3,0,Car,1
27,457606,Business,3,236955,180,Good,561498,1.2270310550319379,1,670650,0,1,Car,0
40,137660,Business,2,448024,60,Average,94148,0.683911928578174,0,1220147,4,0,Home,1
36,194674,Salaried,15,86241,36,Good,394414,2.0260125850776936,1,355127,3,0,Education,1
38,484983,Salaried,15,1949044,12,Average,347367,0.7162442472328984,1,67983,4,0,Car,1
21,504571,Business,0,1596940,24,Bad,279818,0.5545650571177156,0,274557,2,0,Car,1
22,2216530,Business,1,1967314,180,Bad,696731,0.31433397502674226,1,652633,5,1,Personal,1
28,811996,Self-Employed,4,1173642,36,Good,309272,0.38087825447630963,0,1038229,5,0,Education,0
53,2287652,Salaried,6,1132646,120,Good,597573,0.26121662682233715,1,983886,1,1,Personal,0
34,528092,Business,12,68262,60,Bad,102409,0.1939222826282492,0,216622,3,1,Home,0
32,1204163,Business,3,1677995,24,Average,617307,0.5126436266156437,1,1469445,5,1,Home,1
55,2334329,Business,0,538594,24,Average,347328,0.14879130200100243,1,97292,1,0,Home,0
55,785430,Self-Employed,25,459832,36,Bad,620197,0.7896263325486261,1,117715,1,1,Education,1
46,2317629,Self-Employed,24,1881422,36,Good,783843,0.3382088599129283,0,903448,5,1,Business,0
38,1575386,Self-Employed,10,823732,24,Bad,53639,0.03404814182166033,0,1252874,5,1,Personal,0
44,466653,Salaried,19,271692,180,Average,286195,0.6132916464875475,1,1099191,2,1,Business,1
59,2123719,Business,19,1516536,12,Good,390958,0.18409112312357562,0,17945,3,1,Car,0
44,372565,Salaried,4,809950,12,Good,155299,0.4168362115705674,1,748644,4,1,Personal,1
35,1607322,Self-Employed,0,126086,120,Bad,646203,0.40203680280814746,0,1080348,2,1,Car,0
51,711944,Self-Employed,9,136884,120,Good,117129,0.16451973115900806,0,136949,0,0,Personal,0
45,1653365,Salaried,23,1703059,24,Average,160756,0.09722953054556584,0,231620,3,1,Education,0
28,196752,Salaried,0,923589,120,Bad,741873,3.7705803723450213,1,209803,2,1,Education,1
34,2454191,Self-Employed,1,122649,36,Bad,40910,0.016669437436027824,0,1464553,0,0,Home,0
39,993953,Salaried,12,1154024,12,Good,594191,0.597805331031416,0,962951,2,0,Business,0
41,1016429,Salaried,10,539660,60,Average,233354,0.22958196826146415,1,1326331,2,1,Car,0
42,1480724,Self-Employed,17,1227789,24,Bad,661737,0.44690067365648584,1,272047,5,1,Education,1
50,2179838,Business,18,863038,120,Average,647404,0.2969962460530342,0,476192,4,1,Home,0
22,2233985,Salaried,0,1102074,24,Average,387884,0.1736286619522235,1,196382,1,1,Car,0
43,853397,Self-Employed,14,280684,24,Bad,605726,0.7097813681306964,1,754381,1,1,Education,1
38,1380554,Self-Employed,6,499582,12,Good,253442,0.18357979218502704,1,702081,5,1,Personal,0
28,1679198,Business,7,583930,36,Average,345519,0.2057641768486046,0,203643,4,0,Personal,0
27,2119379,Self-Employed,3,1475740,12,Bad,119937,0.05659060668686125,0,1203231,1,0,Education,0
23,1706600,Salaried,1,1177927,180,Average,89932,0.05269655883243945,0,417528,4,0,Education,0
57,2313371,Business,29,474644,12,Bad,233367,0.1008774204926834,1,1238470,2,1,Home,1
54,1930173,Business,32,437194,24,Good,576973,0.2989227914167324,1,1022447,2,0,Home,0
58,1849222,Business,34,587240,12,Average,212848,0.11510131552549369,1,1004302,2,1,Personal,0
39,121722,Self-Employed,1,1032534,120,Average,391529,3.216557265266219,1,590507,2,0,Personal,1
43,2222644,Business,7,208564,12,Bad,724162,0.3258109144735214,1,1039617,5,0,Business,1
26,1863718,Salaried,3,571323,36,Good,204427,0.1096876728734321,0,291280,5,1,Car,0
39,2292744,Self-Employed,11,1246923,120,Good,20191,0.008806474335349111,1,999924,0,1,Education,0
43,1963902,Salaried,18,1121897,12,Good,632793,0.3222119422395098,0,549247,2,1,Education,0
40,1636405,Salaried,12,726803,24,Average,184622,0.1128216347287898,0,993483,0,1,Home,0
30,1139925,Business,6,1461607,24,Bad,239297,0.20992327572140648,1,472159,4,1,Personal,1
27,1654535,Salaried,4,537154,24,Average,461182,0.2787379664147531,1,105364,0,0,Business,0
45,866011,Business,21,1849326,120,Average,282851,0.32661325709112576,0,821619,0,1,Business,0
57,1444965,Self-Employed,11,1611636,120,Bad,374884,0.259441398621144,1,32286,5,1,Personal,1
38,2389273,Business,5,1285848,180,Average,341130,0.1427755878982486,1,69726,5,0,Personal,0
22,310586,Business,0,435389,180,Good,266104,0.8567776500626234,1,301746,1,0,Personal,1
25,1960099,Salaried,4,1227833,36,Good,115517,0.05893423804907913,1,1108553,3,1,Education,0
36,1619406,Business,4,1265402,12,Average,782804,0.48338929003023945,1,285218,5,0,Home,1
49,1185136,Business,17,1272322,24,Good,327296,0.2761672279238603,1,170010,3,1,Car,0
47,1544600,Business,8,480349,12,Average,732275,0.474086835370429,0,528628,3,1,Personal,0
48,2007830,Self-Employed,10,1475015,12,Bad,740801,0.36895585335618386,1,1150838,0,0,Car,1
57,2152122,Salaried,23,451931,60,Average,449118,0.2086860277038069,1,1149930,4,1,Car,0
50,505351,Salaried,11,936045,36,Good,302114,0.5978288400956165,0,4718,1,1,Education,0
48,2358950,Salaried,16,835931,60,Bad,541427,0.2295202401406388,0,1310705,1,0,Car,0
48,2186242,Business,18,1429854,60,Average,244245,0.11171905410331788,0,834416,0,1,Education,0
31,1077701,Self-Employed,6,583384,120,Bad,202163,0.1875871066398689,0,491471,5,0,Car,0
58,2069803,Salaried,18,272572,120,Good,534156,0.2580708125020533,1,284026,3,0,Car,0
29,2377694,Self-Employed,6,781794,12,Bad,333246,0.14015506614599432,1,295519,2,0,Education,1
54,797632,Self-Employed,20,1449996,180,Good,166234,0.208409130514911,0,1471264,0,0,Personal,0
50,2278553,Self-Employed,19,369080,60,Average,162590,0.07135665865281227,1,1264583,1,0,Car,0
45,2120896,Salaried,13,967266,60,Average,787325,0.37122264777591746,0,915177,3,1,Home,0
26,1182189,Business,4,1235735,36,Good,428917,0.36281562185435506,0,1067241,0,1,Car,0
57,411766,Self-Employed,26,1836339,60,Bad,41989,0.10197271758057348,1,71637,2,1,Personal,1
57,2190337,Self-Employed,8,1918554,12,Good,134547,0.06142750570916452,1,594547,2,1,Education,0
59,1261965,Salaried,25,377461,12,Bad,720477,0.5709163321357311,1,345123,5,1,Car,1
55,1037174,Business,5,1292242,120,Average,738880,0.7123966543736592,1,783227,1,1,Education,1
38,330582,Self-Employed,3,1170581,180,Bad,25040,0.07574497176200833,0,109009,5,1,Business,1
54,2368474,Self-Employed,24,1206094,60,Average,424521,0.17923811735399361,1,720678,5,0,Personal,0
59,1352010,Self-Employed,2,1451087,60,Bad,346482,0.2562715835891868,0,1489173,3,0,Personal,0
28,2168269,Self-Employed,3,530783,120,Average,74655,0.0344306751465454,0,458478,3,1,Home,0
36,223748,Self-Employed,11,1889196,120,Average,665593,2.974730613321177,1,265232,5,1,Home,1
30,1119951,Business,8,1443807,60,Good,184834,0.16503743017557895,1,212886,5,1,Personal,0
48,1846124,Self-Employed,3,1623315,12,Bad,144458,0.07824930597873925,1,693799,5,1,Education,1
59,750004,Salaried,17,1098203,180,Good,226286,0.301712655248965,1,146001,4,0,Home,0
64,390057,Salaried,11,1649591,60,Good,133018,0.3410210789164688,0,232791,2,1,Business,0
53,233388,Self-Employed,15,1466369,36,Bad,412683,1.7682195818997468,1,237406,0,1,Personal,1
57,908276,Self-Employed,12,1337033,12,Good,739783,0.8144905133566082,1,739173,2,0,Home,1
40,769586,Self-Employed,3,945766,12,Bad,287506,0.37358479288241614,1,683303,1,0,Car,1
63,339683,Salaried,23,1719760,12,Bad,749056,2.205155379705844,1,1339455,5,0,Business,1
56,259082,Business,17,139359,36,Average,475152,1.833975984530054,1,827159,1,0,Education,1
24,499854,Salaried,1,194375,120,Bad,197874,0.3958628002120615,1,98782,0,0,Personal,1
30,912500,Business,8,168962,60,Average,162299,0.1778617228912626,0,537028,5,0,Education,0
62,783151,Salaried,37,750408,120,Average,423911,0.5412882812021166,1,1311057,4,0,Personal,1
40,645759,Salaried,7,625482,180,Good,771567,1.194820056987116,0,465241,5,1,Business,0
57,2016096,Business,21,674197,36,Good,267808,0.1328348784805493,0,88859,5,0,Education,0
24,2153740,Business,1,605824,180,Bad,136063,0.06317519144595381,0,1412330,1,1,Car,0
28,2334212,Self-Employed,6,1999217,12,Average,542331,0.23233997925639177,0,88059,3,1,Personal,0
48,2432763,Business,20,1644735,60,Average,74923,0.03079747973909512,1,626945,4,1,Home,0
63,461576,Self-Employed,6,739884,24,Good,618475,1.3399172835734883,0,477509,3,0,Personal,0
40,1537033,Salaried,8,858459,180,Average,255519,0.1662416055858231,0,343457,2,0,Car,0
53,2432511,Self-Employed,15,1998337,12,Bad,679025,0.2791455910597769,0,293270,1,1,Car,0
64,247208,Business,36,1298520,60,Bad,707596,2.8623391543188155,0,1243631,3,0,Personal,1
62,1134607,Salaried,1,856878,24,Average,794939,0.7006287634143246,0,125183,0,1,Personal,1
63,813371,Business,10,801309,12,Bad,569390,0.7000363917125252,1,14040,5,0,Home,1
51,1404055,Self-Employed,22,740328,12,Bad,152007,0.10826277584369855,1,842013,3,0,Education,1
34,318554,Self-Employed,4,1733711,24,Bad,51377,0.16128141137323226,1,1445537,4,1,Car,1
58,1068298,Self-Employed,32,726558,180,Good,713163,0.6675687237374556,1,930993,5,1,Personal,0
57,404618,Salaried,18,1691077,180,Average,317440,0.7845405183641895,1,689872,1,0,Education,1
63,1437178,Business,42,1249758,60,Good,93789,0.06525909437864037,0,388192,1,0,Home,0
27,1241291,Salaried,1,1356545,12,Bad,330644,0.26637084586060333,0,1483782,3,1,Personal,1
47,1640139,Salaried,19,745352,36,Bad,385613,0.23510980769934273,1,600296,5,1,Home,1
51,1465331,Self-Employed,23,146265,60,Bad,256146,0.17480407170525178,1,1012075,4,1,Personal,1
64,1218463,Self-Employed,19,160083,24,Bad,82624,0.06780996402027471,0,1417213,2,1,Education,0
32,1228828,Salaried,6,403724,36,Good,141406,0.11507378162461986,0,98856,3,1,Personal,0
22,1693416,Self-Employed,0,611267,180,Bad,664183,0.39221467600715004,1,508173,4,0,Car,1
55,948849,Salaried,8,449086,36,Average,33397,0.03519734415344891,1,105311,2,1,Education,0
47,2183881,Business,24,1954624,60,Average,78508,0.03594882873708378,0,67296,2,0,Education,0
57,1377350,Salaried,6,1981169,120,Good,703058,0.510442145829204,1,1255699,1,0,Home,1
62,1883672,Self-Employed,4,847039,180,Bad,708316,0.3760291727916682,0,292150,2,1,Personal,0
45,1057998,Salaried,21,253439,180,Average,527735,0.4988048192862186,0,726480,4,1,Car,0
36,1845401,Self-Employed,8,394897,120,Good,506218,0.2743131306891398,0,63394,4,0,Business,0
58,402701,Business,36,1876084,36,Bad,436997,1.0851622291421448,1,766033,5,0,Business,1
38,2471099,Salaried,0,54616,24,Average,195980,0.07930880984177087,1,689123,4,0,Business,0
50,806230,Self-Employed,17,1493483,12,Good,304186,0.3772938525062916,0,240763,3,0,Business,0
46,1446503,Business,3,1756006,12,Bad,766410,0.5298360737336364,0,1407496,4,0,Business,1
57,230532,Business,18,1216666,12,Average,545224,2.3650583647460452,1,1459697,2,1,Car,1
33,2339195,Salaried,11,1051992,36,Average,273129,0.11676191306756681,0,139355,4,1,Car,0
40,2001331,Salaried,12,906730,60,Average,362201,0.1809799673417504,1,209884,4,1,Personal,0
42,1447191,Self-Employed,9,1199842,60,Average,726309,0.5018746648682414,0,1353970,5,1,Car,0
49,582584,Business,19,1762289,12,Good,452552,0.7767999519383437,1,1091618,5,0,Car,1
57,1245180,Business,8,643170,12,Good,561110,0.450625250465595,1,1052776,3,1,Home,0
36,1687769,Self-Employed,5,1895543,24,Bad,433506,0.25685134822872785,1,635765,4,1,Education,1
27,394582,Salaried,0,269712,36,Good,120127,0.30444038389895156,0,70388,3,1,Home,0
48,1817229,Business,0,1309459,60,Good,149865,0.08246892248091876,1,1478858,3,0,Car,1
21,1540064,Business,0,1734432,12,Bad,311322,0.2021486106105911,0,201769,4,0,Home,1
27,499928,Self-Employed,1,719544,12,Average,592771,1.185710370872664,1,1288459,1,0,Business,1
51,1837092,Salaried,11,327818,180,Average,632995,0.34456339444981826,0,1117036,5,1,Business,0
21,2362865,Self-Employed,0,1042003,120,Average,220899,0.09348773904233248,0,1024199,0,0,Business,0
48,554355,Salaried,5,876083,24,Good,712675,1.28559084775848,0,93435,2,1,Car,0
61,1116005,Business,24,1124754,36,Bad,392758,0.3519317996498227,1,1147999,0,0,Education,1
31,228407,Salaried,5,182157,36,Good,573613,2.511352492031803,1,672982,2,0,Business,1
58,656296,Salaried,34,1670093,120,Bad,252844,0.3852585033909952,0,112892,4,1,Business,0
27,1309497,Salaried,4,1112343,36,Bad,473863,0.36186615023467006,1,1481781,2,0,Home,1
59,1792291,Salaried,31,989069,12,Average,184236,0.10279351802050113,0,362691,5,0,Education,0
62,2199014,Salaried,4,815378,24,Average,337429,0.15344551992596686,0,1249685,5,0,Home,0
54,1694570,Self-Employed,12,1312022,60,Bad,626889,0.36993964844199506,0,751323,3,1,Education,0
52,456725,Salaried,19,1558719,24,Bad,43347,0.09490810682991553,1,360347,4,0,Personal,1
51,1117197,Salaried,21,1115597,12,Average,467108,0.4181067277241814,0,1018613,4,1,Car,0
44,383367,Self-Employed,14,140162,24,Bad,620741,1.6191779178230838,0,807958,0,0,Business,1
51,1207405,Salaried,28,1150438,12,Average,651336,0.5394506901572462,1,413552,4,1,Business,1
52,1709682,Business,12,860920,180,Good,693312,0.40552078952647946,1,1012068,1,1,Education,0
56,2146046,Business,0,1691198,180,Average,400819,0.18677083959484578,1,898019,0,1,Education,1
29,678549,Salaried,7,327851,36,Average,280153,0.4128700906344411,0,542519,2,0,Personal,0
22,529141,Business,0,1026567,120,Good,608158,1.1493285356293774,0,1145184,2,0,Personal,0
32,397433,Business,2,1671750,12,Bad,65020,0.16359949073305252,0,825711,1,1,Personal,1
34,205643,Salaried,3,440233,36,Good,420495,2.0447715469452064,1,935860,0,1,Personal,1
48,2460102,Self-Employed,14,1086796,24,Good,143867,0.05848007176935275,1,606824,3,0,Business,0
28,1885449,Business,6,1802566,60,Average,543293,0.28815030894481425,1,110737,5,1,Business,1
57,1909032,Salaried,34,181777,12,Bad,313654,0.16429993614568214,1,832725,4,0,Business,1
59,1790255,Self-Employed,14,1022634,180,Average,60216,0.033635413035901014,1,597987,5,0,Business,0
38,1755349,Salaried,4,1354481,24,Bad,313686,0.178702822798872,1,1201551,5,0,Business,1
35,889893,Salaried,12,1469799,180,Bad,303244,0.34076418090244454,1,651503,3,1,Home,1
38,1597167,Salaried,0,1117877,24,Bad,706730,0.44248945633771775,1,870149,0,0,Business,1
24,2122131,Business,3,559365,24,Average,217409,0.1024483868109995,0,1011684,3,1,Education,0
30,2215187,Salaried,7,302980,60,Bad,460642,0.20794713586386349,0,675311,1,1,Business,0
48,1243982,Self-Employed,3,834512,180,Average,795541,0.639511150875856,0,551130,4,0,Personal,0
35,2134665,Self-Employed,3,1882981,24,Bad,622257,0.29150087179914796,0,369199,4,0,Home,0
29,1205106,Salaried,0,896162,12,Average,599911,0.49780724865094966,0,601946,2,0,Education,1
57,1512097,Self-Employed,9,138830,36,Bad,661533,0.43749346933862754,1,1132628,4,0,Car,1
54,1316360,Business,33,79105,24,Average,107083,0.08134774579313729,0,30382,4,1,Education,0
40,139589,Salaried,17,432973,120,Average,613740,4.396733290350312,1,433891,3,1,Education,1
61,2457537,Salaried,15,1037647,36,Bad,779648,0.3172475868124928,1,1447299,3,1,Education,1
21,911091,Business,0,1365118,12,Good,530530,0.5823012385137835,0,946124,1,1,Business,0
62,1928851,Self-Employed,6,1334664,12,Average,575463,0.29834481857602346,1,538225,3,0,Business,0
64,1215379,Salaried,31,1556632,60,Average,322081,0.2650043607760536,1,77069,3,1,Car,1
49,277438,Self-Employed,16,853922,60,Good,674533,2.4312839939590325,1,1190024,2,1,Car,1
35,1536100,Self-Employed,11,377985,180,Bad,480566,0.3128479182032952,1,1352067,4,0,Business,1
54,1345618,Salaried,3,1485940,60,Average,450738,0.3349670300434224,0,540076,3,0,Personal,0
61,2172175,Self-Employed,13,1752965,36,Average,717565,0.33034385795626137,1,1061952,3,1,Home,1
52,1493716,Business,3,130456,24,Good,65783,0.04403980138138617,0,1382898,5,0,Car,0
42,1542975,Salaried,3,129942,120,Bad,670288,0.4344124600771496,0,919339,3,1,Personal,0
58,2472537,Salaried,26,1153356,12,Good,66412,0.026859850081171654,0,1288719,5,0,Personal,0
27,218975,Business,4,1359784,180,Average,253199,1.1562865336840566,0,847094,0,1,Personal,1
34,2096664,Self-Employed,13,1870407,180,Good,113094,0.053939947488034566,1,1366923,2,1,Personal,0
47,2481386,Business,4,1907462,36,Bad,579372,0.23348715859315777,1,470459,1,1,Home,1
27,573104,Self-Employed,0,981645,60,Average,12746,0.022240252658762356,1,789779,1,1,Personal,1
57,1740959,Self-Employed,28,291411,12,Bad,645190,0.37059438470728795,1,226218,3,0,Home,1
54,1070414,Salaried,31,1846821,180,Bad,554663,0.518175660841823,1,927580,0,0,Home,1
25,1541261,Salaried,1,256690,60,Bad,564952,0.36655156618407514,0,451501,2,0,Education,0
55,655702,Self-Employed,4,829711,180,Bad,648226,0.9885969714947164,0,795630,4,0,Business,1
23,1384439,Salaried,1,1477025,24,Average,760669,0.5494416514980787,1,258469,4,0,Home,1
31,752457,Self-Employed,8,553411,120,Good,398169,0.5291577735900209,1,650016,2,0,Car,1
32,1410497,Self-Employed,0,456464,12,Good,644472,0.4569109633618764,0,410492,0,1,Education,0
42,1118179,Business,20,1943459,180,Good,513955,0.4596353002200004,1,545817,0,0,Personal,1
58,2132813,Salaried,25,1694845,180,Good,595241,0.2790871590302764,1,380983,5,1,Business,0
32,575486,Salaried,7,1925282,180,Good,490850,0.8529297794737327,0,1470595,4,0,Business,0
62,1231903,Salaried,5,149099,120,Average,76925,0.06244398914201107,1,313179,2,1,Education,0
49,933941,Self-Employed,4,1947220,36,Bad,414820,0.44416034400423154,0,1469352,4,0,Home,0
48,1778789,Business,21,412163,12,Average,243815,0.13706789446758752,1,87165,1,1,Personal,0
57,1080297,Self-Employed,13,1789217,24,Bad,697120,0.6453034255362872,0,468085,1,1,Home,1
48,723747,Business,12,1002303,36,Good,443876,0.6133018675008428,0,369750,1,1,Business,0
37,911754,Business,4,1351966,180,Bad,170947,0.1874922539498001,1,176221,1,0,Home,1
43,1438295,Business,3,1449027,36,Good,94265,0.06553936046543966,1,1215428,4,1,Personal,0
63,1632466,Self-Employed,36,302020,12,Good,218247,0.13369152332022638,1,1097542,4,0,Personal,0
57,1880635,Salaried,26,1468833,24,Average,288343,0.153322067640947,0,669197,0,1,Business,0
26,376738,Self-Employed,0,1822076,120,Good,490021,1.3006909292640263,0,584827,0,1,Business,1
26,1401979,Business,5,1260928,60,Average,486676,0.3471347665444586,1,437474,3,0,Education,1
49,223813,Business,20,1912470,180,Good,56682,0.25325493490130196,1,527016,4,1,Business,1
35,1545812,Salaried,9,1998803,120,Bad,429252,0.27768688709436395,0,1133190,2,0,Home,0
56,1023041,Business,4,391574,60,Average,26965,0.026357666645162172,1,496368,0,1,Business,0
62,1822894,Self-Employed,39,1220770,24,Average,606955,0.3329621289213037,1,1010469,1,0,Home,0
57,1610502,Self-Employed,24,1889797,36,Good,262677,0.16310245929377343,1,1361690,0,1,Personal,0
58,1232943,Business,14,142534,24,Bad,364993,0.29603372091514296,1,435644,3,0,Education,1
28,747499,Salaried,2,1889493,180,Good,66771,0.08932575250836121,1,174746,4,1,Business,0
43,217519,Business,7,1325600,120,Good,702604,3.230066200809121,0,1312195,3,0,Business,1
62,1032536,Self-Employed,21,929923,12,Good,87599,0.08483860626786256,0,1097020,0,0,Home,0
60,1517578,Salaried,24,261540,12,Average,374041,0.24647217706623512,0,437455,4,1,Home,0
52,1061507,Self-Employed,5,343236,36,Good,211591,0.19933057499331142,1,821036,0,0,Business,0
61,2223628,Self-Employed,8,1868309,12,Bad,98138,0.044134160869461585,1,1301609,4,1,Home,1
59,2245591,Self-Employed,8,1188552,24,Bad,243305,0.10834782097549332,1,915850,2,1,Personal,1
49,603055,Business,14,1600068,24,Bad,263772,0.437392215648298,0,1415788,1,1,Home,0
44,704141,Self-Employed,10,1941170,60,Bad,196150,0.27856597106833564,1,1198618,3,1,Education,1
23,1597110,Salaried,1,812435,180,Average,370577,0.23202958341655652,0,1012883,4,1,Car,0
34,1793298,Salaried,9,1448939,120,Average,364188,0.20308269842340848,0,936388,2,0,Car,0
48,780667,Salaried,8,941503,120,Bad,356858,0.45711877520277505,1,453764,5,1,Car,1
29,359027,Self-Employed,4,1795550,180,Bad,437160,1.2176209097897657,0,192259,4,0,Car,1
56,1676307,Business,26,549348,12,Average,202811,0.12098671604502276,1,794303,5,0,Car,0
51,231376,Salaried,30,184577,24,Good,434694,1.878726061795252,1,1409289,2,0,Business,1
33,1486977,Salaried,5,237130,120,Average,86995,0.0585045642907965,0,617854,2,1,Education,0
25,336382,Salaried,2,1864720,60,Good,125154,0.3720580409830461,0,1331650,5,0,Business,0
56,1436444,Self-Employed,14,115738,60,Average,98705,0.06871477849830658,0,133099,3,1,Car,0
44,183109,Business,18,1104393,24,Average,493499,2.6950958440281796,0,597009,2,0,Business,1
37,1494816,Business,1,923373,24,Bad,513426,0.34347080612543207,1,993276,0,1,Personal,1
60,2100715,Salaried,30,1070090,12,Bad,634202,0.301898019532388,0,424558,0,1,Education,0
27,2033140,Business,3,650240,120,Good,258474,0.1271303859397848,1,840210,1,1,Education,0
54,845704,Self-Employed,0,1300921,60,Good,196571,0.23243447774342116,1,1345846,4,0,Personal,1
35,1758806,Self-Employed,4,1983308,36,Bad,442433,0.251552899209521,1,1239981,3,0,Car,1
29,1034065,Business,0,1026360,120,Average,384583,0.37191339817767916,0,1254305,4,1,Education,0
64,399708,Salaried,27,1558429,36,Average,655873,1.6408762374627541,0,720375,4,0,Business,1
24,1757043,Self-Employed,2,1092841,180,Good,518298,0.2949829372514291,1,1222706,1,1,Business,0
51,365258,Business,7,1047899,60,Bad,52268,0.1430984589017656,1,834337,4,0,Business,1
47,2424839,Salaried,14,513095,36,Good,463380,0.19109714455386748,0,88104,2,0,Car,0
42,613467,Business,2,1681302,36,Bad,310541,0.5062057026609375,1,705870,0,1,Car,1
63,433419,Business,18,1822314,120,Average,671377,1.5490217341147154,1,79372,2,1,Business,1
21,1477908,Salaried,0,605404,180,Average,429932,0.2909055970293164,0,320882,0,1,Education,0
43,509078,Salaried,7,395270,120,Average,74137,0.1456296566937548,1,855437,4,0,Education,1
24,918289,Business,1,225101,120,Average,479130,0.5217632773960296,1,1245186,5,1,Education,1
56,462033,Self-Employed,9,1570503,12,Bad,444747,0.9625850045667634,1,648180,0,0,Education,1
28,2365456,Business,0,1070844,180,Bad,716797,0.303026856966751,1,197128,0,1,Personal,1
46,605679,Self-Employed,18,368103,60,Average,559190,0.9232432967903844,1,37606,3,1,Home,1
22,602929,Salaried,1,1434399,60,Good,89628,0.1486540726120777,0,380929,5,0,Education,0
24,1769382,Business,1,1278404,60,Good,18541,0.010478794020288429,0,1106598,0,0,Home,0
60,2132968,Self-Employed,6,1123522,120,Bad,621904,0.2915672942269672,1,1178198,4,1,Business,1
31,485589,Salaried,1,1750144,24,Good,377755,0.7779299408966412,1,546063,1,1,Education,1
24,548963,Self-Employed,1,1012388,180,Bad,506087,0.9218946961913714,0,1457896,1,1,Business,1
29,2280418,Business,8,1260401,36,Average,182600,0.0800730041277502,1,1491397,3,0,Education,0
48,2070218,Salaried,1,1803209,36,Good,413218,0.19960110500386674,0,979524,0,1,Home,0
59,1925962,Business,11,1289164,120,Bad,595754,0.3093278531311349,0,1043090,4,0,Business,0
24,1746829,Salaried,3,1954186,60,Good,543489,0.31112873032865246,1,1318141,5,0,Car,0
33,570836,Self-Employed,4,663595,180,Average,244636,0.4285566632856665,0,846677,1,0,Education,0
46,2262714,Salaried,10,1446042,180,Good,233708,0.10328653851678184,1,1457121,2,1,Business,0
57,2125837,Business,28,639522,12,Average,18340,0.008627186079089752,0,593684,1,1,Education,0
61,2183371,Salaried,18,652542,60,Average,634480,0.29059638027784546,0,760285,2,1,Education,0
33,1358984,Salaried,11,1917916,120,Good,67186,0.04943836760523479,0,1089229,5,1,Car,0
39,1346680,Business,2,943270,36,Average,350417,0.2602078740251032,0,256653,0,1,Personal,0
52,2434570,Salaried,12,1606490,60,Bad,343227,0.14098048485749645,1,578044,3,0,Home,1
46,385891,Salaried,0,755983,120,Good,285389,0.7395566635224363,1,500038,1,0,Education,1
22,1648340,Business,1,1016953,180,Bad,745773,0.4524385427529862,0,569855,1,0,Personal,1
29,2420277,Business,8,1996717,12,Average,260227,0.10751946677199892,1,1164898,5,1,Home,1
34,1144052,Self-Employed,4,847311,12,Average,183068,0.16001706214659636,0,406294,4,1,Education,0
51,1331624,Business,6,1794588,120,Average,481468,0.36156425420069466,0,33430,3,0,Car,0
56,1220815,Business,25,935404,12,Average,355420,0.2911331437333718,0,402693,4,0,Education,0
53,2392429,Self-Employed,17,1461557,12,Bad,416110,0.173927763821721,1,190991,2,0,Education,1
57,884173,Salaried,3,1386349,60,Good,540987,0.6118558111864859,0,898868,0,0,Personal,0
56,1799679,Business,13,154726,180,Good,281243,0.15627389313655762,0,1468073,1,1,Car,0
24,780492,Business,0,1943024,24,Bad,174311,0.223334482179853,0,585179,4,1,Home,1
46,355010,Self-Employed,23,220100,12,Good,342625,0.9651109402243874,0,1000609,3,0,Personal,0
50,1846761,Business,19,598136,36,Good,406885,0.2203234634457499,1,1320595,5,0,Home,0
62,2317243,Salaried,24,1856888,12,Average,16552,0.007142968112119397,1,1212930,3,0,Education,1
63,1402477,Self-Employed,18,126105,12,Good,73301,0.0522653474778214,1,418144,5,0,Car,0
56,1478585,Salaried,5,1758110,36,Average,410277,0.2774792944069537,0,631334,3,0,Car,0
42,709812,Business,12,1674802,180,Good,686636,0.9673477380662231,1,518344,5,1,Car,1
39,1556913,Self-Employed,4,473817,24,Average,50324,0.032322915716603486,1,865858,0,1,Home,0
57,1085411,Salaried,2,1966665,180,Bad,299496,0.27592840322384493,0,1315741,3,0,Business,0
27,2391644,Salaried,1,418544,12,Average,47674,0.01993356037371767,1,1441043,4,1,Business,0
49,1159540,Self-Employed,20,1575888,120,Average,791794,0.6828512316511447,1,1318817,3,1,Business,1
52,822733,Salaried,4,54258,180,Good,615354,0.747937972661881,0,184343,0,1,Personal,0
21,399405,Salaried,0,431317,12,Bad,575984,1.442101520758326,0,1217475,5,0,Car,1
21,1257660,Salaried,0,1723768,12,Average,93219,0.07412092765856618,0,576968,0,0,Personal,0
43,1367518,Self-Employed,16,1489188,24,Good,29570,0.02162309993499176,0,1244345,1,0,Education,0
26,763859,Self-Employed,4,417533,36,Bad,787176,1.0305239179954442,0,223766,5,1,Personal,0
51,892604,Business,10,1941957,24,Average,692289,0.7755827045557665,1,782223,2,1,Business,1
51,2213178,Self-Employed,6,748922,24,Average,201707,0.09113903574902889,1,278531,5,0,Business,0
48,1047613,Salaried,12,1522964,180,Bad,204957,0.19564171536462857,0,411200,4,0,Education,0
34,1737313,Business,7,712556,24,Bad,480209,0.27640887024452687,1,837966,5,0,Personal,1
45,2226973,Business,12,1896081,120,Bad,7282,0.0032699079558180743,0,716506,5,0,Car,0
35,2423007,Self-Employed,3,373636,24,Good,677594,0.27964992274065953,1,220354,0,1,Car,0
23,2229388,Business,0,348065,60,Good,286720,0.12860922880663717,0,131238,4,0,Business,0
25,2481181,Salaried,0,276972,12,Average,211316,0.08516747259975287,1,1147779,0,1,Home,0
41,1626602,Self-Employed,11,486363,12,Bad,661809,0.4068657195394328,0,1483971,4,0,Car,0
48,2487432,Salaried,7,908418,24,Good,89567,0.03600780402929446,1,454497,2,1,Education,0
34,979035,Salaried,13,780585,12,Good,24272,0.024791733909682586,0,396979,0,1,Business,0
21,1198651,Salaried,0,1913700,60,Average,92085,0.0768237987339111,0,684208,2,1,Business,0
42,1187844,Self-Employed,3,691273,120,Good,172692,0.14538260463275932,0,601160,2,1,Home,0
32,416181,Salaried,2,1247326,24,Good,18141,0.04358910284442864,0,1454627,2,0,Home,0
50,1908697,Business,20,1150132,60,Bad,478698,0.2507981880842333,0,945784,4,1,Car,0
37,2449296,Salaried,1,295117,120,Good,337431,0.13776646931752254,0,450169,0,1,Car,0
24,433224,Self-Employed,1,770290,36,Bad,365861,0.8445057418200704,1,940716,2,1,Business,1
62,143038,Self-Employed,30,858883,24,Good,724648,5.066086871412692,0,1103928,1,1,Education,1
43,976395,Business,7,973060,180,Good,368980,0.3778999504299485,0,1329492,0,1,Home,0
57,2346357,Self-Employed,9,224830,60,Average,342469,0.14595769273060633,0,199538,0,0,Business,0
43,2268137,Self-Employed,4,1706923,180,Bad,286927,0.12650332563538902,1,1457355,1,1,Business,1
41,2276183,Salaried,4,408932,120,Good,236929,0.10409044260042247,1,1062372,2,0,Car,0
48,535886,Salaried,0,1380794,36,Average,552219,1.0304765743524287,0,281137,2,0,Business,1
52,822856,Business,23,1222867,12,Bad,24300,0.029531255126954016,0,110888,2,0,Business,0
42,1383654,Salaried,16,1974411,120,Good,433647,0.3134068824959979,0,56436,5,0,Personal,0
54,2275964,Self-Employed,19,1463859,12,Good,254948,0.11201753981278272,0,362982,4,1,Personal,0
47,1070894,Business,16,1961519,12,Bad,78121,0.07294926206584212,0,137948,0,1,Education,0
52,1521495,Salaried,2,1742789,12,Good,20378,0.013393397025033256,0,550856,0,0,Personal,0
57,227014,Business,29,1653660,36,Good,719710,3.1703191419069223,0,1103637,5,0,Education,1
38,1529936,Self-Employed,6,561092,180,Bad,779555,0.5095340527093599,0,1310142,4,0,Home,0
60,1544032,Business,24,710495,120,Average,324509,0.21016973082829188,1,348097,3,1,Home,0
63,675281,Salaried,4,702526,36,Average,771845,1.142996555513104,0,1165323,0,0,Business,0
62,1434608,Salaried,15,1368146,36,Good,70031,0.04881539151085766,0,229645,0,0,Home,0
58,558330,Business,1,857798,36,Bad,413961,0.7414257850629824,1,960586,1,1,Car,1
57,1072473,Business,3,897065,24,Good,389605,0.36327687198011327,0,1344641,1,1,Personal,0
36,1916475,Self-Employed,8,861414,120,Average,508180,0.2651637693349669,1,1235558,0,0,Personal,0
57,764344,Salaried,12,1723614,120,Good,470683,0.6157991482903663,0,1014230,3,0,Education,0
23,1541414,Business,2,712104,120,Good,612597,0.39742509317737273,1,375865,0,1,Home,0
32,832856,Salaried,8,1872584,36,Bad,257058,0.30864602206621305,1,1019775,1,0,Personal,1
44,1529709,Business,16,1943931,12,Average,17352,0.011343326512868452,0,456994,1,0,Home,0
56,2238797,Self-Employed,5,1392495,120,Good,528409,0.23602352691042247,1,259806,4,0,Education,0
58,1668388,Self-Employed,18,537245,120,Average,95011,0.05694775019494854,1,983908,2,0,Business,0
47,1623233,Salaried,21,1027473,120,Good,743635,0.4581194085387566,0,1903,0,1,Car,0
24,1517254,Self-Employed,2,823341,60,Average,361063,0.2379712045766862,0,676801,2,0,Home,0
21,262582,Self-Employed,0,740051,60,Average,521017,1.984199281750913,1,68309,2,1,Home,1
30,671665,Self-Employed,0,387456,180,Bad,247663,0.3687293982425789,0,975723,3,0,Education,0
50,441373,Self-Employed,15,1024152,12,Average,410299,0.929594856063112,0,569457,3,0,Personal,0
40,1375358,Self-Employed,0,1498995,60,Bad,715132,0.5199602431074359,1,880957,3,0,Home,1
43,1519239,Business,12,1154215,180,Average,564973,0.37187870250914934,0,217501,3,1,Business,0
50,1157592,Self-Employed,0,1980696,24,Average,451737,0.3902381925253522,0,1358103,0,0,Personal,0
59,1959724,Business,14,150924,120,Good,412136,0.2103029761828828,1,42928,0,0,Home,0
26,1968595,Self-Employed,3,437855,12,Average,770452,0.39137131234646416,1,902414,1,1,Personal,0
24,2477378,Self-Employed,1,1374416,12,Average,390877,0.1577784424587437,0,7564,5,0,Education,0
38,2310847,Salaried,10,280953,60,Bad,712284,0.3082348990500457,0,218371,0,0,Personal,0
56,1429091,Business,27,857340,60,Good,656775,0.45957503085875506,0,1088852,2,1,Car,0
64,728657,Business,24,144957,180,Good,232872,0.3195902604514052,1,339460,5,1,Home,0
28,338091,Self-Employed,4,167982,24,Average,248668,0.7355039456715924,1,267560,3,0,Home,1
23,1161750,Salaried,0,1866012,180,Bad,259463,0.22333787532784563,1,517656,4,0,Education,1
61,830660,Business,7,1187667,120,Good,143016,0.1721713189857234,0,262459,5,1,Home,0
42,2315986,Business,12,1731762,180,Good,313155,0.13521448954592577,1,982048,5,0,Personal,0
21,2068810,Salaried,0,1259615,180,Good,615619,0.2975714069579096,1,553086,4,0,Personal,0
59,1530091,Salaried,37,1459751,24,Bad,91897,0.0600597872546226,0,1190733,4,0,Home,0
42,1489572,Self-Employed,14,1206869,60,Average,264704,0.17770461736349946,1,742419,0,1,Car,1
56,2463749,Salaried,1,1118674,12,Bad,232454,0.09434967021816337,0,435952,0,0,Car,0
61,498482,Salaried,4,1756456,180,Good,203877,0.4089948904977702,1,1010001,0,0,Business,0
45,635501,Self-Employed,14,1899028,12,Bad,92816,0.1460514679733502,0,1041556,4,1,Education,0
43,1316394,Business,9,904224,120,Bad,367800,0.27939942038673804,1,1403968,4,0,Car,1
27,786699,Business,1,1906253,180,Average,653312,0.8304461675352739,0,1292435,3,1,Education,1
51,306179,Business,25,1282651,60,Bad,179861,0.5874354954601868,0,958077,0,0,Home,1
23,346805,Business,0,1704028,60,Good,504460,1.4545884442599033,1,178164,0,1,Car,1
38,1669051,Business,0,570069,12,Bad,441624,0.26459571061896214,1,908694,4,1,Education,1
46,2097219,Salaried,5,288242,24,Bad,443376,0.2114112968596523,0,160024,3,0,Car,0
21,897309,Salaried,0,1844371,120,Good,502550,0.5600628545318787,0,77538,1,1,Education,0
42,2003486,Self-Employed,0,179210,24,Bad,301970,0.15072221581672354,0,975389,0,0,Business,0
39,433556,Salaried,17,976657,180,Good,308357,0.7112259749006474,1,510866,2,1,Business,1
57,495102,Salaried,28,80907,60,Good,95707,0.19330725121843334,0,391329,0,0,Personal,0
45,779326,Salaried,20,1284081,60,Good,676761,0.8683915737553043,1,152611,2,1,Personal,1
43,1232110,Self-Employed,9,86555,120,Bad,500651,0.40633595512092663,0,621203,2,0,Car,0
62,1483644,Self-Employed,36,941699,60,Bad,386651,0.2606088383676688,1,1027137,3,0,Business,1
36,691299,Business,1,1036072,180,Good,764669,1.106131925358021,0,298815,4,1,Personal,0
48,870793,Self-Employed,12,414118,36,Good,775775,0.8908823441594682,0,1176914,0,0,Business,0
37,1176435,Salaried,3,226549,180,Bad,137858,0.11718274517270807,1,885429,1,1,Business,1
38,760006,Self-Employed,2,922827,120,Bad,69745,0.09176889160231419,1,88915,3,0,Education,1
39,1408040,Self-Employed,15,1621429,36,Average,533995,0.37924676909266136,0,679739,5,1,Car,0
44,2203294,Salaried,12,1178435,36,Good,360614,0.16367032104189408,0,1372299,5,0,Business,0
24,374557,Self-Employed,0,1691743,180,Bad,116506,0.3110492900965939,0,566403,0,1,Business,1
64,812669,Self-Employed,20,1018170,36,Bad,224535,0.2762929602421647,0,394283,1,0,Car,0
61,303863,Salaried,13,781825,180,Good,303204,0.9978279756733276,1,555699,4,0,Business,1
21,1855538,Business,0,1999033,180,Good,508311,0.27394250403791026,1,1121316,3,0,Business,1
26,320660,Business,2,1680716,36,Good,667373,2.081241560401795,1,1413744,5,1,Car,1
35,644966,Salaried,3,735712,24,Average,664458,1.030220150798413,0,663819,2,0,Car,0
64,190442,Self-Employed,26,362496,36,Bad,309351,1.6243757974827113,0,513259,4,0,Home,1
29,502762,Self-Employed,2,1257014,180,Good,766876,1.5253230647442235,1,1423102,4,1,Education,1
55,2463599,Salaried,9,1612070,36,Good,128934,0.0523356064296152,1,1482712,3,1,Home,0
35,1951273,Business,11,1625355,180,Good,59382,0.030432425174527003,0,77096,3,0,Personal,0
25,2130598,Business,1,1758798,36,Average,255178,0.1197681966432914,1,850281,2,1,Personal,1
38,1538635,Salaried,15,785002,120,Bad,328035,0.21319857328178984,1,1166736,0,0,Personal,1
41,1487582,Business,12,147186,120,Bad,308762,0.20755951096510245,1,1131350,0,0,Personal,1
31,248081,Self-Employed,0,1970552,12,Good,146451,0.5903330350448642,0,578886,4,0,Personal,1
36,622550,Business,15,1361664,60,Average,399056,0.6410012994919292,1,1494906,2,1,Car,1
62,1343137,Self-Employed,13,1404998,180,Bad,282278,0.21016306589494155,1,856152,3,1,Education,1
31,583920,Self-Employed,2,1210764,12,Bad,464042,0.7946999679751199,0,512142,5,1,Business,1
35,1642172,Self-Employed,8,1848354,180,Average,368599,0.2244580808477548,0,720924,5,0,Education,0
25,1526101,Salaried,4,1277697,60,Good,368499,0.2414642009511815,0,448496,5,0,Car,0
49,326691,Self-Employed,16,724451,180,Good,387697,1.1867355184699961,1,1326597,5,0,Education,1
60,652639,Self-Employed,23,458864,24,Good,319692,0.4898443245893601,1,109538,5,0,Home,1
60,1410085,Business,15,1011984,24,Good,432233,0.3065295308229427,1,1087829,1,0,Car,0
34,206967,Salaried,4,609152,36,Average,274637,1.3269539252444822,0,5337,1,1,Education,1
56,358913,Self-Employed,6,784694,12,Good,282028,0.7857815521266933,0,9074,5,1,Education,1
48,1387173,Self-Employed,19,582912,36,Bad,255160,0.18394231725796475,0,944760,0,1,Car,0
46,193106,Business,15,50617,120,Average,110988,0.5747487144432879,1,387529,5,1,Education,1
34,677512,Self-Employed,4,1127570,60,Bad,324583,0.4790801062119841,1,809446,5,1,Business,1
59,856415,Business,38,1538909,120,Bad,246763,0.2881345047266749,1,875067,2,0,Business,1
21,2123564,Self-Employed,0,1403308,24,Bad,13302,0.006263994744686412,1,1497552,2,0,Car,1
51,1359273,Salaried,18,830638,36,Average,371878,0.27358575239429284,0,1497115,2,1,Personal,0
52,680725,Business,11,1763593,180,Bad,612277,0.899447060932005,1,1148841,4,1,Car,1
64,1034958,Salaried,37,1947682,36,Average,205342,0.1984059271913187,1,724412,1,1,Business,1
25,342202,Business,1,76004,60,Average,799602,2.336630596458827,1,475710,2,1,Home,1
56,1653403,Salaried,19,1953716,24,Average,560483,0.3389873255417309,1,1176714,0,0,Personal,1
23,478948,Self-Employed,2,69348,120,Average,56057,0.11704168919864119,0,691441,1,0,Business,0
21,538070,Business,0,1070266,60,Average,280176,0.5207045166901766,1,1365399,0,0,Car,1
27,1480742,Salaried,2,618525,60,Average,664893,0.4490266035361977,0,1013832,2,0,Personal,0
58,1377448,Salaried,32,296888,60,Good,536107,0.3892027944410283,1,536479,3,0,Car,0
46,1832698,Business,16,940781,12,Average,700304,0.3821162122094245,1,207941,1,1,Business,0
35,1784256,Business,12,743167,60,Average,441249,0.24730125761031063,0,418428,5,1,Car,0
39,1217846,Business,1,52292,36,Good,378936,0.3111523861371749,0,1033259,3,0,Car,0
60,1803850,Business,1,1624144,36,Good,456696,0.2531783390091532,0,1025819,3,0,Education,0
61,366522,Salaried,29,547019,60,Average,795066,2.1692117547875576,1,330694,3,1,Business,1
42,793241,Business,9,206627,24,Average,303565,0.38268901545808215,0,158404,4,1,Business,0
26,1259067,Self-Employed,0,1406878,36,Bad,578086,0.45913802908182877,0,969639,3,1,Education,1
22,2003089,Self-Employed,0,368100,180,Bad,68486,0.034190176177805294,1,184764,3,1,Car,1
39,1033736,Self-Employed,11,57661,36,Average,167261,0.16180227659453034,1,1279942,1,1,Education,0
37,1312139,Self-Employed,2,1439588,24,Good,193101,0.14716493666834332,1,558642,1,0,Personal,0
61,1524681,Self-Employed,35,1062786,60,Bad,498448,0.32691931825784,1,254936,4,0,Personal,1
47,1665152,Salaried,0,187213,24,Good,327124,0.19645281844971604,0,843599,1,0,Home,0
53,211477,Salaried,5,971134,12,Average,637934,3.0165501848892085,0,865976,4,1,Education,1
40,984853,Business,15,1073550,36,Good,601518,0.6107687027721875,1,634410,5,1,Home,1
50,2379434,Business,2,1085191,36,Average,196119,0.08242250786426189,1,1304560,4,0,Education,0
33,2412959,Business,4,323611,24,Bad,139271,0.057717906637490886,0,27095,3,1,Education,0
36,1953633,Business,2,1015215,60,Bad,552592,0.2828533901437014,0,986369,1,1,Home,0
64,2288272,Self-Employed,37,927232,12,Bad,74625,0.03261193048207098,0,931143,5,0,Personal,0
26,709704,Business,0,1158932,12,Bad,273254,0.38502476381031553,1,241549,2,0,Business,1
29,749923,Self-Employed,3,1211678,12,Bad,784002,1.0454419381163957,1,416918,1,0,Home,1
29,921637,Self-Employed,2,825217,60,Average,322351,0.3497587990078534,1,545282,1,0,Personal,1
22,374457,Business,0,1207078,60,Bad,30569,0.08163532358769207,1,1159278,2,0,Business,1
60,648252,Salaried,17,1473514,120,Average,280202,0.43224173278025707,1,222374,2,0,Personal,1
45,2364486,Salaried,24,543441,12,Good,749861,0.3171347526968852,0,666244,5,0,Education,0
38,1514467,Business,3,867495,60,Average,614484,0.4057424785469221,0,954040,0,1,Car,0
40,1460804,Business,2,1871981,120,Bad,238875,0.16352285212605377,0,581300,2,1,Education,0
27,1632361,Business,2,258758,36,Average,8157,0.004997053349685915,0,1029921,0,1,Business,0
32,143349,Business,9,361322,180,Bad,776204,5.414747122427625,1,205732,4,1,Home,1
52,207687,Self-Employed,5,113196,12,Bad,508370,2.4477581757251263,0,32400,1,1,Education,1
53,515916,Salaried,26,1041849,36,Average,708289,1.3728739312718907,1,608895,4,0,Personal,1
43,1583232,Self-Employed,0,1602255,24,Good,557235,0.35196019789885635,0,335676,1,0,Home,0
35,2451992,Self-Employed,0,308810,60,Average,344985,0.1406957523940729,1,464279,4,1,Car,0
62,898161,Salaried,40,425915,120,Bad,668284,0.7440573081470826,1,1294487,4,0,Home,1
31,2117992,Salaried,8,837576,120,Bad,430518,0.20326696075010636,1,650511,3,0,Personal,1
37,2458839,Self-Employed,5,1099113,36,Average,638521,0.2596838346537392,0,1125128,5,0,Education,0
39,284379,Self-Employed,6,1798780,24,Average,683989,2.40519375483508,0,420991,5,1,Home,1
57,840143,Salaried,35,91988,36,Average,448668,0.5340370222247615,0,811250,5,1,Home,0
56,228336,Salaried,15,435718,24,Good,794977,3.4815951860627057,0,757354,1,1,Car,1
57,714399,Self-Employed,31,573931,24,Average,610780,0.8549552071668532,0,651288,5,0,Business,0
47,736764,Salaried,11,371893,60,Average,795923,1.0802942593635692,0,839532,1,1,Personal,0
44,2226055,Business,18,1418502,180,Good,77261,0.03470757249593002,0,81604,4,0,Home,0
35,2242595,Self-Employed,0,1542432,60,Average,115155,0.05134897235168528,0,130560,4,0,Personal,0
38,2202185,Business,17,199232,24,Good,439421,0.19953854942316407,1,1373000,5,1,Home,0
50,2060940,Salaried,19,771907,120,Good,417502,0.2025783367888746,1,951085,2,0,Personal,0
33,1457439,Self-Employed,0,884882,180,Bad,540480,0.3708420243715007,0,1120388,0,0,Business,0
25,808484,Salaried,3,725489,120,Bad,640572,0.7923115456687508,0,334294,0,1,Education,1
25,2397438,Business,3,1287531,60,Bad,446661,0.18630755568754825,0,368298,5,1,Home,0
46,1558782,Business,8,1795976,120,Good,321343,0.2061499259358102,1,843471,0,1,Education,0
38,2397004,Business,10,991932,180,Good,256599,0.10704983927859975,0,21497,4,1,Personal,0
64,219456,Business,8,1617427,36,Good,657243,2.994860040919178,0,278795,4,0,Home,1
29,1952096,Self-Employed,5,1279183,180,Good,454516,0.23283474130640025,0,1428258,5,1,Business,0
40,2305793,Business,11,1705833,12,Average,280361,0.12158978642497985,1,96844,5,1,Personal,1
52,307922,Business,21,1614480,36,Bad,767800,2.493480512985389,1,181514,1,0,Personal,1
39,520722,Self-Employed,11,484242,120,Bad,701430,1.3470309550375152,1,1228599,1,1,Home,1
25,312407,Salaried,2,846325,12,Good,156226,0.5000704207318635,1,89854,5,1,Education,1
32,2388979,Business,10,1523150,12,Average,219046,0.09169017739788529,1,387002,1,0,Personal,0
21,667919,Business,0,317951,120,Good,780910,1.169166966103725,0,654472,4,0,Personal,0
28,2155900,Self-Employed,4,1129008,24,Bad,100458,0.046596759313159555,1,407443,1,1,Business,1
42,611340,Self-Employed,6,1327258,180,Bad,738001,1.2071838793733776,1,1074366,5,0,Personal,1
53,827906,Business,0,1507699,60,Bad,473221,0.5715871468655296,1,1223411,4,1,Personal,1
31,1578382,Self-Employed,4,854172,180,Good,176800,0.11201337064578115,0,351525,4,1,Business,0
44,853456,Self-Employed,17,359911,36,Average,115737,0.13560964407111314,0,1252007,4,0,Car,0
34,631908,Self-Employed,5,1950129,120,Good,729178,1.1539288093697035,0,1483227,0,0,Education,0
42,338299,Self-Employed,10,799497,60,Bad,86549,0.2558350576411469,1,1477305,4,1,Education,1
36,731144,Salaried,12,908441,12,Bad,272766,0.373066901914121,1,118192,0,1,Personal,1
41,1632624,Self-Employed,9,335095,12,Average,641197,0.39273991271724984,0,1245589,1,0,Business,0
41,1814386,Self-Employed,17,181469,180,Good,538953,0.2970441256468438,0,288520,1,0,Car,0
33,2063312,Salaried,6,854760,36,Bad,172469,0.08358838431202634,1,693519,2,1,Car,1
43,693286,Salaried,21,1200880,60,Average,412264,0.594651277176696,1,1360937,4,1,Business,1
38,1945726,Self-Employed,13,1951147,180,Bad,333975,0.17164535415297213,0,958652,3,1,Home,0
39,2473100,Business,0,330372,120,Bad,262190,0.10601669725579344,1,328499,0,0,Education,1
31,1184506,Self-Employed,4,130823,12,Good,362665,0.30617379213461804,0,723782,0,1,Car,0
23,292827,Business,0,57293,36,Good,592830,2.0244990233174422,0,1109104,4,0,Home,0
42,2122991,Salaried,11,209506,36,Good,578957,0.2727080460029995,0,279746,2,0,Home,0
53,1284608,Business,25,607193,24,Bad,177996,0.13856044913277113,0,1299242,5,1,Home,0
55,2397352,Salaried,7,1065866,180,Good,115458,0.04816061714732874,0,131460,4,1,Home,0
51,184333,Business,4,1209506,180,Average,523940,2.8423405340306185,1,1315572,3,0,Car,1
22,804408,Salaried,0,797910,60,Bad,113120,0.1406249805758016,1,600884,1,0,Personal,1
62,1619909,Business,6,1893217,60,Good,577770,0.35666796303498344,0,824629,4,0,Personal,0
39,1288190,Business,3,501698,24,Good,613772,0.47646040067039747,0,931482,2,0,Personal,0
54,2008840,Business,7,1415332,120,Average,633453,0.3153325723638655,1,1034460,0,1,Car,1
33,209169,Salaried,5,1256646,120,Bad,668181,3.1944399292441554,0,544158,2,1,Education,1
62,2236285,Business,41,859791,120,Good,716745,0.32050685824621716,0,34173,3,0,Education,0
60,211975,Self-Employed,19,341547,180,Good,723397,3.4126363361890024,0,115625,0,1,Education,1
48,1821364,Salaried,24,526352,120,Good,425832,0.23379827766537734,1,1426611,2,1,Car,0
44,2387708,Salaried,15,995057,180,Bad,673939,0.282253406926891,1,144086,3,0,Home,1
62,1094005,Self-Employed,34,431230,60,Bad,560685,0.5125063299470021,1,335446,3,1,Business,1
30,2460970,Salaried,7,1566158,60,Bad,402550,0.16357364633715715,1,1124424,3,0,Education,1
37,1294806,Self-Employed,14,1884098,120,Bad,732635,0.5658256404236307,1,659429,4,1,Personal,1
60,1164369,Salaried,20,1016606,36,Average,563458,0.4839166244406847,0,176173,1,0,Car,0
35,598078,Self-Employed,12,952196,180,Good,140435,0.2348101170581144,1,921274,4,1,Education,0
46,2291112,Business,22,1192834,120,Good,127640,0.05571091430234999,0,503619,3,1,Business,0
30,135573,Self-Employed,2,59554,60,Average,229726,1.694469441043268,0,1010312,4,1,Car,0
57,2434822,Salaried,23,972238,60,Average,59617,0.02448514738032292,1,998202,0,0,Personal,0
46,2292347,Salaried,13,1782853,24,Bad,774726,0.33796177543723727,1,1263298,3,0,Home,1
42,1449078,Self-Employed,5,672317,180,Bad,521579,0.3599382780372913,0,83857,3,1,Home,0
51,312830,Self-Employed,6,1462612,36,Good,56235,0.1797615965169692,1,297448,4,1,Home,1
63,992163,Business,13,619145,120,Good,141483,0.1426004168665664,0,1318545,0,1,Home,0
36,2260479,Self-Employed,4,1920322,60,Good,200344,0.0886289637599094,0,390811,0,1,Car,0
32,659610,Salaried,9,454407,120,Good,407881,0.6183659763102799,0,848057,4,0,Personal,0
37,955671,Salaried,10,1606399,12,Average,366727,0.3837373073606844,1,1276697,2,0,Car,1
35,1237350,Business,1,1953282,12,Average,332616,0.2688129722285754,1,521777,4,1,Personal,1
43,711392,Self-Employed,18,670684,60,Good,702175,0.9870423240037504,0,565013,3,0,Business,0
53,1985037,Salaried,26,863017,12,Average,58271,0.029355105544578996,1,974877,2,1,Personal,0
46,519953,Salaried,12,508710,12,Average,478955,0.9211487939317708,0,1434094,3,0,Business,0
61,1057212,Self-Employed,29,1483487,36,Bad,483069,0.4569268444485643,0,52934,5,1,Business,1
61,502238,Self-Employed,12,1449784,120,Bad,273916,0.5453897447231298,0,488830,3,1,Personal,1
39,1203606,Business,14,1567681,60,Average,670919,0.5574236440964534,0,208920,5,1,Personal,0
58,555033,Self-Employed,2,697940,12,Good,477628,0.8605382733310032,1,1228029,3,0,Home,1
32,178724,Business,5,1675379,12,Average,531629,2.9745642747237375,0,679644,2,0,Car,1
57,491604,Self-Employed,27,1444245,60,Good,150013,0.30514945942372435,0,1466811,3,1,Business,0
33,543399,Business,10,1658791,60,Good,6395,0.011768494663231505,0,1279698,4,0,Personal,0
57,2301180,Self-Employed,2,104497,120,Average,102300,0.04445543397064377,1,22466,2,1,Personal,0
63,1309135,Business,33,212003,24,Good,347435,0.2653925948106232,1,79220,4,1,Car,0
59,764813,Self-Employed,34,939725,180,Good,63818,0.08344251020509562,0,896757,3,1,Home,0
50,877044,Self-Employed,25,1271019,180,Good,171313,0.19532977213255875,0,1676,2,0,Home,0
44,2409527,Salaried,0,59431,24,Bad,657297,0.272790770640557,1,1007545,1,1,Car,1
49,526688,Business,7,476363,36,Bad,615684,1.1689706828887636,1,1365374,0,1,Business,1
56,1386700,Business,24,1309065,24,Good,372567,0.26867147279766873,0,1155617,3,1,Car,0
39,950833,Business,9,143220,180,Good,559978,0.5889335046916707,0,619648,3,1,Car,0
23,1943991,Self-Employed,2,1891967,60,Average,415890,0.21393606558051678,1,140631,4,0,Education,1
60,1758533,Salaried,15,1699503,60,Good,650430,0.36987058538532663,0,947362,4,0,Business,0
25,743652,Self-Employed,3,1417256,120,Good,603872,0.8120346451907005,0,882391,2,1,Car,0
62,811298,Business,39,671504,36,Good,781575,0.9633624594631572,1,1031391,2,0,Car,1
27,1092473,Business,5,1359050,60,Bad,212911,0.19488884861333083,1,493798,4,0,Personal,1
62,1738684,Salaried,2,1108566,24,Average,12778,0.007349232322128505,0,957644,4,0,Home,0
45,2155424,Business,4,1158447,12,Bad,116445,0.05402414836981106,1,1399593,4,0,Home,1
25,564733,Self-Employed,0,117145,36,Good,683226,1.2098191360888488,1,1170485,3,1,Personal,1
23,982911,Business,2,815825,36,Good,317744,0.3232680036463081,1,1292015,4,1,Education,0
30,195475,Business,2,835787,12,Average,522402,2.6724610693895925,1,1376993,4,0,Personal,1
56,2249719,Salaried,2,354308,24,Average,526274,0.23392866667852,0,296127,2,1,Home,0
37,1684525,Salaried,6,410692,60,Good,125605,0.07456400198037905,0,1357607,2,1,Personal,0
39,1692996,Self-Employed,4,376541,180,Good,714800,0.4222098444356369,1,951359,3,0,Education,0
60,336994,Salaried,20,1964372,36,Good,696438,2.0666122642769182,0,387832,1,0,Home,1
44,1396327,Business,10,237388,60,Average,64817,0.04641960914627509,0,1406668,5,1,Car,0
21,1405286,Self-Employed,0,1585369,36,Average,252673,0.179801705986037,1,144446,4,1,Personal,1
36,179133,Business,6,1035433,120,Bad,339482,1.8951287862717296,1,977128,5,1,Education,1
53,1834591,Business,8,1498202,60,Good,453604,0.24725061485060437,1,1412421,5,1,Car,0
60,284750,Salaried,29,1059361,120,Bad,411723,1.4459053699548026,0,1241334,3,0,Business,1
24,2076152,Salaried,3,1470981,120,Average,722511,0.3480046990756462,0,92874,5,0,Home,0
44,447590,Self-Employed,23,1379550,12,Bad,494832,1.105545017661213,0,8014,1,0,Car,1
48,2409955,Salaried,21,905184,120,Good,152931,0.06345800504241571,0,478805,4,0,Business,0
42,2044426,Self-Employed,3,1323067,60,Bad,209948,0.10269283275949692,1,1071263,5,0,Business,1
38,1974636,Business,13,365970,24,Good,459966,0.23293699044431965,0,744886,2,1,Education,0
42,1407510,Salaried,3,1982108,180,Good,179065,0.12722103059940562,0,252572,4,0,Education,0
30,1786508,Business,7,1381472,12,Good,798053,0.4467108757918376,1,42369,0,0,Car,1
64,1779737,Self-Employed,37,1393396,24,Good,113982,0.06404425819980245,1,1232152,0,0,Home,0
48,1344981,Salaried,2,1410694,180,Good,740100,0.5502675872242156,1,65702,3,0,Business,1
52,586761,Business,7,327136,120,Bad,586340,0.9992807986883949,0,761422,3,0,Car,0
29,1233759,Self-Employed,6,1143578,120,Bad,439995,0.3566293282323953,0,746444,1,0,Home,0
29,2176297,Business,4,1208845,12,Average,361450,0.16608479169672535,1,439573,1,1,Business,0
41,434291,Salaried,13,1103732,120,Bad,169623,0.3905736232765052,1,1159237,1,1,Personal,1
35,405212,Salaried,3,1255321,24,Bad,147227,0.36333237087655135,1,570,2,1,Personal,1
29,1881428,Self-Employed,3,926021,36,Bad,534589,0.2841398745315396,0,726403,5,1,Personal,0
46,561575,Salaried,15,119191,36,Average,540635,0.9627103010100146,1,22053,0,1,Education,1
21,1574096,Salaried,0,679104,12,Average,31403,0.019949850612764015,1,375691,5,0,Education,0
27,634503,Business,2,1004928,180,Good,128391,0.20234860615535916,0,217307,2,1,Home,0
50,645002,Self-Employed,19,1343041,180,Bad,467983,0.7255516641007871,1,1393048,3,1,Education,1
29,799484,Salaried,0,1185527,120,Good,279655,0.349793929842336,1,578876,2,0,Business,1
36,2381774,Self-Employed,4,691155,36,Average,394394,0.1655882692529731,0,1247590,2,1,Personal,0
57,597900,Self-Employed,36,740663,180,Bad,516308,0.8635342640336778,0,1133642,2,0,Car,1
48,876553,Business,4,1882572,12,Good,469303,0.5353954234422523,0,55103,0,0,Car,0
45,2155936,Salaried,16,91456,24,Average,501728,0.2327192306639758,0,270808,0,1,Personal,0
29,786074,Self-Employed,8,1205267,36,Good,641224,0.8157287790605222,0,1002190,4,1,Personal,0
34,1670676,Self-Employed,8,569102,36,Average,696438,0.4168597520645822,0,560552,4,0,Personal,0
24,469001,Self-Employed,2,819396,36,Average,624264,1.33104762879476,1,697522,0,1,Education,1
38,348745,Salaried,14,901726,36,Bad,495498,1.4207990916024844,1,1247655,5,1,Personal,1
62,1220904,Self-Employed,36,105443,120,Average,481121,0.394069153619651,1,215189,1,1,Car,0
36,1362185,Salaried,4,1398668,120,Good,113612,0.08340417534756633,1,443318,2,1,Car,0
22,170373,Salaried,0,919002,60,Average,293064,1.7201216148003804,0,952697,2,0,Personal,1
56,1004315,Business,22,1156842,180,Bad,117847,0.1173405581510202,0,1016205,5,0,Personal,0
55,1094356,Self-Employed,12,1306391,24,Good,185323,0.16934419024139288,1,429025,4,1,Car,0
62,2173398,Salaried,8,1306060,60,Bad,744227,0.34242538990769755,1,954678,5,1,Education,1
36,133144,Salaried,1,1368369,60,Bad,429861,3.22851778136618,1,708034,3,1,Home,1
39,1430220,Salaried,16,1945117,24,Average,692693,0.4843258489422264,0,840490,2,0,Business,0
49,878641,Business,1,331206,60,Bad,553780,0.6302680727759429,1,762439,5,1,Business,1
54,1890313,Salaried,7,1397526,36,Good,74457,0.0393886941534581,0,594173,2,0,Personal,0
52,1632274,Business,23,466718,36,Average,203265,0.12452864866520653,0,245365,4,1,Home,0
39,519456,Self-Employed,6,157889,36,Good,310688,0.5981014790444638,1,32895,3,1,Car,1
37,724741,Salaried,11,335395,36,Good,584332,0.8062620905094503,1,158795,5,0,Home,0
41,1080820,Salaried,17,971883,24,Average,106371,0.09841685163408187,1,1190953,2,1,Personal,1
26,346707,Self-Employed,4,1273901,24,Good,413924,1.1938691925193534,0,720323,5,0,Education,1
33,2045238,Salaried,2,1180333,180,Average,105385,0.05152698535476783,1,1378627,0,1,Business,0
51,159150,Business,11,1340559,24,Average,323406,2.032070172352043,0,109756,4,1,Home,1
46,2369404,Self-Employed,25,1379545,24,Bad,92811,0.03917059346122761,0,1442809,5,0,Car,0
60,166260,Self-Employed,20,498162,180,Bad,702022,4.2224093443441335,0,994897,2,1,Business,1
55,931201,Self-Employed,31,740574,60,Bad,32492,0.034892536742833456,0,1268691,1,0,Education,0
44,361495,Business,7,1803071,24,Good,457851,1.2665451346626242,0,858095,1,1,Education,1
61,527050,Self-Employed,25,733933,60,Average,790698,1.500230527975471,1,1086289,1,0,Education,1
29,1723336,Self-Employed,0,265750,60,Average,143103,0.08303831461867296,1,85675,2,1,Business,0
62,2129010,Self-Employed,15,336757,24,Average,65266,0.03065554851524957,0,209816,4,1,Home,0
39,1388026,Business,15,309751,24,Good,392455,0.28274305903271335,1,360069,4,0,Car,0
50,1810475,Salaried,1,1773028,60,Bad,422131,0.23316022968545289,1,504120,3,1,Personal,1
26,302974,Self-Employed,3,1076693,180,Bad,466683,1.5403350111395329,0,13699,4,0,Home,1
29,682631,Self-Employed,6,1094995,120,Good,633273,0.9276931055092641,0,1373732,5,1,Business,0
62,1286798,Salaried,34,107009,36,Good,607,0.0004717131424565919,1,1039586,2,1,Home,0
30,1806736,Salaried,8,480241,24,Good,638523,0.35341225646012675,0,849924,1,1,Business,0
52,1255627,Self-Employed,19,506076,180,Average,492884,0.392539828675372,1,852719,5,0,Car,0
53,547189,Salaried,31,1201563,60,Bad,584749,1.0686397777737167,1,646499,5,1,Personal,1
48,2377899,Self-Employed,1,1623724,12,Good,639820,0.2690693469027293,0,814050,4,0,Car,0
54,2210898,Self-Employed,8,924099,12,Good,22878,0.01034782683424254,1,601248,2,1,Education,0
22,1099022,Self-Employed,0,1222024,60,Bad,224094,0.20390292104896804,1,284728,2,0,Personal,1
35,1580237,Self-Employed,10,355957,12,Good,134802,0.08530487179779249,0,535972,2,0,Home,0
24,2278472,Self-Employed,0,344768,36,Good,731815,0.3211866017284383,1,1314446,0,1,Home,0
57,2446787,Salaried,25,707203,12,Average,720820,0.2945984695036922,0,1044578,5,1,Home,0
61,215324,Business,23,538963,36,Bad,205908,0.9562661093695577,0,324262,4,1,Education,1
43,2415015,Self-Employed,20,973966,60,Bad,214650,0.08888139871537083,0,551848,0,1,Home,0
51,467493,Salaried,12,235084,180,Average,204228,0.4368569436185277,1,265076,2,1,Personal,0
21,1936797,Salaried,0,439585,12,Bad,407623,0.21046231976695556,1,463735,1,0,Home,1
60,2216825,Self-Employed,14,557922,180,Average,117257,0.052894092725365,0,638935,2,0,Home,0
51,982735,Self-Employed,15,1021547,120,Average,70845,0.07208955406131454,0,689299,2,0,Car,0
29,1967143,Salaried,1,240828,36,Good,516076,0.2623478504878138,1,1029518,4,0,Car,0
50,1375215,Business,7,842154,36,Good,242778,0.17653808565345372,0,394057,3,0,Education,0
26,1724980,Salaried,0,79402,36,Average,490501,0.28435153778505384,0,298613,0,1,Education,0
41,180269,Business,5,1092576,120,Bad,562686,3.121351306373773,1,674698,3,1,Business,1
25,1325823,Salaried,3,1599954,12,Good,505150,0.38100833896505115,1,1441640,5,1,Car,0
22,895681,Self-Employed,1,296923,12,Bad,541953,0.6050730058212624,1,469608,4,1,Car,1
36,670072,Business,14,1767741,36,Good,120451,0.17975802636429164,1,1090762,4,0,Personal,0
44,1538449,Salaried,4,78093,180,Average,74625,0.0485066137996035,1,1274638,2,1,Car,0
47,2192567,Salaried,16,1875135,120,Bad,224494,0.10238861462905598,1,1209046,2,0,Education,1
50,1752535,Salaried,18,1551499,36,Average,116700,0.06658921699753957,0,25391,3,1,Car,0
61,280412,Business,5,426754,120,Average,376703,1.3433863622585258,1,1042718,4,1,Business,1
41,1258119,Salaried,11,1288024,24,Bad,6037,0.004798429402600706,0,705667,4,0,Car,0
54,1445186,Business,27,464809,36,Good,575985,0.39855395876104616,0,1003124,5,1,Car,0
54,1236430,Business,7,1012991,36,Average,549602,0.4445068103274667,0,947955,3,1,Education,0
57,2309366,Business,11,147170,120,Average,258744,0.11204109177969547,1,1263069,4,1,Business,0
57,464779,Salaried,18,1781809,36,Good,678918,1.4607298076509316,1,191195,3,1,Personal,1
49,1152945,Business,17,971254,36,Bad,667241,0.5787270175706408,1,278963,5,1,Education,1
40,1194387,Self-Employed,10,1398417,120,Bad,585484,0.49019581576506127,0,411560,0,1,Business,1
35,1330679,Salaried,5,110574,180,Bad,460476,0.34604563080530254,1,57529,3,1,Business,1
42,1164431,Salaried,9,1754220,120,Good,441299,0.378982199046402,0,168923,2,1,Personal,0
64,2021444,Self-Employed,41,1264949,12,Average,688052,0.34037631496281123,1,694707,5,0,Car,0
64,2281522,Self-Employed,1,1726140,120,Bad,258741,0.11340714075641578,1,1050963,2,0,Personal,1
33,2221977,Salaried,2,981373,180,Good,510407,0.22970839495260528,1,1064027,0,0,Personal,0
35,793265,Self-Employed,7,183770,60,Bad,672252,0.8474483968807437,1,572356,2,1,Home,1
27,1200180,Business,1,406671,24,Good,568075,0.47332444023026526,1,427531,3,0,Car,1
49,2496116,Business,5,358820,24,Average,757321,0.30339964032134714,1,312058,0,1,Business,0
37,1533118,Salaried,2,1430984,36,Average,124458,0.08117960836699564,0,400457,4,0,Personal,0
61,2186214,Business,7,591345,36,Average,311844,0.14264104857024584,1,779176,0,0,Personal,0
30,376039,Business,1,165864,24,Bad,498793,1.3264360174449528,0,727592,3,1,Car,1
22,566674,Self-Employed,1,531712,60,Good,113346,0.20001941147924296,1,869874,1,1,Business,1
45,679376,Salaried,9,853959,12,Average,303149,0.4462161656929805,1,740594,1,1,Car,1
31,1624139,Salaried,7,1232767,12,Good,771448,0.4749886093563363,0,1107511,5,1,Personal,0
43,1270391,Business,20,1443205,36,Average,97196,0.07650866819060573,0,107396,2,1,Home,0
29,519993,Salaried,1,443747,12,Average,665074,1.2790032192679146,0,599060,0,0,Personal,1
25,1071998,Self-Employed,1,671931,12,Bad,752731,0.7021750953125889,0,1356320,5,0,Education,1
38,541137,Self-Employed,5,146544,36,Average,197658,0.36526357417146826,0,163249,3,1,Business,0
33,1681523,Business,1,1973395,12,Good,404322,0.2404497348833558,1,1101330,0,0,Business,1
60,1731595,Salaried,11,1984697,12,Bad,552856,0.3192753968015634,0,520480,3,1,Home,0
57,1866267,Self-Employed,8,254301,24,Average,142466,0.07633737491078452,1,1400132,1,1,Personal,0
61,2494501,Business,20,1675464,36,Bad,357670,0.14338332861629294,1,1174166,4,1,Car,1
30,365828,Self-Employed,4,328828,36,Average,769651,2.103854533128866,0,715681,5,1,Car,1
61,695593,Salaried,9,195979,120,Average,85938,0.12354620655152287,1,1379338,2,0,Personal,0
39,573493,Self-Employed,0,1492251,120,Bad,126908,0.22128915036600208,0,909102,5,1,Education,1
23,1614707,Business,0,642625,180,Good,28831,0.01785524069986648,1,677385,3,1,Education,0
37,1568176,Self-Employed,7,884499,12,Good,273342,0.17430557902583702,0,1477257,0,0,Car,0
37,2196491,Salaried,16,1429182,36,Average,277879,0.1265103628877319,0,931727,5,0,Business,0
23,2067243,Salaried,2,1121985,24,Bad,461149,0.2230742960192411,0,116909,3,0,Car,0
61,1715033,Salaried,11,398062,120,Average,510707,0.29778243463394893,1,521296,4,0,Car,0
28,2101842,Self-Employed,1,595219,120,Good,75506,0.035923710762411847,0,170350,1,0,Education,0
34,1381103,Self-Employed,7,1732729,12,Bad,661418,0.478905281571844,1,503073,3,1,Home,1
39,188866,Self-Employed,3,674266,60,Bad,710540,3.762118316063685,1,961329,1,0,Business,1
39,1513195,Business,0,600903,36,Good,637186,0.421086230732833,1,384624,2,0,Personal,0
21,987491,Self-Employed,0,313845,24,Good,59430,0.06018276603759828,0,491510,0,0,Business,0
60,1138124,Self-Employed,3,1399957,12,Bad,558666,0.49086523887973643,1,676096,5,1,Business,1
54,1498281,Salaried,20,1818083,120,Good,173184,0.11558838723284402,1,1359330,2,1,Car,0
48,1868166,Business,10,940807,60,Good,589320,0.31545359702853115,0,1221568,3,0,Business,0
54,1351777,Business,16,1773636,36,Average,203841,0.15079473108750105,0,132963,0,0,Personal,0
63,2056818,Salaried,25,92412,120,Good,236021,0.11475049578985803,1,1168025,4,1,Home,0
38,1307834,Self-Employed,14,389035,12,Good,449035,0.34334224118485895,1,791690,2,1,Education,0
43,339087,Self-Employed,12,108277,12,Average,535035,1.577864743075544,1,161989,1,1,Home,1
49,226017,Salaried,28,567634,180,Average,175407,0.776075356829987,0,1017445,4,1,Car,1
56,609760,Business,11,273544,36,Good,588906,0.9657980749834771,0,548576,2,0,Business,0
48,1533940,Salaried,3,1228756,120,Average,641910,0.4184711145995837,1,472088,0,0,Education,1
57,1638954,Business,33,756357,24,Good,443909,0.2708488030482838,0,868818,0,1,Personal,0
27,383735,Salaried,2,1229232,12,Bad,343833,0.8960144474326099,1,233448,4,1,Car,1
62,879642,Business,37,1976041,120,Average,743138,0.8448177271915993,1,984378,3,0,Business,1
44,736814,Self-Employed,20,933003,12,Good,307957,0.4179570177045798,1,513113,3,1,Education,0
26,800843,Salaried,0,1548261,180,Bad,674237,0.8419080370209429,1,455612,0,1,Home,1
30,798539,Salaried,2,1382731,180,Bad,537127,0.6726363112680642,1,249750,1,1,Education,1
30,479433,Self-Employed,6,574125,180,Good,82307,0.1716753505174852,1,1079680,2,0,Business,0
39,386205,Salaried,7,1311345,60,Average,332737,0.8615531607484089,0,175245,0,1,Home,1
62,1406592,Self-Employed,33,1403662,120,Good,183835,0.1306952330915908,1,793507,2,0,Business,0
33,2034225,Self-Employed,9,439892,24,Average,555872,0.27325970664026517,0,1079821,1,1,Education,0
52,675185,Salaried,26,921970,36,Bad,338178,0.5008664279176405,1,49411,4,1,Home,1
61,2424080,Salaried,9,219198,24,Average,725403,0.2992486637203955,1,810357,4,1,Car,0
30,970374,Business,6,1283794,180,Average,277382,0.2858503155996393,0,846856,2,1,Home,0
46,131204,Self-Employed,12,301628,120,Good,300711,2.291917228764148,0,898621,5,0,Home,1
59,2349754,Salaried,9,336441,180,Good,336982,0.1434115471612998,0,1359626,3,1,Car,0
33,1208871,Self-Employed,0,1105799,60,Average,406637,0.33637721776995416,1,502799,0,0,Car,1
30,1826076,Business,8,681840,180,Average,626263,0.34295541754263376,1,958882,2,0,Personal,0
59,243505,Salaried,12,848454,60,Average,321366,1.3197457146846485,1,18328,1,1,Personal,1
36,1953903,Self-Employed,4,361689,120,Good,748328,0.38299118073354677,0,600935,2,1,Personal,0
55,1752826,Business,27,1646025,24,Average,402039,0.2293660469629918,0,283197,5,1,Business,0
60,1258417,Salaried,39,108820,36,Bad,617317,0.4905500398118908,1,117949,1,1,Personal,1
35,1542459,Salaried,3,1864402,120,Bad,445719,0.2889663265173813,0,89000,4,0,Education,0
61,515632,Self-Employed,11,986199,24,Good,1229,0.0023834781714901876,1,460282,1,1,Home,0
64,381882,Salaried,19,939238,60,Average,606660,1.588601744513372,0,218988,5,0,Personal,1
22,2195588,Self-Employed,1,1626128,120,Good,757906,0.34519484293280756,1,82102,1,0,Personal,1
64,939837,Business,16,1475932,24,Average,120347,0.12805079173219214,0,1488762,2,0,Business,0
25,2136867,Salaried,3,126174,180,Average,646443,0.3025189202140703,1,566829,4,1,Home,0
24,676511,Business,0,1221114,60,Good,528229,0.7808124615675701,1,1384643,4,0,Home,1
40,616238,Business,17,1713679,120,Average,316848,0.5141641473519203,0,26025,4,0,Home,1
32,1998232,Self-Employed,6,353139,36,Average,500487,0.25046478563811125,1,1425435,3,0,Personal,0
42,998896,Self-Employed,5,834463,120,Average,708793,0.7095756619551365,0,1356804,5,0,Personal,0
54,570032,Business,10,243537,60,Average,114200,0.20033927860316858,0,536286,4,1,Car,0
60,1345027,Self-Employed,4,1813524,60,Bad,737973,0.5486673883368971,0,193470,1,1,Education,1
63,2340514,Self-Employed,17,1068482,24,Average,108894,0.04652565781462627,0,541022,0,0,Business,0
51,585796,Salaried,3,72313,24,Average,420303,0.7174891643350854,1,438995,5,1,Home,1
50,1419225,Salaried,16,421230,12,Average,551420,0.38853572299267347,1,50737,3,1,Business,0
61,1368933,Business,37,85306,180,Good,549880,0.40168481460757055,0,1425851,3,0,Car,0
55,2261910,Business,24,1629441,12,Average,247701,0.10950961377348623,0,609518,5,0,Personal,0
29,1415151,Self-Employed,3,1012810,12,Good,502628,0.3551759810960236,1,498882,2,0,Personal,0
54,253025,Business,8,143405,36,Bad,781942,3.090362255262305,1,955263,1,1,Personal,1
32,2054184,Business,2,890171,24,Bad,579919,0.28231098951652356,1,935449,0,1,Personal,1
53,1877545,Business,29,636646,60,Average,238461,0.1270067417788965,1,990755,4,1,Education,0
51,1284010,Business,27,1520421,24,Bad,760490,0.5922768574412525,1,1445877,5,0,Home,1
22,968098,Business,0,158987,60,Good,604708,0.6246344640372524,1,854844,2,0,Car,1
32,158009,Business,2,638264,36,Bad,244290,1.5460413897854566,0,1480229,5,0,Home,1
37,893056,Business,7,1146949,120,Average,446030,0.4994418049463808,1,196209,4,0,Education,1
45,953404,Salaried,19,69295,120,Good,793329,0.832100733686104,0,732172,5,1,Personal,0
35,333765,Salaried,0,1178518,24,Bad,500704,1.5001647861076324,1,288558,4,0,Car,1
58,626212,Salaried,31,979017,12,Average,710909,1.1352511046560834,0,438018,5,0,Personal,0
40,2003099,Business,5,1794899,24,Average,219280,0.1094703210024462,1,1388887,5,0,Education,1
62,1820968,Business,35,202889,12,Good,339112,0.1862261246621991,1,1309597,5,1,Car,0
53,2350783,Business,24,1522947,12,Bad,238906,0.10162822275462144,0,807453,4,1,Education,0
23,1874972,Business,0,413582,60,Good,582687,0.3107708751006015,1,576722,2,0,Car,0
36,1175062,Salaried,7,1295037,180,Average,28800,0.024509324180916257,0,877586,4,1,Car,0
55,831614,Self-Employed,29,971680,36,Average,560742,0.6742807669414332,1,1436313,4,0,Education,1
42,565402,Self-Employed,2,521819,36,Bad,258184,0.4566371243166379,0,671969,5,0,Personal,1
57,1682946,Self-Employed,20,1028950,180,Good,725119,0.43086264748681924,1,1138016,2,1,Business,0
31,1003372,Business,5,1459270,120,Good,349801,0.34862508757959404,1,509522,3,0,Personal,0
57,1330058,Business,12,1329323,12,Bad,400944,0.30144828161758236,0,200846,4,0,Personal,0
63,2497760,Business,7,1915846,24,Bad,530207,0.21227291161964656,1,954596,5,0,Personal,1
24,1519992,Self-Employed,1,1494850,36,Average,627926,0.41311111301170467,0,387804,1,1,Education,0
33,1807954,Salaried,2,1635778,180,Average,662896,0.3666551435185057,0,710431,0,0,Home,0
41,2001140,Self-Employed,16,1011816,36,Bad,369438,0.1846136778967599,0,1124899,2,1,Car,0
64,2277744,Self-Employed,43,779391,60,Average,534173,0.23451835038601776,1,411916,2,0,Education,0
49,1132111,Salaried,5,1260970,120,Good,50073,0.0442297228542759,0,334794,4,0,Business,0
23,582561,Salaried,0,919518,180,Good,684609,1.175169338199196,1,252028,3,1,Personal,1
58,1294955,Salaried,15,1333309,12,Average,414339,0.3199637671086894,0,1343815,3,0,Car,0
40,1097689,Business,12,759244,24,Average,249668,0.22744855104811013,1,5291,1,1,Personal,0
33,1411658,Business,4,107147,24,Good,132895,0.09414100714124303,0,839084,1,1,Car,0
38,1882140,Salaried,14,1502179,24,Good,626987,0.33312435146994834,0,235427,4,1,Education,0
60,663268,Business,32,1367841,60,Bad,204562,0.30841483621275834,1,252703,1,0,Business,1
42,203176,Self-Employed,0,389765,180,Bad,116440,0.5730963642538279,0,285241,2,0,Home,1
26,2449541,Business,4,851521,60,Bad,389694,0.1590885153224562,0,1367524,0,0,Business,0
23,1055652,Salaried,2,1869746,12,Average,265974,0.25195210926317646,0,907820,0,0,Home,0
35,1330325,Business,13,550234,36,Average,240575,0.18083913266372303,1,382299,5,0,Home,0
59,756854,Self-Employed,10,1151917,180,Average,68069,0.08993664572474253,0,458291,5,0,Car,0
33,447467,Business,2,396482,180,Average,758740,1.6956296316161155,1,770532,0,1,Personal,1
41,571291,Business,8,1113747,36,Bad,304348,0.5327363239814316,1,1446958,2,0,Education,1
43,1949894,Self-Employed,19,1488259,24,Good,620909,0.31843201813430977,0,781357,0,1,Home,0
43,1982786,Self-Employed,8,682828,36,Good,761140,0.3838738099452942,0,942552,5,1,Education,0
38,904646,Salaried,2,950126,36,Bad,319845,0.35355779657700737,1,238047,2,0,Education,1
48,349355,Salaried,4,471149,24,Average,427797,1.2245302785697112,0,1480073,3,1,Personal,1
62,1586494,Salaried,6,1274214,60,Bad,59722,0.03764398879290511,1,280180,4,1,Home,1
25,1763718,Salaried,3,1012945,120,Average,155826,0.08835080871726166,0,806411,1,1,Car,0
46,958007,Business,12,1840653,12,Bad,219973,0.22961499277667827,0,1140438,1,1,Personal,0
46,1565969,Salaried,5,607240,36,Good,518431,0.3310606205738296,1,1281085,2,1,Personal,0
34,1557725,Salaried,12,704247,60,Bad,21796,0.013992191181247537,1,181420,5,0,Home,1
42,863451,Self-Employed,18,599546,180,Bad,273850,0.31715717839555646,1,815375,4,1,Personal,1
64,654640,Self-Employed,1,1435865,60,Bad,700334,1.069798561348892,0,884754,3,0,Car,1
49,1688472,Self-Employed,16,1107458,180,Average,254962,0.15100152623109755,1,1195916,4,0,Personal,0
36,196789,Self-Employed,4,1016818,120,Average,796259,4.046237105543981,1,1256122,2,0,Personal,1
29,1035175,Business,1,364676,36,Good,403757,0.3900370565005371,0,267571,3,1,Education,0
49,365954,Business,9,736430,24,Bad,636746,1.7399570985503683,0,12199,0,1,Home,1
28,647219,Salaried,3,237265,36,Average,792131,1.2238975927814344,0,451005,0,0,Business,0
61,1176212,Self-Employed,4,170249,36,Good,277133,0.23561463782495176,1,1099662,5,1,Personal,0
36,1673750,Salaried,11,1396782,24,Average,734697,0.43895238897542105,0,455341,3,0,Education,0
61,909266,Business,11,357820,180,Bad,550518,0.605452523846131,0,1379184,1,0,Car,0
40,2190878,Business,8,844622,12,Good,89364,0.04078910793339112,0,659710,4,0,Home,0
49,192146,Business,2,996924,12,Good,783653,4.078403513976278,1,287321,2,1,Home,1
56,1222915,Business,2,1860284,60,Bad,172142,0.14076355203464505,1,191775,1,1,Education,1
63,2418730,Self-Employed,12,1360379,60,Good,574757,0.23762749970955843,1,225843,2,0,Home,0
39,2179770,Self-Employed,2,1803135,120,Average,124648,0.05718398859329719,0,1284090,2,1,Business,0
51,2044770,Self-Employed,23,980099,24,Good,93254,0.04560608498457774,0,418359,2,0,Business,0
41,1700651,Business,20,619574,120,Bad,262225,0.154190863268911,1,1122520,1,0,Business,1
38,1395678,Self-Employed,14,250505,24,Bad,581541,0.416672458351813,1,463400,2,0,Business,1
35,1260822,Salaried,2,447010,24,Good,553472,0.4389767635901312,0,222167,0,1,Education,0
31,675505,Self-Employed,10,1627915,36,Good,82662,0.12237048967736779,1,987584,3,1,Business,0
24,762247,Self-Employed,2,307962,36,Good,368733,0.48374413576683706,0,1029116,3,0,Car,0
55,1715486,Self-Employed,26,1736571,60,Bad,198087,0.1154698345134647,0,738234,5,1,Home,0
43,1882720,Salaried,12,1848718,180,Good,518246,0.2752643647146869,1,592371,3,1,Business,0
55,972427,Salaried,30,902548,120,Average,145511,0.1496367854483828,1,135787,3,0,Education,1
45,163394,Business,15,350809,12,Good,248662,1.521845833715842,1,521424,1,0,Education,1
55,2130029,Salaried,8,1569226,120,Good,755376,0.3546316249066915,1,895321,4,0,Personal,0
42,2416626,Self-Employed,8,59251,24,Good,402164,0.1664154211634646,0,314791,3,0,Personal,0
35,1408525,Self-Employed,2,276519,24,Bad,783517,0.556267331948434,1,1367965,2,1,Education,1
60,2018990,Self-Employed,10,404298,60,Good,576491,0.2855342099098015,1,578905,5,0,Education,0
41,375752,Self-Employed,14,1036944,180,Good,179307,0.4771937948599213,1,798405,0,0,Car,1
42,2234956,Salaried,5,1407996,60,Average,24680,0.011042718047819264,0,323111,1,1,Education,0
22,2416798,Self-Employed,1,214033,180,Good,681425,0.28195352613105185,0,1425466,1,1,Car,0
50,1419558,Self-Employed,20,1190656,120,Average,504399,0.35532091304412144,1,586566,5,0,Personal,1
27,356999,Salaried,4,1689275,24,Good,208262,0.5833669467787115,1,191141,4,1,Personal,1
42,1679211,Self-Employed,16,492703,180,Average,434400,0.2586927677982292,0,1077093,3,0,Education,0
52,1979572,Salaried,2,1872581,60,Bad,531399,0.268441224445878,0,1179958,0,1,Personal,0
25,1321691,Salaried,0,151850,12,Good,393018,0.2973597479594338,0,89937,5,1,Business,0
24,294036,Business,2,1731705,24,Bad,268054,0.9116335699248734,0,1119596,5,1,Business,1
21,2466072,Salaried,0,869253,60,Average,376437,0.15264633285389362,1,961896,3,1,Business,0
57,473034,Salaried,21,1360645,60,Bad,208630,0.44104558859281023,1,721880,4,0,Home,1
41,597603,Self-Employed,19,1964255,24,Good,207835,0.34778047001024087,0,1242295,4,0,Business,0
46,2255655,Business,1,1779918,180,Bad,258416,0.11456356820366226,0,460044,0,1,Car,1
47,763043,Self-Employed,17,347303,120,Good,705730,0.924887686686482,1,583577,3,1,Business,0
41,2481548,Business,19,715226,12,Bad,783416,0.3156963654556086,0,1217645,5,0,Business,0
34,897139,Business,0,94810,60,Average,368517,0.41076866486835945,1,58719,3,0,Car,0
57,851830,Self-Employed,21,768317,180,Good,657037,0.7713231849979633,0,880210,4,1,Car,0
55,2410789,Salaried,8,1738953,60,Good,509510,0.21134565847709672,0,896884,1,0,Business,0
22,303937,Business,1,278140,24,Bad,181756,0.5980035401956978,0,1497479,1,1,Home,1
27,1750178,Self-Employed,6,493719,24,Average,292884,0.16734516869417357,0,439392,0,1,Car,0
32,176010,Self-Employed,3,193905,180,Average,328278,1.8650993403821352,0,1259551,4,1,Education,1
23,2096177,Salaried,0,1908434,36,Bad,385411,0.18386367951576632,0,519965,5,0,Business,1
50,425607,Business,17,1138655,36,Average,151476,0.3559049641924024,0,649093,2,0,Education,0
48,2084255,Salaried,24,1719275,180,Bad,762644,0.3659070670781324,0,841763,3,0,Personal,0
29,178407,Salaried,4,1391618,180,Average,702080,3.9352495403793553,1,236478,4,0,Home,1
24,608393,Self-Employed,1,1984759,36,Bad,508418,0.8356722781618491,0,1492857,0,1,Business,1
52,993922,Salaried,3,1435221,180,Good,98632,0.09923505140740278,1,163713,1,1,Car,0
41,448817,Self-Employed,5,559472,180,Bad,102776,0.22899259833607385,0,581006,2,0,Home,0
30,1745485,Salaried,1,1284732,36,Average,539439,0.3090480244470594,1,1468533,4,1,Home,1
49,354722,Business,20,1813155,180,Average,771284,2.174327573909783,0,621473,2,0,Personal,1
63,2480338,Salaried,7,234990,36,Bad,151562,0.06110535696934975,1,958471,0,1,Education,1
40,1014501,Self-Employed,6,465092,36,Bad,115148,0.11350199408182537,1,322794,1,1,Home,1
28,137171,Salaried,0,1401946,120,Good,606761,4.423358994546992,0,588511,1,0,Education,1
57,445768,Business,34,452526,180,Average,34281,0.07690305965645884,1,321414,1,1,Personal,1
45,1634077,Salaried,21,1760941,24,Good,292042,0.17871974287641104,0,1006578,3,1,Home,0
43,2328336,Business,12,1930032,24,Bad,763840,0.3280624754921646,1,245735,4,0,Car,1
58,935810,Business,15,694137,24,Good,93638,0.10006080287579436,0,865012,2,1,Education,0
34,596991,Salaried,3,159470,36,Bad,481916,0.8072402980274442,1,260236,2,0,Education,1
21,2262655,Self-Employed,0,682600,36,Average,640753,0.2831862200882503,1,481994,0,0,Home,0
27,2375501,Self-Employed,5,923111,120,Average,54012,0.02273708883427587,0,658498,5,0,Home,0
59,1892634,Business,0,1648629,60,Average,111193,0.058750366552452006,0,837,2,1,Business,0
62,590795,Self-Employed,37,740861,36,Bad,437986,0.7413489597085965,1,243977,0,0,Car,1
43,1253845,Business,14,87448,120,Average,215378,0.1717738861072253,0,1491317,3,1,Car,0
25,1372817,Business,0,481516,36,Good,317138,0.2310124138815196,0,1419833,2,0,Education,0
25,1178810,Self-Employed,2,270708,180,Bad,160492,0.13614735525881588,0,166885,4,0,Home,0
38,2095449,Salaried,9,1402975,36,Good,61590,0.029392254646973204,0,438702,2,0,Education,0
23,430027,Business,2,625854,120,Average,524938,1.220706558642693,1,172009,3,1,Car,1
49,1166725,Business,13,102879,60,Bad,722098,0.6189096668797986,1,719370,2,0,Home,1
45,2487801,Salaried,18,681967,60,Bad,504625,0.20283969544200062,0,671865,3,0,Home,0
61,1631010,Salaried,5,456676,36,Average,315417,0.19338741430928424,1,341239,0,1,Personal,0
37,461914,Business,1,618803,24,Average,509022,1.1019819663790957,1,536701,4,0,Education,1
25,2280936,Business,4,1963804,12,Bad,76844,0.03368966350232382,0,124887,2,1,Education,0
21,1843219,Business,0,790487,120,Average,549570,0.2981575720749558,0,472671,2,0,Car,0
64,1920312,Salaried,24,1982504,12,Bad,791153,0.41199169093788357,0,815629,5,1,Education,0
63,1539162,Self-Employed,31,1157994,36,Good,783171,0.5088291493493542,1,1116030,1,0,Personal,1
59,1313930,Self-Employed,2,1826920,60,Bad,187583,0.14276472661045367,1,328822,0,1,Personal,1
28,844538,Salaried,0,1654778,120,Good,574302,0.6800183295265227,1,978883,3,0,Personal,1
57,1358663,Salaried,5,199832,180,Average,216233,0.15915119558625238,1,616391,1,1,Home,0
43,2089220,Business,17,1172842,180,Good,455392,0.2179721532571231,0,259578,1,0,Personal,0
58,1880151,Self-Employed,20,789230,36,Average,9802,0.005213408277628617,0,874289,3,0,Business,0
60,265130,Self-Employed,15,1301403,120,Average,670805,2.530088899449706,1,875882,2,1,Home,1
48,1903928,Business,9,1974700,12,Average,174703,0.09175919900374437,0,1041752,1,0,Car,0
55,798757,Salaried,21,1366731,12,Average,379268,0.47482216140558214,1,695215,4,0,Personal,1
52,2448258,Self-Employed,29,1249694,24,Bad,530906,0.21685042309657598,0,1383155,2,0,Education,0
50,2381403,Business,29,1353189,12,Bad,763203,0.3204844705056345,1,642446,1,1,Car,1
38,1681160,Self-Employed,3,1214079,60,Bad,142769,0.08492285985696789,0,358021,1,0,Car,0
32,716910,Business,8,197462,24,Good,165276,0.23053907667757922,1,523469,2,1,Education,0
40,989046,Business,3,1955387,24,Average,77969,0.07883245184505894,0,384569,0,1,Personal,0
45,1492446,Salaried,23,352754,36,Good,753689,0.5050021876823767,0,86467,1,0,Personal,0
40,1537547,Business,15,1922937,12,Good,296764,0.19301121005653157,0,761387,2,0,Education,0
64,561690,Salaried,0,1102385,180,Bad,123690,0.22021004431262028,1,706406,0,1,Home,1
51,2421548,Self-Employed,1,1874797,12,Bad,760073,0.3138788436657693,0,165910,0,0,Personal,1
59,2401644,Self-Employed,28,623853,60,Good,450209,0.1874585960872652,1,451251,0,1,Home,0
42,1844629,Business,10,1839066,180,Bad,519824,0.28180393900131734,0,739999,2,1,Personal,0
47,1632223,Self-Employed,24,664975,24,Bad,468671,0.2871364469582606,1,1223835,3,1,Home,1
47,1663821,Business,9,1881672,24,Good,503078,0.30236287295155373,1,1389313,0,0,Home,0
21,1212511,Business,0,727842,60,Bad,642172,0.5296211501411945,0,688333,1,0,Personal,1
38,1769879,Salaried,4,691988,120,Average,699957,0.39548274459285376,1,1190540,3,0,Personal,0
36,2305630,Business,4,833508,60,Good,53886,0.023371476181574587,1,382621,5,0,Education,0
49,2215436,Salaried,15,1985037,36,Bad,205914,0.0929450939024671,1,1283937,4,0,Education,1
53,1301381,Salaried,27,847035,60,Average,798584,0.6136430348660117,1,318462,5,0,Business,1
46,927500,Self-Employed,1,870720,120,Bad,100694,0.10856484251769001,1,1270665,2,1,Personal,1
50,1836395,Self-Employed,17,154445,120,Good,478216,0.26041006406025713,1,425770,3,0,Education,0
62,1376616,Self-Employed,25,1433313,36,Good,419727,0.3048974406098428,0,1252694,5,1,Business,0
56,437377,Self-Employed,4,988268,12,Average,519805,1.1884571240437334,0,775427,2,1,Education,0
42,136583,Business,11,1957540,60,Bad,215175,1.5754041468986117,1,1324921,3,0,Personal,1
25,1733466,Self-Employed,4,1198732,24,Good,311175,0.1795101954637729,1,799061,1,0,Home,0
24,1197251,Self-Employed,0,707022,24,Average,342414,0.2859999398622846,0,442580,5,1,Car,0
24,2120842,Business,2,1251080,180,Good,475610,0.22425516645975208,0,466985,3,1,Personal,0
25,2112751,Salaried,0,799337,12,Average,552521,0.2615172059948352,1,430807,5,0,Home,0
49,889670,Self-Employed,11,185510,60,Average,765165,0.8600538850878583,1,1415322,1,1,Personal,1
29,986690,Self-Employed,5,686218,60,Average,634917,0.6434810898244739,0,25940,2,1,Personal,0
45,373380,Business,0,1797377,12,Bad,20688,0.05540721140068723,0,538760,4,1,Business,1
44,2409033,Salaried,19,323104,24,Average,207692,0.08621381018283678,1,1026083,2,0,Home,0
38,2455622,Business,14,1206125,60,Average,130120,0.052988589860902914,0,1114234,4,0,Home,0
61,432282,Salaried,35,1954977,12,Good,656350,1.518334054311643,1,253685,4,0,Car,1
26,443480,Self-Employed,1,1389817,24,Good,725605,1.6361580315729423,1,1007397,4,0,Home,1
51,904229,Self-Employed,22,1504714,36,Bad,223687,0.24737843247846233,1,686126,3,1,Business,1
30,1506639,Self-Employed,7,1013046,36,Bad,396423,0.26311726756225773,1,1338954,0,1,Business,1
46,2170638,Salaried,14,891135,36,Average,641922,0.29572950638037926,1,708814,0,1,Business,0
53,2030261,Self-Employed,10,1115218,60,Average,603464,0.2972345441130258,1,1130949,2,0,Car,0
37,2470338,Business,14,757839,60,Good,403689,0.16341441397314296,1,736199,0,0,Car,0
56,264833,Business,22,1886829,60,Bad,624408,2.3577335236412242,0,179718,3,0,Education,1
61,2396474,Salaried,16,1397167,120,Good,684544,0.28564620953692405,0,1491546,3,0,Education,0
56,2061510,Business,2,854189,24,Good,107136,0.051969647506125365,0,226401,5,1,Education,0
63,736630,Self-Employed,35,1784304,12,Average,401853,0.5455282224071483,1,422087,3,0,Education,1
21,1675981,Self-Employed,0,1550125,120,Average,55508,0.0331196874429439,1,1312121,4,1,Business,1
54,286373,Salaried,25,536760,120,Bad,136973,0.4783011027537416,1,856053,1,1,Home,1
55,824169,Self-Employed,17,917731,24,Bad,582459,0.7067219141681934,1,985224,0,0,Business,1
53,1353968,Self-Employed,3,910675,36,Bad,348847,0.25764770094440864,1,1475579,1,1,Personal,1
26,2153956,Salaried,5,1861689,180,Bad,248038,0.11515457365212026,0,572678,1,1,Car,0
50,2288393,Self-Employed,24,467230,120,Average,782853,0.3420971213873136,0,361153,0,1,Car,0
35,974452,Self-Employed,4,1493537,120,Bad,415364,0.42625349811637914,0,1277731,1,1,Education,0
43,573207,Business,12,1251660,60,Average,9525,0.0166170046475276,0,501829,4,1,Education,0
41,1229023,Business,10,160709,180,Average,756600,0.6156104355976775,0,1134606,1,0,Home,0
35,696114,Salaried,0,1304931,24,Average,389893,0.560098546935492,0,1144398,4,1,Home,1
37,709333,Salaried,8,1029007,120,Bad,782795,1.1035633425156555,0,259797,1,0,Car,1
43,1196004,Self-Employed,13,1933351,180,Average,597447,0.49953553705879156,1,101337,0,1,Home,1
48,296095,Self-Employed,21,520832,24,Good,77512,0.2617799632551605,1,1306072,5,1,Personal,1
32,305026,Business,8,600573,12,Good,314454,1.030905460828058,1,1434966,1,1,Home,1
31,1951395,Salaried,9,705815,60,Average,597467,0.30617414404867077,0,795299,1,1,Business,0
60,163314,Business,11,50059,12,Average,405889,2.485313657655451,0,448567,3,1,Car,0
33,1552416,Self-Employed,2,1360717,60,Average,272865,0.17576785103487014,0,1035679,3,0,Education,0
48,839623,Salaried,2,757933,60,Good,143960,0.1714577001133841,1,275677,4,1,Car,0
50,2073368,Business,16,1468298,12,Bad,766103,0.36949669836869364,1,1139621,3,0,Personal,1
53,2045091,Self-Employed,6,73830,180,Average,308697,0.1509452875469661,0,743245,1,1,Education,0
48,272550,Business,14,1390848,120,Bad,577538,2.1190089194315926,1,1270767,1,1,Home,1
27,750904,Self-Employed,4,501464,180,Bad,295051,0.3929272011772461,1,7644,0,0,Business,1
34,2101265,Self-Employed,5,1402708,36,Average,403662,0.19210418861771902,0,1333882,0,1,Education,0
34,630323,Salaried,7,1658867,12,Good,51746,0.08209428801695635,0,1115499,1,0,Car,0
44,167114,Business,23,1149850,24,Bad,218411,1.3069503036830925,1,252816,4,1,Car,1
26,377870,Self-Employed,5,801603,36,Average,639711,1.6929348904784967,1,1138249,3,0,Car,1
35,1087051,Self-Employed,10,117537,12,Average,241015,0.22171432461372592,0,1456548,3,0,Personal,0
44,261118,Salaried,4,1415749,36,Average,299100,1.1454547543457199,1,1324606,1,1,Education,1
34,1069327,Business,4,1827266,12,Good,635993,0.5947595125162719,0,1164007,2,1,Home,0
38,1656093,Salaried,11,1661321,120,Bad,609228,0.36787042281416393,0,932884,4,1,Car,0
49,716721,Self-Employed,26,444780,12,Good,507854,0.7085787794988851,1,276363,1,1,Car,0
61,1288658,Business,11,1808230,36,Good,2948,0.0022876494091920363,1,512377,1,0,Home,0
30,1360214,Business,7,814404,24,Bad,617343,0.4538569270299181,0,639974,3,0,Home,0
36,1286765,Self-Employed,14,1759043,24,Good,503390,0.39120554941613317,1,889064,4,1,Home,0
55,487452,Business,26,401079,180,Bad,257572,0.5284037640552012,1,1313381,4,0,Business,1
54,369246,Business,21,873917,180,Average,379075,1.0266163299904942,0,486370,0,1,Education,1
64,1281608,Business,25,635690,120,Bad,211098,0.16471326278139434,1,1010641,5,0,Education,1
51,483113,Self-Employed,2,1542700,60,Bad,157446,0.32589823519914557,0,111375,0,0,Car,0
52,2468517,Self-Employed,24,536315,12,Good,375775,0.1522269637085895,0,1264146,2,0,Education,0
55,868785,Self-Employed,28,1443226,24,Average,212549,0.24465058138597998,1,783954,4,0,Business,1
47,909700,Business,25,143602,60,Bad,393874,0.43297083327378993,0,1082640,5,0,Car,0
55,298893,Self-Employed,29,57420,120,Good,693881,2.3214952458062057,1,979455,0,1,Car,1
63,718225,Business,13,1365981,12,Good,200876,0.2796835536446745,1,333664,5,0,Car,0
31,2413770,Salaried,8,993407,60,Good,259831,0.10764525715156906,1,656537,2,1,Car,0
45,1570960,Salaried,21,842796,120,Average,653421,0.41593712383693804,0,551321,1,0,Business,0
46,722151,Business,10,1723478,36,Good,396957,0.5496862156443518,0,281283,1,1,Education,0
34,1383692,Salaried,4,81611,12,Good,726187,0.5248180051499863,0,686469,1,1,Personal,0
34,2107463,Business,7,1077541,180,Average,287463,0.1364023300042136,0,694694,0,1,Home,0
41,2360361,Business,20,458121,60,Good,611597,0.25911152611336735,0,816456,1,0,Education,0
51,2016079,Business,7,295615,180,Bad,139570,0.06922840363477639,0,77710,0,1,Education,0
58,2459406,Self-Employed,24,893590,180,Bad,528199,0.21476681167452155,1,180177,4,0,Personal,1
36,2150402,Self-Employed,0,906844,60,Bad,197311,0.09175535934427174,0,1374524,3,1,Car,0
51,388584,Self-Employed,1,1559352,36,Average,143802,0.37006575138000697,0,64792,4,0,Personal,1
22,1861049,Self-Employed,1,629302,24,Good,38402,0.020634588001397062,0,783021,5,1,Car,0
42,480039,Business,0,705603,180,Average,646943,1.347685609532539,1,133486,0,0,Education,1
38,594551,Business,2,1753415,36,Average,583237,0.9809688639513449,1,565680,4,0,Car,1
51,1816916,Self-Employed,15,718944,60,Good,678751,0.3735729260059761,0,1396096,5,0,Education,0
28,1010560,Business,1,1088958,24,Average,379684,0.37571606266222424,1,149911,2,0,Business,1
40,334382,Self-Employed,9,699764,120,Bad,651554,1.9485260913383755,1,133541,4,1,Home,1
35,814385,Business,13,446381,24,Good,207978,0.25538012686858563,0,1091827,0,0,Education,0
35,807569,Salaried,5,507297,12,Bad,25976,0.03216563270057085,1,1090545,5,0,Education,1
44,1242239,Business,3,339535,120,Bad,207348,0.1669146058732612,0,329225,3,0,Car,0
25,2299206,Business,3,1454310,180,Bad,78593,0.034182655150232236,0,59485,3,0,Home,0
57,2065924,Business,19,1998889,120,Good,93099,0.04506407541416073,1,1237222,5,1,Home,0
49,1815305,Business,18,1978271,60,Average,255329,0.14065342151681315,0,1107811,0,0,Home,0
25,2072928,Business,2,1279202,180,Bad,662559,0.3196245505755383,0,1480824,2,1,Personal,0
21,1896091,Salaried,0,52607,24,Good,336260,0.17734371538933766,1,216396,2,0,Education,0
42,2174896,Salaried,11,1670020,36,Average,203318,0.09348396728672669,1,99124,4,0,Car,1
39,510999,Salaried,7,429201,12,Average,64314,0.1258590998043053,1,489904,1,1,Business,1
43,1199042,Business,19,1448841,120,Average,502777,0.4193152372350283,0,1072855,5,0,Personal,0
38,1705084,Salaried,14,1796212,120,Average,245941,0.1442397299841357,0,104304,5,0,Personal,0
21,1889101,Self-Employed,0,373688,36,Good,652548,0.3454276158725151,0,1436254,5,0,Car,0
56,621437,Salaried,0,1997966,120,Good,23036,0.03706886286323012,0,327466,2,1,Home,0
41,395037,Business,9,1522363,36,Bad,535901,1.3565808858894588,1,498116,1,0,Personal,1
44,996396,Salaried,18,1795318,36,Good,523453,0.525345820993038,0,612357,1,0,Personal,0
62,337002,Self-Employed,9,1441704,12,Bad,340813,1.0113055373394302,1,201254,4,1,Business,1
31,1541808,Business,0,1535544,120,Average,170719,0.11072642590619201,1,735689,2,1,Business,1
35,1777295,Salaried,10,1791338,24,Good,213559,0.12015950072469639,0,1317488,3,1,Education,0
52,663406,Business,15,1815987,120,Average,439815,0.6629640627849872,1,1058776,2,1,Home,1
37,435631,Salaried,1,1914848,12,Bad,481656,1.1056488044955375,0,18435,1,1,Home,1
34,1625668,Self-Employed,4,1564074,24,Bad,290628,0.17877439995472633,1,431874,5,0,Education,1
50,1137088,Business,7,441692,24,Bad,448467,0.39439920709812515,1,958149,1,0,Business,1
28,1362023,Business,6,1474761,180,Good,733951,0.5388678907273293,1,576894,0,0,Education,1
29,1963056,Business,3,1760456,36,Good,416717,0.21227962305730297,1,446967,4,0,Personal,0
26,1828419,Self-Employed,3,947263,36,Average,39887,0.021815009680489165,0,214089,5,1,Car,0
33,1010171,Salaried,3,111055,24,Bad,224237,0.22197902931381983,1,1066903,0,0,Personal,1
55,1868585,Business,14,146279,36,Average,213406,0.11420721336882542,0,271186,1,1,Education,0
22,827240,Self-Employed,1,375732,60,Average,397857,0.4809444889699616,0,1325266,5,0,Education,0
43,1529615,Self-Employed,13,1461243,36,Average,795461,0.520039670087133,0,928826,1,1,Education,0
42,501292,Business,14,1679527,180,Bad,190759,0.3805339392331431,0,1227507,2,1,Business,0
29,631499,Salaried,5,1739586,120,Average,380034,0.6017957244655582,1,1286525,0,1,Personal,1
35,1103428,Salaried,5,1952615,60,Bad,156042,0.1414155328525895,0,309880,0,0,Business,0
43,565624,Business,19,257039,180,Bad,153514,0.27140596685082874,1,720603,0,1,Home,1
37,1617763,Self-Employed,11,793351,36,Good,362498,0.22407347425211588,1,68657,4,1,Education,0
64,2196151,Self-Employed,23,176162,120,Average,291788,0.13286329907948083,0,482831,2,1,Business,0
26,1354217,Business,0,1858521,120,Good,602236,0.44471126509911996,0,1100709,1,0,Car,0
52,1565264,Salaried,25,1235129,12,Good,432193,0.2761149070604658,1,744275,1,1,Business,0
29,405800,Business,8,398760,60,Average,45911,0.11313673450780062,1,43013,5,1,Car,1
30,2377118,Salaried,1,1295728,12,Bad,39420,0.01658309912124719,1,474804,2,0,Business,1
43,2455257,Salaried,5,454223,180,Average,159413,0.06492718891456621,1,1276198,3,0,Education,0
62,2126809,Salaried,14,1595292,60,Average,338773,0.1592869132644665,1,57804,0,1,Business,1
56,1953752,Self-Employed,33,1095886,120,Bad,703231,0.3599385388019878,1,1292632,5,1,Business,1
43,1181837,Salaried,7,189293,60,Average,441049,0.37318904959901444,1,1396133,5,1,Business,0
59,1569318,Self-Employed,33,1093160,120,Good,656611,0.4184050534021445,1,709852,1,0,Home,0
29,1017422,Business,2,516804,120,Average,491300,0.4828866656248188,1,561926,3,1,Personal,1
52,1690291,Salaried,10,372479,120,Average,64347,0.03806857040085382,0,492483,4,0,Business,0
51,2421178,Self-Employed,14,902089,180,Bad,748669,0.3092167080583468,1,1262750,2,0,Business,1
45,521699,Business,16,1138670,60,Bad,172522,0.330691968564309,0,118116,1,1,Personal,0
64,746499,Salaried,27,1564409,24,Good,578664,0.7751694574681849,0,1324491,2,1,Car,0
60,1569561,Salaried,22,707264,12,Average,70805,0.045111311308505174,0,1079544,2,1,Education,0
48,1346548,Business,20,1920526,12,Average,461631,0.3428252518103686,1,790789,5,1,Personal,1
37,1532133,Salaried,4,831836,24,Average,585327,0.3820338168854682,0,239028,0,1,Business,0
64,584510,Self-Employed,41,1460457,60,Good,4428,0.007575563163054245,0,466863,0,1,Business,0
36,233823,Self-Employed,13,408127,12,Good,114039,0.48771298070343505,1,1454158,3,0,Education,1
57,500746,Business,4,1093575,180,Average,337655,0.6743025919276601,1,766177,2,1,Home,1
46,1837785,Salaried,16,857646,180,Good,693586,0.3774030273383299,0,1271339,3,0,Education,0
43,2334180,Self-Employed,11,754367,24,Average,640704,0.27448771110723635,0,573641,1,1,Car,0
52,1874801,Self-Employed,0,1106415,120,Good,146724,0.0782610643683973,0,400075,0,1,Business,0
38,814453,Business,2,1672484,12,Bad,786857,0.9661159500720728,0,575015,1,1,Home,1
22,1871020,Business,0,381786,24,Average,609911,0.3259776346711234,0,263552,1,0,Business,0
62,884026,Self-Employed,12,1900851,12,Good,704724,0.7971747469251504,1,753353,3,0,Business,1
47,1326978,Salaried,1,1065707,120,Average,572402,0.4313572407702006,0,853726,2,0,Education,0
41,2017606,Salaried,17,716620,120,Good,697101,0.3455088131633167,0,98214,5,0,Home,0
59,2491595,Business,28,538741,180,Bad,745401,0.29916607668337886,0,1381815,5,0,Car,0
24,431087,Self-Employed,2,1079799,36,Good,237051,0.5498900456519319,1,631931,3,0,Education,1
55,877320,Salaried,12,1739638,180,Bad,396371,0.4517970047451275,0,810004,4,1,Education,1
39,1899969,Salaried,11,921399,12,Good,35357,0.01860924119854524,1,940671,4,0,Personal,0
53,2407707,Business,23,264185,180,Bad,333595,0.13855293083712808,0,1443837,4,0,Education,0
61,963186,Salaried,21,1642920,180,Bad,587853,0.61032073730231,0,47689,5,0,Home,1
58,535988,Self-Employed,31,273554,36,Bad,316667,0.590808766597822,0,1324092,4,1,Education,0
43,1814178,Business,14,173502,36,Bad,581489,0.32052460093518886,1,751174,3,1,Car,1
57,1671175,Self-Employed,24,387686,60,Bad,689353,0.4124957514947558,0,680714,5,0,Car,0
55,770868,Self-Employed,2,1575294,36,Average,566961,0.7354829419784684,0,64694,4,0,Home,0
62,876802,Self-Employed,19,1018173,120,Bad,404140,0.46092451782213334,0,332322,4,1,Education,1
40,926584,Business,8,655789,24,Average,175759,0.18968470242881116,1,752886,3,1,Home,1
48,1436210,Salaried,23,1016704,24,Average,281038,0.19568016120194037,0,1472629,1,1,Business,0
27,2007820,Self-Employed,2,1844543,60,Average,466922,0.232551606941057,1,230009,4,0,Personal,1
46,1449824,Business,15,458356,120,Bad,355416,0.24514406911178935,0,572774,5,1,Education,0
61,1387538,Salaried,26,275011,60,Bad,239214,0.1724016406025344,1,296870,1,1,Personal,1
57,1246424,Salaried,28,812492,180,Good,740894,0.5944152275507952,1,397538,3,1,Personal,0
58,704249,Self-Employed,3,861355,12,Average,378035,0.5367909123180689,1,33750,5,1,Home,1
48,2461517,Salaried,0,302415,60,Good,390186,0.158514380150785,0,505916,0,1,Personal,0
38,437627,Business,4,512825,60,Average,183118,0.4184330070288007,0,264378,1,0,Business,0
36,898403,Salaried,7,1241709,24,Good,49253,0.054822774609195865,0,651222,2,1,Business,0
45,458530,Salaried,14,132455,12,Bad,417100,0.9096440589622076,1,752376,1,0,Education,1
57,1142847,Salaried,29,1629978,120,Average,554838,0.48548713389707115,1,1028219,5,0,Business,1
48,1437212,Salaried,24,314115,180,Bad,177422,0.12344864679069839,1,747065,2,1,Personal,1
29,2056967,Business,6,718128,12,Good,284769,0.13844114249711226,0,497992,4,0,Home,0
37,1102439,Self-Employed,4,1583917,60,Bad,199451,0.18091778237364392,1,548645,0,0,Business,1
43,269905,Salaried,4,1000170,24,Average,711960,2.637807236593481,1,1380548,3,1,Education,1
39,1299674,Business,12,1637334,24,Bad,291929,0.22461692346163464,0,1444045,2,0,Business,0
28,2148958,Salaried,2,1848746,180,Bad,439363,0.20445387743553972,0,307561,3,0,Car,0
38,2110486,Business,11,125443,180,Bad,636526,0.3016014787108378,1,1140414,4,0,Home,1
32,991815,Business,5,334949,12,Bad,323930,0.32660291828322996,1,14248,3,0,Car,1
61,253968,Business,31,1075150,36,Average,711392,2.8010977717752956,1,847454,5,0,Education,1
59,1279587,Self-Employed,15,832475,24,Bad,431912,0.3375398956539136,0,447170,1,1,Car,0
47,1185434,Salaried,8,1810784,12,Good,636781,0.5371707432292787,0,680473,4,0,Car,0
21,1426402,Salaried,0,1562712,60,Average,17445,0.012230064014167104,1,487656,3,1,Car,1
39,276932,Business,13,1927097,24,Bad,163062,0.5888139008352201,1,1376559,5,1,Car,1
43,1067245,Self-Employed,17,317868,180,Bad,653567,0.6123864601038561,1,940168,1,0,Business,1
30,213761,Business,5,1042410,24,Average,638454,2.98675162096163,1,833469,1,0,Education,1
36,1128206,Salaried,12,550081,180,Good,208997,0.1852470335674216,0,543635,0,0,Personal,0
27,1400540,Salaried,4,64698,12,Good,493548,0.35239810901644436,1,684962,0,1,Car,0
56,548753,Business,5,711846,12,Good,597065,1.0880376270605772,0,1067947,4,1,Home,0
50,1453194,Business,27,260409,24,Bad,107644,0.07407402310082267,0,1226789,4,0,Personal,0
62,931563,Self-Employed,32,1314881,36,Bad,184716,0.19828589340077546,0,497816,3,0,Car,0
49,221347,Self-Employed,5,793259,12,Average,543934,2.4573702947395053,1,957308,4,0,Personal,1
27,1270902,Salaried,0,985778,60,Bad,218163,0.17165983556573555,0,353581,3,1,Home,1
59,1273544,Salaried,11,170931,24,Average,605690,0.47559371675127304,1,827552,0,0,Business,1
44,862879,Self-Employed,0,1064236,24,Good,339726,0.39371175597997404,0,366874,1,0,Personal,0
24,1808788,Business,3,392535,24,Bad,120965,0.06687623597887869,0,1425854,5,0,Car,0
40,1940417,Business,18,1046076,12,Bad,759669,0.3914976051551779,0,1390100,5,1,Car,0
52,553093,Salaried,12,1536485,36,Bad,607348,1.0980918252593592,1,1199767,0,1,Education,1
50,2075132,Self-Employed,11,1844059,180,Bad,742489,0.35780309021156714,1,1409411,2,0,Car,1
36,1131449,Self-Employed,15,1733851,60,Good,715296,0.6321940872331964,1,125588,3,0,Business,1
29,1675305,Salaried,7,478755,12,Bad,102473,0.06116673610671722,0,744543,3,0,Business,0
30,293895,Business,3,1709054,36,Average,759520,2.584315540191088,1,1095994,0,1,Car,1
33,1017451,Self-Employed,2,1649606,60,Good,210290,0.2066829688280135,1,48028,4,0,Personal,1
23,436772,Business,0,326869,12,Bad,172207,0.39427116602903567,0,903273,2,1,Education,1
38,973554,Self-Employed,14,765706,180,Bad,226140,0.23228271643615409,1,496885,1,0,Education,1
47,1426184,Self-Employed,2,1341702,120,Average,162347,0.11383305812359547,0,830198,4,0,Business,0
56,1638848,Self-Employed,26,284284,24,Average,292665,0.1785796006831624,1,1017767,5,0,Home,0
49,1636119,Salaried,23,1113616,180,Good,418403,0.2557287973987238,1,324822,4,0,Business,0
50,1206970,Business,16,1207618,120,Good,82546,0.06839103839280314,0,588277,4,0,Education,0
31,1770374,Business,2,1880538,24,Bad,442416,0.24989959754289345,1,902506,2,1,Business,1
60,998638,Salaried,2,630509,24,Bad,676055,0.6769763648325371,0,1335525,2,0,Business,0
57,2108832,Salaried,21,698478,36,Good,450507,0.21362858035700313,1,1079084,5,1,Business,0
32,1089406,Self-Employed,10,451740,180,Average,534359,0.4905044671091704,0,104613,2,1,Car,0
29,2186375,Salaried,4,1022046,24,Average,223447,0.10219971313259933,0,1097840,2,0,Personal,0
27,1443291,Business,1,884657,36,Average,269371,0.18663652261635205,1,41189,2,0,Home,1
21,2008414,Self-Employed,0,747143,120,Average,625110,0.3112454348329404,0,85587,5,0,Car,0
52,1906897,Business,24,968211,60,Bad,122146,0.06405481572690307,1,673127,3,0,Car,1
43,2486414,Self-Employed,12,716573,180,Average,97021,0.039020437054956635,0,1260685,4,1,Business,0
25,1656661,Salaried,3,1919036,120,Good,642179,0.38763429112275166,1,1452337,5,1,Home,0
49,1403364,Salaried,2,1745635,36,Bad,410018,0.2921677539342936,0,447955,1,1,Car,0
38,903837,Salaried,9,160903,60,Good,620153,0.6861329131990467,1,1321663,4,0,Personal,0
49,1152806,Business,26,703747,180,Average,82169,0.07127732569285232,0,1092629,4,0,Personal,0
30,715795,Self-Employed,5,1825440,120,Good,742149,1.0368163554979353,1,1236305,3,0,Business,1
62,464137,Self-Employed,40,757390,60,Good,168981,0.3640749087555856,1,256219,2,1,Business,0
49,978438,Business,17,131697,180,Good,20063,0.02050511069162206,0,78444,2,1,Education,0
45,832060,Salaried,19,569840,36,Average,93392,0.11224177073555905,0,1068915,5,1,Car,0
38,315423,Salaried,7,376380,120,Good,703647,2.230797276047479,1,1289090,5,1,Business,1
48,1629413,Self-Employed,21,1858773,120,Bad,35495,0.02178390513399296,0,1016184,0,1,Business,0
62,1337106,Business,41,633639,180,Bad,702921,0.525702879425506,0,229096,4,0,Home,0
37,1477308,Salaried,10,1106634,60,Average,350532,0.2372773739278648,0,341798,3,1,Education,0
41,1368608,Salaried,13,1416597,24,Bad,14538,0.010622464122331506,1,1025325,3,0,Home,1
49,648057,Self-Employed,2,921983,12,Bad,624902,0.9642686302769197,1,854311,2,1,Car,1
56,2016105,Business,5,1950892,180,Good,356570,0.17686074045709899,1,1458154,1,1,Education,0
42,1671610,Self-Employed,8,1918298,120,Average,191567,0.11460022696668065,1,1493452,5,1,Car,1
38,1956276,Salaried,0,1160515,180,Bad,78281,0.040015294357598645,1,208569,5,0,Personal,1
21,368160,Salaried,0,1498560,36,Good,190286,0.516855397502723,1,1460764,1,1,Car,1
31,707700,Self-Employed,1,733763,12,Bad,94568,0.133627054363354,1,1340946,1,1,Personal,1
40,2062760,Salaried,19,558062,180,Good,199227,0.09658268699088261,1,522100,3,1,Personal,0
49,2165175,Business,12,673502,180,Good,7166,0.00330966166260849,1,428435,1,0,Home,0
48,2479699,Salaried,17,77224,120,Bad,738970,0.2980078235270396,0,3485,0,0,Personal,0
40,1444982,Business,16,518586,60,Average,491031,0.3398178386873756,0,421144,4,0,Business,0
32,1939146,Salaried,11,1227292,180,Bad,121774,0.06279771466526261,0,296856,3,1,Education,0
45,2379856,Salaried,11,374218,180,Bad,203762,0.08561943007500031,1,196019,2,0,Education,1
30,2051707,Salaried,5,273852,24,Average,5327,0.002596373363071158,0,716606,3,0,Home,0
40,2101736,Self-Employed,3,171704,12,Good,300463,0.14295937122484878,1,799405,5,0,Personal,0
59,570927,Business,17,1077323,36,Bad,147621,0.2585632514082336,0,126566,2,0,Personal,0
60,733904,Self-Employed,25,1376450,120,Good,159317,0.21708122985945047,0,31313,5,1,Home,0
58,2060798,Salaried,37,876080,36,Good,385757,0.18718807608117047,1,193782,5,0,Education,0
59,783871,Salaried,8,416816,12,Good,655160,0.8357997224036577,1,992954,4,0,Home,0
51,1829809,Business,5,1302682,36,Good,351236,0.19195216989742103,1,491358,3,1,Personal,0
24,828359,Business,1,1918540,24,Good,415906,0.5020836351344826,0,1327756,0,1,Car,0
25,1085415,Self-Employed,2,1895329,180,Good,29152,0.02685790517184195,1,1397251,2,1,Car,0
38,714925,Salaried,10,381868,120,Good,490526,0.686121360812168,0,718649,3,1,Personal,0
29,1688684,Salaried,0,555710,180,Bad,412929,0.2445269544053509,0,568837,4,1,Car,0
46,2051419,Self-Employed,6,447857,36,Good,333239,0.1624430882023184,0,377481,0,1,Home,0
60,1587448,Self-Employed,21,1657706,180,Good,55189,0.03476584129631881,0,1438838,2,0,Business,0
56,1465800,Self-Employed,18,1223761,60,Bad,472923,0.32263792970532834,1,658620,2,0,Car,1
59,1174194,Self-Employed,5,831550,120,Bad,165190,0.14068361728673687,1,1284000,3,1,Education,1
34,2376576,Self-Employed,8,1030549,120,Bad,153233,0.0644763456012576,1,411866,0,1,Personal,1
22,1437927,Business,0,777382,180,Bad,293366,0.20401995092939285,1,870735,3,0,Business,1
54,266166,Self-Employed,4,450880,12,Good,292065,1.097299815529348,1,357525,5,1,Personal,1
40,970022,Business,14,1525569,120,Average,703948,0.7257023802528394,1,386795,1,0,Home,1
64,1722844,Business,32,806276,180,Average,63470,0.03684022648584173,1,1383482,5,1,Personal,0
27,2234773,Self-Employed,5,1223180,24,Average,340920,0.15255233862574022,0,1047346,2,1,Car,0
47,234619,Business,22,343245,60,Average,785452,3.347762339101526,0,1390484,3,1,Personal,1
49,1788190,Self-Employed,26,1268603,60,Average,739555,0.4135771849875097,0,59965,4,0,Business,0
47,1913358,Self-Employed,24,605631,24,Bad,249550,0.13042507966356548,1,870375,2,1,Personal,1
31,663264,Salaried,8,780107,180,Average,678102,1.0223696410936804,1,718698,4,0,Business,1
34,329697,Self-Employed,4,198159,36,Average,25428,0.0771251266310381,0,991537,2,1,Home,0
34,1405588,Self-Employed,11,1536539,36,Average,107369,0.07638719426517994,0,34349,5,1,Personal,0
25,1904385,Business,3,63825,12,Good,334591,0.17569494839806635,0,425532,3,0,Business,0
27,819583,Salaried,0,1257648,24,Bad,298443,0.3641396122911135,1,207274,5,0,Business,1
32,2036958,Salaried,11,523033,60,Good,389031,0.19098617105204377,1,1162650,3,1,Business,0
27,1804141,Self-Employed,3,1521904,180,Good,255450,0.14159085038760807,0,857479,4,1,Education,0
28,2420775,Business,3,178407,180,Bad,521404,0.2153871320601328,0,1473106,3,1,Personal,0
47,1850171,Salaried,22,1412067,120,Bad,557125,0.301120652566356,0,1189233,3,0,Home,0
23,1696546,Self-Employed,2,972156,60,Good,75038,0.04422983860747742,0,987753,5,0,Car,0
53,1951045,Business,7,52075,12,Average,426766,0.21873702619005395,1,85726,5,0,Car,0
26,280284,Self-Employed,2,1769789,36,Good,312353,1.1144121162388283,1,1289545,4,0,Business,1
42,897331,Business,0,116856,60,Good,375162,0.4180860595632386,0,1392243,1,0,Business,0
49,1149476,Self-Employed,17,1556118,60,Good,563618,0.4903256002512447,1,1297885,3,1,Home,1
48,461882,Salaried,4,1841234,36,Average,467548,1.0122650108360776,0,657082,4,0,Home,0
29,1704538,Salaried,1,1494070,60,Average,166190,0.0974985025276629,1,200231,2,1,Education,1
31,959737,Business,1,1045310,36,Bad,150025,0.15631870364620346,0,690943,4,0,Car,1
55,1431608,Self-Employed,22,135509,180,Bad,636234,0.44441883223701445,0,809842,2,1,Personal,0
51,2195770,Salaried,29,1097874,180,Average,18444,0.008399783037484327,0,1363770,5,1,Car,0
60,1014740,Self-Employed,10,1143442,60,Bad,459429,0.45275493943774814,1,994142,1,0,Home,1
32,516220,Salaried,10,1173098,180,Bad,588372,1.1397676576505025,0,1336989,5,1,Car,1
30,1211532,Self-Employed,1,653514,12,Bad,632893,0.5223902279178528,0,759703,5,1,Business,1
34,1296550,Business,11,1431880,60,Good,43779,0.03376573694362968,1,1200143,2,1,Car,0
30,2106522,Salaried,0,705300,36,Average,630572,0.2993425659249863,1,1467266,0,0,Business,0
39,1486948,Salaried,4,330750,12,Average,632041,0.42505896301756146,1,302891,2,0,Car,0
53,1919967,Self-Employed,23,1692739,36,Average,147558,0.07685440590676511,0,76085,1,1,Personal,0
44,870330,Self-Employed,0,684290,60,Average,138609,0.1592600975950529,0,166625,3,0,Personal,0
32,2140112,Business,4,799204,120,Bad,365250,0.17066855815557402,1,37659,0,0,Personal,1
64,845085,Salaried,31,1711717,60,Average,251897,0.29807262219466424,1,1308709,5,1,Car,1
54,185258,Salaried,25,1122295,12,Good,374325,2.020549608925882,0,590974,5,0,Home,1
39,664808,Self-Employed,17,969014,60,Bad,290690,0.43725340661753975,0,276126,3,0,Car,0
35,1125749,Self-Employed,4,279292,24,Average,257701,0.22891494559182768,0,713447,5,1,Business,0
55,761487,Business,23,180448,180,Bad,586025,0.7695787720883324,1,1280144,4,0,Personal,1
44,652586,Self-Employed,6,1105056,120,Average,766322,1.1742832756398764,1,977893,1,0,Business,1
41,1555608,Self-Employed,0,1966262,12,Bad,604633,0.38867928894728687,1,144344,4,0,Car,1
36,1569648,Salaried,7,1089492,12,Bad,56822,0.03620044990950206,0,559977,4,0,Education,0
50,821894,Self-Employed,14,519456,60,Good,48068,0.05848435627421994,0,1410345,4,0,Education,0
44,790406,Business,6,599558,36,Good,643981,0.8147460738581516,0,1124918,4,1,Home,0
57,244291,Business,29,888611,24,Average,560180,2.293075499811701,0,116441,0,1,Business,1
50,2204053,Self-Employed,7,255160,36,Good,90845,0.041217229704898335,1,312147,3,0,Business,0
27,1377460,Self-Employed,3,1634603,180,Bad,628322,0.456145037863141,1,274528,0,1,Home,1
54,2304447,Salaried,33,357532,36,Average,313260,0.1359371094509401,1,1235401,5,1,Education,0
64,155673,Self-Employed,34,1158699,24,Bad,244636,1.5714634428356695,0,803059,5,0,Education,1
23,1755768,Salaried,1,153798,36,Bad,68245,0.03886900839461228,1,1207277,1,1,Car,1
47,2084530,Business,21,96537,180,Good,292976,0.1405476819486014,1,23472,2,0,Business,0
44,1254874,Self-Employed,3,1304762,120,Good,579984,0.462184679748979,1,465463,1,1,Car,1
37,660267,Salaried,9,1944089,12,Average,24997,0.037858869428777406,0,1261017,1,1,Personal,0
54,1173146,Self-Employed,20,1117043,12,Bad,782693,0.6671738494834833,1,864813,3,1,Car,1
54,2453329,Business,23,1101916,12,Good,733208,0.29886236258473176,1,189990,4,1,Business,0
64,1444216,Salaried,32,1598247,24,Average,750985,0.519994571452905,0,1482937,0,1,Personal,0
61,2298633,Self-Employed,38,1303903,120,Good,691387,0.3007816816422275,0,1478043,3,0,Education,0
64,2178425,Business,31,861582,60,Average,600050,0.275451174380034,0,1226588,4,1,Car,0
47,1716802,Business,25,125302,36,Good,336064,0.19574989093099207,1,550050,4,0,Education,0
47,1837443,Salaried,18,223845,120,Good,373435,0.20323612583567172,0,35205,3,1,Business,0
29,236042,Business,5,211262,24,Bad,118088,0.5002817283291604,0,613404,2,0,Personal,1
30,2477665,Business,5,1755773,60,Good,82945,0.0334770707593356,1,1178925,2,0,Car,0
58,169427,Self-Employed,11,1406227,60,Average,586858,3.463760417404443,0,406070,5,1,Business,1
59,1931320,Salaried,35,728414,36,Good,335872,0.17390791069946426,0,60254,0,0,Education,0
43,922713,Business,7,364347,60,Average,468454,0.5076914406847626,0,1347259,1,1,Home,0
53,136077,Business,0,1653916,12,Bad,330099,2.4258072576022576,1,668878,4,1,Home,1
25,1339725,Salaried,4,376986,180,Average,747314,0.5578110748018624,0,283363,4,0,Home,0
27,2209284,Salaried,5,186718,120,Good,709405,0.3211016233758886,1,177997,2,0,Business,0
25,155723,Self-Employed,3,403837,36,Bad,306935,1.971019239166731,0,75171,4,0,Business,1
59,1554178,Business,28,1986309,120,Average,365656,0.23527277102573127,0,1451738,3,0,Home,0
42,956005,Self-Employed,2,1664269,120,Good,533440,0.5579881297816123,1,1278082,5,0,Home,1
59,749265,Self-Employed,2,1823201,36,Bad,31455,0.041981085488998565,1,750708,0,0,Home,1
46,1593971,Self-Employed,15,1806171,12,Good,687397,0.4312478512796963,1,33275,4,0,Home,1
61,696052,Salaried,12,665159,24,Average,610431,0.8769892522552162,1,969803,4,0,Car,1
38,1717330,Salaried,5,1955199,180,Good,705734,0.4109481515211686,0,187974,3,1,Car,0
48,1601106,Business,15,266272,120,Bad,451631,0.2820742149025643,0,344604,2,0,Personal,0
55,169496,Salaried,19,875572,180,Average,503954,2.9732325645881637,0,372009,4,0,Education,1
32,928635,Business,3,929824,60,Average,569930,0.6137280915234817,0,1437366,3,0,Education,0
51,699078,Business,12,1437957,24,Bad,26611,0.03806579799993992,0,791955,1,0,Education,0
30,1809329,Salaried,3,1932532,12,Bad,767155,0.42399949152448696,1,1353341,2,1,Business,1
47,988029,Business,15,1889418,12,Average,543252,0.5498335070797445,0,1119247,0,0,Personal,0
35,259674,Self-Employed,3,843664,60,Average,502571,1.9353846153846155,1,188317,3,0,Business,1
39,2056655,Salaried,17,368169,60,Average,709066,0.344766455838993,1,819,4,0,Car,0
49,1240181,Self-Employed,8,1682752,24,Good,364432,0.29385364406191994,1,586532,5,0,Education,0
28,1168514,Self-Employed,5,305842,12,Average,723935,0.6195341951108886,0,567930,2,1,Home,0
52,1541153,Business,27,567528,120,Good,392158,0.254457374149501,1,964393,4,1,Car,0
35,474738,Salaried,1,274716,24,Average,205107,0.43204160601930747,0,1150046,0,1,Home,0
60,2129174,Salaried,37,1293138,36,Bad,473459,0.22236734885577747,1,301697,1,0,Home,1
50,670638,Salaried,9,263525,60,Bad,764723,1.1402900815490897,0,1268078,0,1,Education,0
45,252309,Salaried,15,1283565,36,Average,130257,0.5162577781300781,1,1140631,4,0,Home,1
57,561014,Self-Employed,22,1782186,36,Bad,210550,0.37530190814862346,1,426443,1,1,Personal,1
54,1643831,Self-Employed,32,60447,60,Good,251740,0.15314217024610788,0,1122621,1,1,Personal,0
47,136134,Self-Employed,3,626666,12,Good,106889,0.7851691335806369,1,412152,2,1,Home,1
50,797122,Self-Employed,28,1157981,12,Bad,114764,0.14397276204550616,0,331090,0,0,Business,0
30,1882023,Business,0,1480982,24,Bad,136845,0.0727116126043026,1,970490,5,1,Home,1
60,2160795,Business,13,954832,12,Average,659267,0.30510376731537825,1,800273,2,1,Business,0
56,854303,Salaried,27,1015595,12,Average,54501,0.0637957916619845,1,61855,0,0,Personal,1
40,562909,Salaried,4,1584159,60,Average,646068,1.1477287665879092,1,905588,1,0,Personal,1
30,537860,Salaried,7,1325514,24,Bad,282724,0.5256451016154732,1,289118,5,0,Personal,1
43,1586553,Self-Employed,13,857254,24,Good,277114,0.1746640832899479,0,611016,2,0,Home,0
52,1491507,Self-Employed,3,198016,180,Average,492709,0.33034284764144745,1,770945,0,0,Car,0
21,1063818,Self-Employed,0,1390572,12,Average,267097,0.2510737258875805,0,745178,5,0,Education,0
49,934880,Self-Employed,27,1150126,12,Good,55378,0.05923534653073493,0,1234543,1,1,Education,0
49,1931361,Business,7,1545253,120,Average,263547,0.1364565524225909,0,683687,5,0,Business,0
51,1366912,Business,6,1787953,12,Good,164718,0.12050364580628029,0,1077498,3,0,Education,0
24,2111633,Salaried,0,1073510,36,Bad,453604,0.21481184712881116,0,1370812,2,0,Education,0
36,196204,Self-Employed,10,455448,12,Average,664452,3.3865192018552026,0,951738,1,1,Home,1
55,2104197,Salaried,22,1477117,36,Bad,583385,0.2772481487008352,0,1066878,2,1,Home,0
59,720727,Salaried,9,92446,60,Bad,333779,0.46311368505178097,0,1336796,5,0,Personal,0
29,1833662,Business,1,1697940,60,Good,643759,0.35107814249401337,1,1318822,2,0,Personal,1
25,1333011,Business,2,508993,36,Average,674107,0.5057021242119351,0,1229532,3,1,Home,0
23,1491204,Salaried,2,1928092,120,Good,752015,0.5043002135856572,0,1210741,3,0,Car,0
59,1384364,Self-Employed,32,414750,60,Good,194900,0.14078657001585565,1,1164907,0,0,Business,0
57,2043696,Self-Employed,14,1101987,24,Average,606290,0.29666335078047285,1,1349184,3,0,Education,0
23,204360,Business,0,657990,120,Good,391914,1.9177533873880046,0,833565,5,1,Home,1
40,145180,Business,13,189994,180,Bad,193854,1.3352573683884255,1,1426768,1,1,Business,1
39,488241,Salaried,5,63916,180,Good,686286,1.4056267178980915,0,42941,4,0,Car,0
57,792326,Salaried,21,533787,24,Bad,712839,0.8996777845510755,1,206776,1,0,Home,1
48,1465886,Business,16,1329190,180,Bad,527754,0.3600236580309396,1,808334,5,0,Personal,1
51,2474808,Self-Employed,5,314278,180,Good,379068,0.153170608317652,1,968295,3,0,Car,0
55,729897,Self-Employed,27,222238,12,Bad,89292,0.12233490158898915,0,752039,1,1,Car,0
51,123796,Salaried,6,592852,180,Average,489464,3.953763015258851,1,1142898,0,0,Business,1
37,1156498,Business,3,1714373,180,Average,389273,0.3365960541254251,0,209815,5,1,Business,0
58,2139474,Self-Employed,29,716750,180,Good,56627,0.026467708199441452,1,1001020,2,1,Personal,0
42,2367824,Salaried,10,1554878,24,Average,601766,0.25414293708361047,0,1062588,2,0,Education,0
63,1960763,Self-Employed,11,1934044,24,Good,132409,0.06752928960344029,0,389130,2,0,Car,0
61,2322282,Business,35,1471953,180,Average,540502,0.23274596593093952,1,172604,3,0,Education,0
34,1990820,Self-Employed,0,251626,24,Good,608441,0.30562315748126023,1,1273052,5,1,Car,0
64,2259926,Salaried,9,1428145,24,Good,10091,0.004465188477326923,0,439499,1,0,Education,0
27,272991,Salaried,0,911666,36,Good,243859,0.8932825870355176,0,1345118,4,0,Business,1
52,1478771,Self-Employed,14,1484793,180,Bad,793298,0.5364572767133811,1,910014,3,0,Personal,1
42,447287,Business,9,926910,120,Average,727145,1.625675180197099,1,1076255,3,0,Business,1
62,189131,Business,39,228253,60,Good,181793,0.9611964130871561,1,439706,0,0,Business,1
55,1242073,Self-Employed,6,58429,180,Bad,144855,0.11662348620130523,1,584920,2,0,Car,1
46,1557882,Salaried,17,947653,24,Bad,296644,0.19041481292240817,0,568309,5,1,Education,0
55,1914591,Self-Employed,7,847170,180,Good,5041,0.0026329369390449765,0,482006,5,1,Business,0
36,391394,Salaried,12,206760,120,Average,675150,1.7249837121066953,0,787378,1,0,Business,0
45,1300784,Business,11,1845410,180,Bad,416637,0.32029659013595635,1,1079469,4,0,Business,1
32,498198,Self-Employed,4,1852174,60,Good,434279,0.8716978556761454,0,24193,3,0,Education,0
25,986593,Self-Employed,1,122858,24,Average,240899,0.24417237485733748,0,943043,5,0,Education,0
45,2080346,Self-Employed,14,296641,24,Bad,81107,0.038987245877730975,1,1222810,2,1,Home,1
43,1964415,Business,16,1836610,120,Average,136289,0.06937888919658565,1,490012,4,0,Personal,1
64,1463858,Self-Employed,4,1605610,120,Good,529547,0.36174727210749125,0,603940,1,1,Education,0
50,152389,Business,8,1523913,60,Good,560393,3.677360719207297,1,1175068,2,1,Home,1
48,1011703,Salaried,20,1520712,180,Average,186206,0.18405185706491226,0,171833,0,1,Business,0
37,1896858,Self-Employed,8,1791560,120,Average,69191,0.036476617397497656,0,876836,4,0,Personal,0
46,173445,Salaried,15,1063120,12,Average,307336,1.7719405463371884,0,1380564,2,0,Business,1
35,2335575,Self-Employed,4,1270530,180,Average,583845,0.24997902016461893,1,454134,4,0,Education,0
31,913667,Self-Employed,10,1279961,180,Bad,567137,0.6207254713966124,0,837624,3,0,Business,1
30,147885,Self-Employed,1,452507,12,Good,176050,1.1904439906414401,1,1236118,3,0,Education,1
45,1238244,Business,3,1230492,36,Good,54929,0.044360364871249225,1,818301,4,1,Business,0
64,1032997,Salaried,27,1121099,120,Good,491735,0.47602705910369625,0,1460516,2,1,Car,0
41,1735331,Salaried,10,372866,180,Good,99420,0.057291630650503765,1,898316,4,1,Home,0
43,2071857,Self-Employed,8,449596,24,Bad,47756,0.02304984221891655,0,259876,5,0,Home,0
46,1722443,Self-Employed,24,704272,60,Average,683897,0.3970503540318292,1,1301332,4,1,Home,0
44,1096955,Self-Employed,16,1440441,12,Average,148283,0.13517679834013396,1,677640,3,0,Personal,1
60,1175374,Business,12,1265387,24,Bad,754932,0.6422903328724875,1,1490512,5,0,Personal,1
29,2493844,Salaried,3,336847,120,Average,418743,0.16791059588707397,0,231640,3,0,Education,0
55,1191817,Self-Employed,34,1433552,12,Good,212941,0.17866905853074883,0,172588,4,1,Home,0
60,2491051,Business,37,1021255,120,Average,742646,0.29812545061283346,1,668385,3,1,Car,0
47,169348,Salaried,10,151132,36,Good,373479,2.2053806045503666,1,200596,4,1,Education,1
52,924446,Salaried,31,1527838,24,Bad,542710,0.5870644828746266,1,939320,5,1,Home,1
63,1437190,Salaried,37,750894,36,Bad,518571,0.36082260465032134,0,463513,3,0,Personal,0
63,1093657,Business,1,1474170,24,Average,546284,0.4995016723692416,0,781384,1,0,Education,1
25,2278554,Self-Employed,3,356524,12,Good,450959,0.19791446772186758,0,184914,0,0,Education,0
63,996660,Salaried,26,1739681,24,Average,492351,0.4940004675611868,0,1004392,4,1,Education,0
50,1090137,Self-Employed,5,464082,120,Good,149462,0.13710374282888954,1,1288715,0,1,Home,0
61,649982,Salaried,7,1513454,12,Bad,786442,1.2099424138785169,1,1479440,2,0,Business,1
51,1542541,Salaried,18,1257674,120,Good,541270,0.35089482166449926,0,934711,4,0,Personal,0
50,1470574,Self-Employed,18,1295496,36,Bad,72207,0.0491012019108172,0,547372,2,1,Car,0
46,660902,Business,16,1015618,36,Bad,539512,0.8163255424774891,0,47462,3,0,Education,1
49,869165,Self-Employed,14,1748014,24,Bad,19841,0.022827630165008755,1,1108869,0,0,Home,1
35,740755,Salaried,9,1448146,60,Good,494515,0.6675814978211448,0,1494582,4,0,Business,0
50,2466196,Business,6,533498,36,Bad,758005,0.30735784691977164,1,1471628,0,1,Car,1
57,421366,Business,31,144605,24,Average,173888,0.4126758858667148,0,718706,0,0,Education,0
42,639245,Salaried,12,54999,12,Bad,417242,0.6527095984957277,0,331104,2,0,Business,0
41,1196584,Salaried,12,424315,24,Good,480607,0.40164885904469805,0,908759,2,0,Car,0
57,1592114,Salaried,20,1504609,36,Bad,702490,0.4412306899941273,1,668586,5,0,Education,1
21,413301,Salaried,0,1184876,24,Bad,385672,0.9331481580055262,0,1048764,5,0,Business,1
27,1403173,Business,6,187818,36,Average,338934,0.24154809025822885,0,1129695,4,1,Business,0
53,2338899,Business,16,317377,36,Average,415235,0.17753431100089787,0,1259220,1,1,Home,0
60,1803139,Salaried,21,301006,12,Bad,534669,0.2965210688022006,1,1312707,2,1,Business,1
49,1277849,Self-Employed,17,688838,180,Average,179549,0.140508666901436,1,787979,3,1,Personal,0
61,1672384,Salaried,27,1946039,180,Average,528226,0.3158519120896205,1,60833,3,1,Business,1
38,2187796,Business,7,380072,24,Average,540017,0.24683140163369818,1,1213392,2,0,Education,0
26,2312397,Self-Employed,4,387575,36,Bad,17255,0.007461950754152183,1,855377,5,0,Home,1
29,1366733,Salaried,3,1381565,180,Good,264673,0.19365362974799777,1,1091693,2,1,Personal,0
42,2375156,Salaried,11,682886,180,Average,600824,0.2529618042091533,1,1222607,5,0,Business,0
58,1589361,Salaried,1,593606,24,Bad,18695,0.011762581463505482,1,510699,0,0,Home,1
61,1929063,Self-Employed,40,1838972,36,Good,381485,0.19775652855478096,1,265891,0,1,Business,0
61,2221582,Business,19,155635,24,Average,553215,0.2490183801370464,1,1176641,3,1,Home,0
24,2435185,Salaried,3,390278,24,Bad,207529,0.085221005705519,0,566529,5,1,Car,0
22,1389169,Self-Employed,0,1633884,120,Average,428357,0.30835462902308575,0,1209109,0,0,Home,0
42,1616042,Self-Employed,5,415171,36,Good,150274,0.09298886230131252,0,510829,0,0,Car,0
26,1690992,Business,2,390913,12,Average,506212,0.29935783294194596,1,135662,2,0,Business,0
43,1125511,Self-Employed,6,194177,12,Good,660441,0.5867916112844643,1,245430,1,1,Education,0
39,835327,Salaried,0,120081,120,Good,529627,0.6340347743640822,0,321631,0,1,Business,0
29,1917500,Salaried,1,833185,180,Bad,618741,0.32268092689391037,0,399046,5,1,Car,0
49,2348209,Salaried,19,510882,60,Good,397628,0.1693323850933264,1,76420,0,0,Personal,0
25,1215351,Self-Employed,3,1522270,12,Average,268889,0.22124372198342537,1,169042,3,0,Education,1
63,2344968,Business,27,1898591,120,Average,696650,0.29708281857883834,0,337816,0,0,Home,0
41,1687108,Business,10,412632,24,Good,734948,0.4356256768234892,0,959848,0,1,Home,0
46,305545,Business,7,601442,12,Bad,28687,0.09388766339601894,0,1383404,4,0,Education,1
61,1364227,Self-Employed,13,1710957,12,Good,697862,0.5115435249826276,0,800651,2,0,Business,0
42,1096302,Self-Employed,6,1687011,24,Average,103833,0.09471195463298011,0,564272,4,0,Personal,0
60,2058729,Business,5,1432580,24,Good,479009,0.23267208424611288,0,598137,3,1,Personal,0
25,2069961,Salaried,3,399442,180,Bad,18508,0.00894122694039794,0,554018,3,1,Car,0
48,1996068,Salaried,22,1120038,60,Good,367650,0.18418701958699824,1,1431910,1,0,Education,0
64,2239545,Business,15,972767,36,Good,500146,0.22332472742243295,1,143068,5,0,Home,0
40,2031011,Salaried,0,1795543,24,Average,215287,0.10599986607661599,0,1000855,4,1,Home,0
57,645011,Salaried,11,1156899,24,Bad,729171,1.130476642295027,0,129923,5,1,Business,1
51,640910,Salaried,5,831732,180,Average,439643,0.6859657581161815,0,1117965,2,1,Car,0
29,2241879,Salaried,5,69882,12,Bad,59556,0.026565204203614825,1,1093630,3,1,Car,1
34,1361829,Business,3,1191911,120,Average,36959,0.02713921708289581,1,1385974,4,0,Education,1
30,1257013,Business,6,1007023,12,Average,368657,0.2932799475582611,0,798104,5,0,Car,0
38,1931025,Self-Employed,2,1006544,120,Good,242118,0.12538308650427285,1,935497,3,1,Education,0
28,1427734,Salaried,0,1963293,24,Good,671380,0.47024132629654664,1,1345541,3,0,Car,1
40,1954233,Self-Employed,7,1576380,36,Average,758895,0.388333740995193,1,436395,2,1,Car,1
49,578407,Self-Employed,17,747418,36,Good,203180,0.3512745328557005,1,1215833,0,1,Personal,0
23,591426,Self-Employed,1,1673906,24,Bad,204488,0.3457535756737518,1,912679,3,0,Education,1
40,906012,Salaried,4,730231,24,Bad,313990,0.3465623561692823,1,370631,3,1,Home,1
53,846389,Self-Employed,31,1889658,180,Bad,581566,0.6871135055943478,0,1224483,1,0,Business,1
45,1615135,Salaried,1,1949016,36,Good,57573,0.03564591464743526,1,576220,5,1,Business,1
38,677845,Salaried,2,1832030,180,Bad,485126,0.7156876340643745,0,1372044,1,0,Education,1
56,650959,Salaried,20,1545579,12,Average,318034,0.4885615091557085,1,1421072,0,1,Business,1
33,387299,Salaried,9,302393,180,Average,390419,1.0080531887425768,0,1114344,3,1,Car,1
26,1213142,Business,1,445927,60,Average,143603,0.11837268978183116,0,927984,4,0,Car,0
52,2146029,Business,16,1821594,120,Average,3779,0.0017609259889190738,1,857622,0,1,Home,1
54,1693023,Self-Employed,27,1297313,120,Bad,19462,0.011495407034985918,0,1263797,5,1,Education,0
26,1456845,Salaried,5,1039366,12,Bad,716089,0.49153376540828614,1,309421,5,1,Personal,1
64,2382952,Salaried,8,582190,24,Bad,645633,0.2709382014668355,0,1128145,4,0,Home,0
46,1172493,Self-Employed,12,1831294,120,Good,103246,0.08805674058886442,0,1073267,2,0,Car,0
35,2369750,Salaried,12,93798,24,Average,508446,0.21455671925025036,0,647581,1,1,Education,0
22,1940056,Self-Employed,0,469861,12,Good,417405,0.2151508950510217,0,605586,0,1,Car,0
61,1265161,Business,21,432423,12,Average,480519,0.37980827751702945,1,916357,3,1,Personal,0
37,1676731,Salaried,12,96935,36,Average,731967,0.436543824534869,1,659358,4,1,Education,0
37,1272301,Self-Employed,10,373977,24,Bad,14316,0.01125204550491943,1,1010684,3,0,Home,1
36,1848461,Salaried,2,1802605,24,Bad,395793,0.21412017125588734,1,1201338,5,1,Car,1
40,366818,Business,18,262249,24,Good,77383,0.21095690245052737,0,1398008,0,0,Education,0
57,1519017,Self-Employed,28,1442862,60,Bad,37985,0.025006286956441595,0,304861,3,0,Business,0
61,908957,Business,24,788637,60,Bad,70423,0.07747662708287952,1,89642,4,1,Personal,1
59,1448475,Salaried,24,166562,180,Average,59843,0.041314457402124714,1,858072,5,1,Education,0
48,1345332,Business,6,1599758,180,Good,175946,0.1307824902830749,0,1043497,2,1,Personal,0
29,2089442,Self-Employed,7,477620,120,Bad,681408,0.3261194490589119,0,251987,4,0,Home,0
49,2281886,Self-Employed,16,1168626,120,Average,112726,0.049400342786474524,0,418050,4,0,Home,0
22,1622914,Business,1,219455,120,Average,50420,0.031067554369760584,1,385963,0,1,Business,0
29,2241923,Business,8,135555,36,Average,16945,0.007558240154438777,0,535929,0,1,Education,0
59,1900787,Self-Employed,11,992119,120,Bad,517863,0.2724464800914147,1,515643,5,0,Car,1
29,1486893,Self-Employed,3,1024532,180,Average,380929,0.2561910936489084,1,1483881,0,0,Car,0
59,1819765,Self-Employed,17,540553,180,Average,88106,0.04841611503896655,1,305289,4,0,Personal,0
61,302909,Self-Employed,20,1906213,60,Average,212880,0.7027830048529267,0,329092,5,0,Education,1
30,1629567,Self-Employed,1,1045654,12,Average,219885,0.13493453479695233,0,1385091,4,0,Home,0
39,1314451,Salaried,9,721013,120,Bad,20674,0.01572822742861664,1,1029307,1,0,Car,1
59,1973976,Business,1,948534,24,Average,643918,0.3262033954802918,0,1365570,4,1,Personal,0
60,1290609,Self-Employed,39,816582,180,Good,452826,0.3508619954905045,0,45252,0,1,Home,0
58,622440,Business,11,862457,24,Bad,471326,0.7572219696324631,1,1213984,2,1,Business,1
49,2201509,Salaried,2,775800,24,Good,683454,0.31044782899010226,0,718759,5,0,Education,0
42,811295,Self-Employed,10,280716,24,Average,512543,0.6317583224864908,0,1115626,3,1,Car,0
49,160492,Self-Employed,7,657230,60,Average,239854,1.494482625410454,1,445126,0,0,Car,1
45,1686230,Self-Employed,7,910801,12,Good,367181,0.21775249061368224,1,77214,1,1,Car,0
39,565044,Salaried,4,1076936,12,Bad,756770,1.3393092585546285,1,860830,1,1,Car,1
34,1173518,Self-Employed,9,542797,60,Bad,625635,0.5331272863924658,1,437348,0,1,Education,1
57,1876870,Business,17,1172481,36,Good,401683,0.21401737253119688,1,944439,1,0,Personal,0
46,1997392,Self-Employed,24,933385,120,Good,179669,0.08995175210887392,0,1166224,1,0,Business,0
58,344269,Salaried,13,614107,12,Good,371012,1.0776774043628548,0,118756,3,1,Home,1
49,1643331,Salaried,17,1095391,24,Good,675393,0.4109899886328508,0,1492758,3,1,Car,0
40,1391952,Business,19,123221,180,Bad,663633,0.4767639424607009,0,717779,2,1,Car,0
59,478124,Business,33,1604919,180,Bad,382701,0.8004203921568628,1,636213,1,0,Car,1
50,996538,Salaried,0,1138284,24,Average,556840,0.5587739165250933,0,288574,1,1,Business,1
56,1212012,Salaried,16,214010,24,Good,26358,0.02174729148944772,0,1384515,3,1,Business,0
54,1766592,Self-Employed,22,1902293,120,Good,153359,0.08681060097034235,1,237131,2,0,Home,0
39,2444514,Salaried,18,1969466,12,Average,364355,0.14905001605635473,0,580400,0,0,Home,0
27,1279538,Business,0,1904713,120,Average,238706,0.1865562519000984,0,941608,0,1,Personal,0
61,162125,Salaried,36,1472773,36,Bad,430542,2.6556011990673922,0,98226,0,1,Personal,1
32,2080146,Business,3,1524798,24,Average,378052,0.1817429248990576,0,1295104,2,1,Car,0
29,480038,Business,1,581676,36,Average,381424,0.7945687746203954,1,1140207,5,0,Education,1
22,2126930,Salaried,1,1833394,60,Average,156583,0.07361921942930919,1,1238260,0,1,Home,1
42,834819,Business,7,1323147,60,Bad,517184,0.6195155841977912,1,796451,0,0,Personal,1
49,1299328,Business,23,1206945,120,Good,635091,0.48878382611332466,1,747245,2,1,Education,1
59,394072,Salaried,13,101243,60,Average,121118,0.3073491459704166,0,178884,0,1,Car,0
30,2347370,Business,6,1778527,12,Bad,407107,0.1734310426430249,0,1420150,4,0,Home,0
62,277224,Self-Employed,19,559957,120,Average,726708,2.621365316980792,1,953616,0,1,Car,1
23,1384271,Business,1,706343,24,Good,666862,0.481742027578395,0,946081,3,1,Education,0
37,523570,Salaried,15,1839495,12,Bad,417076,0.7965987420999253,1,688688,4,0,Home,1
24,2259921,Self-Employed,3,1150660,120,Average,565538,0.2502466899300064,0,373277,5,0,Personal,0
38,301652,Business,4,582860,36,Average,272040,0.9018309116766616,0,740694,5,1,Home,1
47,1691895,Salaried,14,810232,120,Bad,308365,0.18226002071049285,1,1352340,1,0,Business,1
46,1834200,Self-Employed,17,1831100,36,Good,460894,0.2512778043409637,1,1391099,4,1,Business,0
26,1325655,Self-Employed,1,1895150,24,Bad,28498,0.021497281345990212,0,688586,4,0,Personal,1
25,300561,Salaried,2,193207,60,Good,644426,2.1440701086631044,1,72916,5,1,Business,1
39,1729652,Business,2,1235291,120,Bad,574382,0.33207932458128886,1,147801,4,0,Home,1
39,1514778,Salaried,5,1634668,60,Bad,713227,0.4708455820948138,1,1040018,0,1,Business,1
38,300482,Business,13,932873,120,Good,530775,1.766406086201216,0,1458996,4,0,Business,1
57,1713912,Salaried,27,865628,24,Average,22727,0.013260299676821402,1,697527,4,0,Business,0
45,250205,Business,7,1789010,36,Average,505750,2.0213344204375594,0,1270940,0,0,Education,1
50,906270,Self-Employed,29,558864,12,Average,303541,0.3349340318734683,0,721351,1,0,Car,0
54,2406671,Self-Employed,26,964883,12,Good,632402,0.26277033181089904,0,1093148,0,0,Business,0
23,1659594,Salaried,1,973680,60,Bad,572551,0.34499441128709113,1,402328,1,1,Business,1
46,2237136,Salaried,10,368950,180,Good,202824,0.09066230633170878,1,810701,4,1,Home,0
50,1178103,Business,24,1514310,24,Good,226468,0.1922309066092637,1,883527,5,0,Personal,0
48,1585504,Business,5,331335,36,Good,260978,0.16460244527768755,1,1192907,4,1,Business,0
48,981062,Salaried,8,204944,180,Good,124148,0.12654437074887137,0,1343511,4,0,Education,0
39,342580,Salaried,0,1368815,120,Bad,76216,0.22247585242614157,1,1496916,2,0,Home,1
50,2085407,Business,29,1419942,120,Good,480474,0.23039808037563872,1,674276,2,1,Business,0
46,1237885,Self-Employed,2,1682286,180,Bad,21045,0.017000757743443257,1,209746,4,0,Home,1
45,332511,Business,16,275650,36,Bad,39212,0.11792657107111924,1,804656,1,0,Car,1
31,365371,Salaried,3,1343715,24,Average,782476,2.1415872042740003,0,388183,2,1,Home,1
40,1565106,Salaried,9,571819,24,Average,558434,0.35680244226113617,1,669716,5,1,Education,0
27,2353564,Self-Employed,4,1947558,24,Good,698035,0.296586242572438,0,1147332,5,0,Personal,0
29,2302122,Self-Employed,0,1618731,12,Average,238538,0.10361653134954127,1,30278,5,0,Personal,1
63,2134444,Business,37,1751921,180,Bad,499966,0.23423700306168582,1,500013,3,0,Education,1
52,1045583,Business,6,651856,180,Bad,271592,0.2597514881635526,0,1389496,1,0,Education,0
40,1712295,Self-Employed,7,954865,12,Average,262321,0.1531983956044983,0,636778,2,0,Car,0
63,1286830,Salaried,7,1016930,180,Bad,472768,0.36738934638658843,1,183219,2,1,Business,1
64,1053679,Salaried,15,1816813,60,Average,376816,0.3576190114645813,1,116315,3,0,Business,1
36,1619624,Self-Employed,5,978050,60,Bad,221600,0.1368217951686347,1,1270680,1,1,Car,1
46,1741418,Business,5,335005,60,Average,767423,0.44068831223272514,1,819537,4,1,Home,0
21,1136895,Business,0,411741,36,Bad,690956,0.6077565582076109,0,1251656,5,0,Home,1
26,641848,Self-Employed,5,646388,24,Good,263480,0.4105015354078607,1,43316,5,1,Car,1
34,416579,Self-Employed,1,1097489,120,Bad,527056,1.2651975610927073,0,1405993,5,1,Car,1
37,1636917,Salaried,10,1397164,120,Good,774088,0.47289357194434906,1,650774,3,0,Car,1
34,2271863,Business,3,1988000,180,Good,70047,0.030832391375540086,1,346136,2,0,Personal,0
50,1936880,Business,24,1051754,60,Average,426669,0.22028663609173718,1,819884,1,0,Business,0
34,868409,Salaried,4,1897899,180,Bad,295645,0.3404440298937138,1,787928,2,1,Education,1
31,1691254,Self-Employed,4,1077035,24,Bad,551577,0.3261347342653828,0,711039,5,0,Business,0
52,916613,Business,12,1824182,60,Bad,762343,0.8316946937314944,1,1339115,4,0,Home,1
54,1465878,Salaried,16,971900,120,Good,449790,0.30683978691283526,0,513339,0,1,Car,0
27,1709516,Self-Employed,5,1370436,180,Good,15568,0.009106665800925057,0,926173,4,1,Home,0
54,930584,Self-Employed,8,602261,12,Bad,111036,0.11931849320588662,0,1431193,5,1,Business,0
59,732382,Business,2,1665575,12,Average,126478,0.17269379545947952,0,1403317,5,1,Business,0
31,2317789,Salaried,2,128191,12,Good,186922,0.08064665047307996,0,868284,4,1,Business,0
43,266601,Business,22,1203794,120,Average,564569,2.1176472794652703,1,335949,2,0,Business,1
41,579976,Salaried,12,1941688,24,Good,408313,0.7040158489043531,1,729652,3,1,Home,1
57,2033125,Salaried,23,929269,36,Bad,734701,0.3613652080589201,1,321628,4,0,Personal,1
64,1525565,Self-Employed,37,62392,12,Good,675389,0.4427137206780959,1,1043443,1,1,Business,0
46,791755,Self-Employed,17,1160664,24,Bad,322754,0.4076432638338074,1,279402,1,1,Car,1
28,2156266,Business,1,981251,36,Good,359462,0.16670570017534933,0,253470,5,1,Car,0
59,198812,Self-Employed,32,1467186,12,Good,724383,3.6435394063768465,1,256803,5,0,Home,1
43,1533054,Self-Employed,4,839870,180,Bad,559439,0.3649177622459729,1,792599,4,1,Home,1
60,1330008,Salaried,6,503925,24,Average,88950,0.06687924668178938,0,309589,5,1,Education,0
47,613740,Self-Employed,6,965615,60,Average,367148,0.59821325282163,1,942655,3,1,Education,1
49,944710,Business,5,1803157,36,Good,634548,0.6716847797897981,0,471882,0,1,Education,0
50,1816661,Business,25,1009206,36,Average,563784,0.31034061371900773,0,1165797,2,0,Car,0
53,1848921,Salaried,15,1170982,36,Average,495762,0.26813570285820604,1,808425,0,0,Business,0
55,1309554,Business,12,1705981,12,Bad,752185,0.5743821374436354,1,1154966,0,1,Car,1
33,2222372,Business,3,1773485,12,Bad,57593,0.0259150916610308,1,655501,2,1,Home,1
60,664982,Self-Employed,31,1363410,12,Average,114153,0.17166303499487956,1,307200,0,0,Personal,1
29,1760827,Business,0,1789919,12,Bad,22365,0.012701410927132008,1,921415,5,1,Education,1
30,2048370,Business,5,1966047,24,Bad,305490,0.1491380223602072,0,611786,5,1,Home,0
31,180390,Salaried,10,1560041,24,Good,62635,0.3472179875936161,0,860563,3,0,Home,0
25,2121454,Self-Employed,1,141964,24,Average,221996,0.10464327548781378,1,1150254,1,1,Business,0
33,1838563,Self-Employed,11,835995,60,Good,204974,0.11148592053363386,0,957377,3,1,Car,0
36,1913807,Salaried,3,1952634,120,Average,441445,0.23066315952279434,0,1343088,0,1,Home,0
29,402961,Salaried,1,1730467,60,Bad,387626,0.9619418208168512,0,378945,3,0,Education,1
58,2349333,Self-Employed,19,1207049,120,Bad,286946,0.12213929564719193,0,589059,3,0,Business,0
40,1892578,Self-Employed,0,814658,12,Good,633772,0.33487215064734416,0,205069,5,0,Personal,0
50,641500,Self-Employed,3,753472,24,Average,799529,1.2463410033655442,1,1463324,4,1,Education,1
33,2081909,Self-Employed,5,1464799,36,Bad,107304,0.051541132901998646,1,1393587,4,0,Business,1
64,1521770,Business,0,80985,12,Bad,115950,0.0761941185631741,0,628985,2,0,Home,0
55,196407,Business,14,126682,36,Bad,121352,0.6178567064478026,0,48577,3,1,Car,1
50,1970487,Self-Employed,15,1445252,12,Average,421440,0.2138759535708921,0,1229999,5,1,Business,0
31,798067,Salaried,0,1111430,24,Good,134753,0.16884902038422792,0,939117,0,1,Business,0
42,1673369,Self-Employed,5,266100,36,Average,254468,0.15206917776702103,0,1205073,5,1,Personal,0
32,1552981,Business,5,239923,60,Good,159770,0.10287949248606874,1,959982,0,0,Education,0
37,1244105,Self-Employed,7,1132760,12,Good,454039,0.36495202177306435,1,323359,2,1,Education,0
53,2223978,Business,11,1151404,36,Bad,627668,0.2822274850616845,0,1162342,1,1,Business,0
53,491871,Business,19,186898,60,Good,654659,1.3309539880294061,0,919696,1,0,Home,0
37,1282130,Self-Employed,3,75692,36,Good,755984,0.589630856753327,0,736425,3,1,Education,0
31,1359220,Salaried,7,1575691,60,Average,385555,0.28365880162239987,1,993176,1,1,Personal,1
32,1638619,Self-Employed,1,1569877,24,Bad,536309,0.3272930880863165,0,593938,3,0,Education,1
45,654028,Salaried,16,1053083,60,Good,710914,1.0869762655784376,0,144391,3,1,Education,0
46,1913479,Salaried,0,1047890,180,Average,414528,0.2166356585906307,0,341774,1,1,Car,0
40,1282626,Business,14,1820170,180,Bad,721333,0.5623871944064798,1,218811,3,1,Business,1
57,2358100,Business,22,1940168,36,Good,612583,0.25977810110762856,1,126097,0,1,Home,0
51,1857663,Business,15,112745,12,Bad,773804,0.41654680286639567,0,892323,2,1,Education,0
31,330906,Salaried,1,823969,12,Good,51866,0.15673890247108704,0,853315,0,0,Car,0
26,1979561,Self-Employed,2,146441,24,Bad,135032,0.06821306935574638,1,985545,0,0,Education,1
36,1344777,Self-Employed,3,1476516,120,Average,346743,0.257844045634298,0,967693,0,1,Personal,0
36,415270,Salaried,1,1333905,180,Average,427060,1.0283886907585649,1,1186884,4,1,Car,1
28,817924,Self-Employed,3,201504,180,Bad,475464,0.5813051318886205,1,1063009,0,1,Car,1
42,2191508,Self-Employed,10,505438,24,Bad,221760,0.10119054952546395,0,14702,5,1,Education,0
40,688473,Salaried,9,226779,36,Average,477516,0.6935861049218998,1,124018,0,0,Education,1
33,1024369,Salaried,12,1883866,120,Average,517220,0.5049152161816531,0,120003,1,0,Car,0
36,1799832,Salaried,6,333655,24,Good,703374,0.39079959085092897,1,943250,1,1,Personal,0
29,1274485,Self-Employed,3,1907767,180,Bad,354404,0.2780760243737475,0,1110162,4,0,Personal,0
60,179727,Self-Employed,29,279819,60,Bad,704629,3.920529911866821,0,828932,0,0,Education,1
39,349942,Self-Employed,18,199392,60,Good,302838,0.8653923638992636,1,446939,1,0,Education,1
57,828902,Self-Employed,15,1431756,36,Bad,291810,0.35204360461959966,0,136474,3,0,Personal,0
48,1907059,Salaried,0,1732297,36,Bad,203665,0.10679527649890407,1,195670,5,1,Education,1
24,566582,Self-Employed,3,99094,60,Good,16696,0.029467880257614508,1,794786,0,0,Home,0
57,345969,Self-Employed,29,393440,12,Average,70304,0.20320837066797698,1,548239,4,1,Home,1
59,574146,Salaried,23,1903334,24,Good,683066,1.1897057722151296,1,1043180,0,1,Home,1
52,1203805,Business,1,1549537,180,Good,313402,0.2603426133446751,1,1331252,0,0,Personal,1
50,244945,Self-Employed,4,78484,180,Good,515463,2.104394437957754,1,1046408,5,0,Education,1
33,1157329,Salaried,3,1253313,12,Good,291349,0.2517423725298748,0,771603,4,1,Home,0
54,2147805,Business,4,333579,180,Good,737950,0.3435831727818993,1,638714,2,0,Education,0
40,1575186,Self-Employed,12,1478837,120,Good,698398,0.4433746596435852,0,1058456,1,0,Business,0
43,781874,Salaried,4,881801,60,Average,573467,0.7334509992006395,0,834501,5,1,Home,0
57,1109656,Salaried,12,1542285,60,Average,419040,0.3776302046488239,0,719904,0,0,Home,0
34,1587048,Business,6,94329,120,Average,658405,0.41486116685748203,0,670088,1,1,Car,0
35,1136613,Business,0,1072278,60,Good,519135,0.456738171446067,1,1399286,5,1,Home,1
40,2420910,Salaried,1,593819,60,Bad,780585,0.32243440589100547,1,565048,1,0,Education,1
47,2130889,Salaried,7,1959052,60,Average,769044,0.36090272139810126,1,1316027,0,0,Car,1
42,2060108,Self-Employed,15,1708302,12,Good,110283,0.05353260434277992,1,786927,0,1,Personal,0
60,657288,Self-Employed,29,1932949,60,Average,624959,0.9508131126490783,0,469528,3,0,Home,0
30,1881256,Business,3,602586,24,Average,223764,0.11894387635501157,0,823797,5,1,Education,0
46,192771,Salaried,11,1946974,180,Good,38056,0.19741456228082915,0,319109,2,0,Business,0
27,2359419,Self-Employed,6,899971,120,Good,681608,0.2888879470378313,1,1231102,2,1,Business,0
50,1165437,Self-Employed,10,922347,24,Average,555997,0.4770712813551643,0,1163015,2,0,Personal,0
55,946969,Business,29,1817394,36,Average,30949,0.03268213354171726,1,1424010,5,0,Education,1
40,1059501,Self-Employed,1,375515,120,Good,312751,0.2951867953057191,0,959092,1,1,Home,0
25,228043,Salaried,2,720528,120,Average,248618,1.090219431337812,0,508665,2,0,Personal,1
49,242793,Self-Employed,24,1159839,180,Bad,289808,1.1936374045487121,1,304347,2,0,Car,1
25,202754,Salaried,4,145363,36,Average,113195,0.5582846292323247,0,1212912,5,1,Business,1
44,413619,Business,19,1051225,24,Average,76810,0.1857018519413955,1,832481,3,0,Home,1
58,1924311,Self-Employed,11,1735041,36,Bad,170985,0.08885513367894603,0,261731,0,1,Car,0
24,145682,Self-Employed,1,1784745,36,Good,251594,1.7269962864575825,0,707102,0,0,Personal,1
60,434716,Salaried,24,556810,180,Average,322682,0.7422806101440708,0,894325,0,0,Home,0
38,2179266,Business,17,1239177,120,Good,225606,0.10352379951607582,1,600216,1,0,Car,0
60,1360874,Salaried,2,977832,36,Good,87174,0.06405731606503169,0,802670,1,0,Personal,0
64,438379,Business,18,1835934,12,Average,128596,0.29334367443770243,0,726548,1,1,Home,0
57,1919707,Salaried,31,1354248,24,Average,404392,0.21065287012399803,0,1499290,2,1,Personal,0
43,932071,Self-Employed,8,1736597,36,Average,556945,0.5975343106541126,0,869815,4,1,Personal,0
63,1598983,Salaried,34,461126,12,Average,355866,0.2225575740595278,0,125272,2,1,Business,0
41,503352,Business,6,1785967,120,Good,531709,1.0563342227025567,1,1366449,4,0,Business,1
41,1609416,Business,17,1037648,120,Bad,483843,0.3006324650479024,0,1422851,0,1,Personal,0
46,944481,Business,14,834748,24,Good,779807,0.8256451684627129,0,164806,4,0,Business,0
64,2109645,Self-Employed,22,1467838,60,Bad,66045,0.0313062001871404,1,107560,1,0,Car,1
29,240201,Business,8,1868193,120,Average,743788,3.0965104370488175,1,195297,4,0,Education,1
44,2360770,Self-Employed,14,261650,180,Good,104374,0.04421182740723264,1,1296606,1,1,Business,0
58,564854,Self-Employed,21,1001181,12,Bad,732616,1.2969983447079338,0,181201,2,1,Business,1
58,1566509,Salaried,14,128771,60,Bad,791621,0.5053405340534053,0,913461,3,0,Personal,0
62,1401426,Business,39,1700372,36,Average,132937,0.09485831227741438,0,491818,3,1,Car,0
34,606719,Salaried,12,1287089,180,Good,763961,1.2591656777426161,1,692942,4,1,Car,1
46,1249498,Self-Employed,2,1512594,24,Good,465570,0.3726053402203603,1,64761,3,1,Education,0
55,1898509,Self-Employed,25,1135570,36,Average,118569,0.062453713701797725,0,1056268,4,0,Home,0
29,548089,Salaried,8,915673,120,Bad,229565,0.4188454450911347,1,1211326,3,0,Home,1
23,568224,Salaried,1,1256190,12,Average,86169,0.1516459149104668,1,1037580,1,1,Education,1
42,729619,Business,10,649062,60,Good,392623,0.5381198432060524,1,748045,5,0,Car,1
43,430323,Salaried,18,452472,24,Bad,54947,0.12768750987627928,1,918021,1,1,Home,1
55,1969684,Salaried,31,1054859,120,Average,403997,0.20510741565275667,1,1394912,5,1,Education,0
25,1233334,Business,0,1148538,12,Good,208563,0.16910490661499106,0,307672,4,1,Personal,0
26,226212,Business,1,1059680,24,Bad,201047,0.8887508675451897,1,668587,5,1,Home,1
34,1263814,Salaried,5,374569,36,Average,487327,0.38559994935967684,0,896156,5,0,Personal,0
59,1120269,Self-Employed,16,112448,60,Average,197940,0.1766895480553795,1,928733,4,1,Personal,0
49,2431418,Self-Employed,28,378017,60,Bad,750802,0.3087916973586206,1,1142693,2,1,Car,1
55,1270766,Self-Employed,32,707396,36,Average,719452,0.5661557154065222,0,539010,4,0,Car,0
34,1538723,Salaried,5,1054507,12,Good,773608,0.5027594292413714,1,1140063,1,1,Personal,0
62,2313383,Self-Employed,12,969105,12,Average,438003,0.1893343258188005,0,896408,3,1,Home,0
27,304391,Self-Employed,2,933065,60,Good,625473,2.054827327919262,1,1427225,4,0,Business,1
36,1327818,Salaried,2,562719,36,Good,63455,0.04778889291386853,1,489355,1,1,Car,0
63,1469529,Self-Employed,32,1828199,36,Bad,564116,0.38387511653385775,0,1401901,1,0,Home,0
59,275780,Self-Employed,7,1900964,60,Average,498488,1.8075501938132068,1,103250,4,0,Education,1
22,937220,Salaried,1,1590453,180,Bad,79535,0.08486258843965297,0,1298756,0,0,Business,1
55,318866,Self-Employed,14,823858,36,Good,778816,2.442447791712532,0,866469,5,0,Education,1
37,1555471,Salaried,12,1058768,180,Average,381822,0.24547018525566516,0,1066743,5,0,Business,0
23,702149,Salaried,1,1301304,120,Average,526765,0.7502171900591041,0,873310,1,0,Car,1
63,2345975,Self-Employed,5,823489,36,Average,139667,0.059534709647498525,1,156974,5,0,Car,0
61,1781130,Business,1,224181,120,Good,587327,0.3297494681749967,0,59737,2,0,Education,0
51,2415063,Self-Employed,12,1968040,180,Bad,511780,0.21191156838907788,1,458152,0,1,Business,1
49,1457194,Business,6,1720273,120,Bad,762103,0.5229931477942211,1,121483,4,1,Business,1
47,2343841,Salaried,13,387060,180,Average,387619,0.16537761504401746,0,1279305,4,0,Personal,0
36,1681509,Business,4,710325,36,Average,458920,0.27292136234693815,0,122400,4,1,Home,0
37,1498188,Business,5,214033,24,Average,286983,0.1915532686463457,0,423158,5,1,Education,0
52,2421638,Business,30,1378404,120,Bad,691328,0.28547937987453953,1,789805,5,1,Home,1
22,2054695,Business,0,338100,12,Bad,564980,0.27497011723388765,0,353779,2,0,Home,0
25,402460,Salaried,1,1942140,120,Bad,788042,1.958058047860538,1,959076,4,1,Personal,1
49,1264438,Salaried,12,1507127,24,Bad,789034,0.6240190313648978,1,878727,1,1,Business,1
45,880762,Salaried,10,418608,12,Good,224537,0.25493464189571996,1,716615,5,0,Business,0
46,2233055,Salaried,13,1002987,180,Bad,758003,0.3394464805181778,0,8070,2,0,Business,0
22,1035733,Salaried,1,308453,120,Average,61305,0.05918990783347848,0,1063682,5,1,Home,0
28,1444302,Self-Employed,3,1051709,60,Average,468979,0.3247095657905578,1,894118,3,0,Business,1
49,892296,Salaried,9,327949,60,Good,17107,0.019171867662896996,0,697761,1,0,Car,0
41,2102550,Salaried,17,581134,12,Average,768819,0.365660095759865,0,1296087,1,0,Education,0
49,436133,Salaried,21,1346819,36,Bad,68748,0.1576304530259049,1,245023,2,0,Car,1
37,1871633,Salaried,6,1759978,12,Average,139085,0.07431207169777852,0,1079861,0,1,Home,0
41,1074637,Self-Employed,7,1688946,36,Bad,105654,0.09831589800472346,1,1160269,3,1,Education,1
28,1530992,Business,7,1103092,60,Good,767809,0.5015104575919028,1,547664,4,1,Business,1
34,1213544,Salaried,8,199018,12,Bad,206885,0.17047987507673798,0,26365,3,1,Car,0
62,1106709,Self-Employed,36,527617,60,Average,56350,0.05091668097333538,1,1194688,5,0,Home,0
60,2048614,Salaried,9,1834988,12,Average,319133,0.15577988055344708,1,266881,1,0,Personal,1
48,880494,Salaried,23,1921973,24,Bad,146167,0.16600548555074135,0,1194701,0,1,Personal,0
45,282591,Business,21,964015,36,Average,108702,0.3846605707167931,1,838769,2,0,Home,1
50,2234400,Business,22,1480079,180,Bad,517088,0.2314213070975174,1,348355,4,1,Education,1
50,648107,Business,14,1109740,180,Average,556989,0.8594076913107075,1,377439,3,0,Car,1
50,598057,Business,10,1786805,180,Bad,298747,0.49952847382695326,1,647145,3,1,Personal,1
23,1180591,Salaried,1,843941,60,Good,410134,0.3473968991827829,0,1038858,0,1,Business,0
36,224457,Salaried,13,1313059,120,Good,18480,0.08233166115709843,1,270088,1,1,Personal,1
24,862538,Self-Employed,0,108823,180,Bad,506035,0.5866807182052058,1,1435140,1,1,Personal,1
25,1953618,Business,2,356179,120,Bad,30294,0.0155066059451715,1,1177133,2,1,Business,1
46,1803231,Business,14,1379780,36,Average,131168,0.07274050149952974,1,759065,4,1,Car,1
44,787578,Self-Employed,22,896757,60,Bad,491033,0.6234714231842139,0,724859,4,1,Home,1
51,536893,Salaried,5,1034364,180,Average,698734,1.3014375277056551,1,309052,4,0,Personal,1
32,573106,Salaried,0,325773,120,Good,366914,0.6402190166932178,0,190000,5,1,Car,0
44,551474,Self-Employed,11,1196147,36,Average,286132,0.518848542544993,0,378102,3,1,Education,0
47,2308759,Business,11,1937983,60,Bad,716653,0.3104060188152948,0,37109,2,0,Car,1
29,1020804,Business,8,271009,12,Bad,634438,0.6215075357193588,1,846648,1,0,Business,1
31,1902238,Business,8,840413,180,Average,782722,0.4114740576762436,1,344535,5,1,Car,0
36,2310198,Salaried,12,1565035,12,Average,212130,0.09182325851582483,0,691175,1,1,Personal,0
54,788726,Salaried,17,1591574,60,Bad,158000,0.20032279863628352,1,86117,1,0,Personal,1
27,1712707,Self-Employed,2,1337375,120,Good,650288,0.3796841026024284,1,950843,5,0,Business,0
40,852531,Salaried,17,1327599,24,Bad,312366,0.3663979768501358,0,1404577,2,1,Home,0
47,206245,Salaried,11,50157,12,Bad,320410,1.5535331594309707,0,734358,2,0,Personal,1
39,194493,Salaried,3,118148,36,Good,143092,0.7357142122636174,0,340453,3,0,Education,0
42,1054792,Self-Employed,9,412249,120,Average,279453,0.2649363429601827,0,470665,1,0,Personal,0
56,1526161,Salaried,18,315066,120,Average,488843,0.32030872214089984,0,289915,0,1,Personal,0
44,2008379,Business,3,464053,24,Average,75494,0.03758949999502086,1,136647,1,0,Personal,0
54,958152,Business,9,1348044,24,Good,636786,0.6645974077208964,1,731759,1,0,Personal,1
28,1161737,Self-Employed,5,1750848,180,Bad,442810,0.3811616732860593,1,557656,1,0,Business,1
23,140966,Business,1,1297970,120,Average,608903,4.319471933147474,0,1325951,0,1,Car,1
25,2250551,Business,2,433852,180,Bad,240601,0.10690754979222875,1,337450,3,1,Car,1
46,2175946,Self-Employed,1,1073105,36,Bad,113172,0.05201045797530914,0,530841,3,0,Home,0
29,1132968,Self-Employed,6,939732,36,Bad,700424,0.6182199159906405,1,1040825,1,1,Education,1
34,1576163,Self-Employed,9,1561223,60,Bad,211061,0.13390801972383584,0,660157,1,1,Home,0
57,2295205,Self-Employed,21,158374,60,Bad,26831,0.011690018238014365,0,304188,2,1,Personal,0
55,2014447,Salaried,19,792692,24,Good,540072,0.2680992510106987,0,758276,3,1,Car,0
33,1569139,Salaried,0,1272745,36,Good,345277,0.22004218871483744,1,842931,0,1,Personal,1
40,1677862,Business,0,1401686,120,Average,31041,0.01850031855997778,1,1407243,2,1,Car,1
60,1314553,Salaried,2,795735,180,Bad,329817,0.2508965017793107,0,1170919,2,1,Personal,0
41,1511876,Salaried,7,1200745,24,Good,382280,0.2528512570797757,1,102800,4,0,Education,0
22,2426482,Salaried,0,909182,120,Good,752807,0.31024614637728765,0,1192958,3,1,Education,0
47,541159,Self-Employed,0,1785853,24,Average,710026,1.3120444970064307,0,132774,1,0,Business,1
47,396681,Salaried,3,1704292,120,Good,413851,1.043281520210143,1,1376269,3,0,Home,1
29,2193772,Business,0,1895431,120,Good,173875,0.07925842828770342,0,773699,4,0,Home,0
38,570608,Business,6,1190105,24,Average,339291,0.5946120723647892,1,1210508,1,1,Car,1
32,272135,Business,6,1964609,12,Bad,417540,1.5343063762236528,0,1246470,2,1,Car,1
38,453308,Self-Employed,5,1014154,36,Bad,379443,0.8370515476198355,0,776608,4,0,Business,1
37,2367786,Salaried,1,1155855,120,Good,35608,0.015038514866413237,0,60840,2,0,Business,0
58,1158246,Salaried,3,1891154,60,Good,508442,0.4389754516955364,0,1362799,1,1,Education,0
47,1513536,Business,11,728611,24,Bad,94771,0.06261558191177355,0,425112,1,1,Education,0
21,919754,Business,0,1106323,60,Good,256632,0.27902213089355316,1,903500,4,0,Business,1
35,1933560,Self-Employed,9,85903,60,Good,198885,0.10285943913846007,0,1482762,0,1,Business,0
52,1543072,Salaried,28,608819,36,Bad,778781,0.5046948524146297,0,457225,5,0,Personal,0
35,2420670,Self-Employed,12,1158608,120,Average,428601,0.17705875767504134,1,1149634,0,0,Education,0
58,1481298,Salaried,3,209307,60,Bad,70744,0.04775808260182448,0,75961,5,0,Car,0
32,847118,Business,0,1810896,12,Good,182285,0.2151822825364559,1,587382,1,1,Personal,1
24,465689,Self-Employed,1,694785,120,Good,761063,1.6342695784749512,1,1034592,5,0,Home,1
50,1080981,Business,26,1284002,180,Bad,602185,0.557072180665358,0,1430838,5,0,Personal,1
46,729705,Self-Employed,24,307266,36,Bad,119618,0.16392629360317718,0,944755,2,1,Home,0
26,426160,Business,1,338123,60,Average,48741,0.11437226775796001,0,275504,5,1,Home,0
47,449083,Self-Employed,24,1335191,180,Average,342462,0.7625789384614015,0,407236,4,0,Education,0
56,2357499,Business,28,801957,180,Bad,164813,0.0699100742311771,1,424829,1,0,Business,1
31,692450,Salaried,6,344343,24,Bad,519060,0.7495981665128651,0,17572,3,0,Education,1
51,2311673,Self-Employed,20,325739,36,Bad,591145,0.2557216112652563,0,1186388,0,0,Education,0
49,773756,Business,14,1373424,120,Average,590262,0.76285190311687,0,589988,3,0,Personal,0
48,287177,Business,22,1247019,60,Average,741892,2.5833873068271247,0,815185,5,0,Car,1
62,1324251,Self-Employed,40,728668,24,Good,102897,0.07770197817333861,0,817688,1,0,Home,0
36,1351289,Self-Employed,1,1652595,24,Bad,6401,0.004736955057759622,0,647280,5,1,Home,1
30,2366669,Salaried,4,515035,60,Good,157042,0.06635568118918142,0,1242538,0,0,Car,0
60,152235,Self-Employed,17,512635,24,Bad,693181,4.553331669250374,1,1227649,4,0,Education,1
27,606814,Self-Employed,0,687308,24,Good,39633,0.06531315145472673,1,1268040,0,1,Business,1
28,2291012,Salaried,7,1007517,36,Bad,528508,0.23068747318326,0,455690,3,0,Car,0
43,142554,Business,14,651309,60,Average,590135,4.1397004664866195,0,1468153,2,0,Home,1
36,267052,Self-Employed,7,1344737,24,Bad,196729,0.736666504401748,0,1097833,3,0,Personal,1
58,197895,Self-Employed,28,1844123,12,Average,238577,1.2055675708452924,0,395491,0,0,Home,1
25,1091238,Business,3,133417,24,Average,503658,0.46154692051878643,0,765588,5,1,Personal,0
43,1420372,Business,10,935225,24,Average,289143,0.20356835845232202,0,1017743,5,1,Business,0
53,2475674,Business,0,958932,12,Good,390829,0.1578676522564553,1,386623,1,1,Personal,0
61,832289,Business,24,946873,180,Good,123105,0.1479111848033738,1,6286,3,1,Car,1
24,224152,Self-Employed,0,1617564,12,Average,592169,2.641807158503344,0,1201581,0,0,Education,1
23,1448802,Business,0,963613,180,Bad,55189,0.038092825594646065,0,1153431,4,1,Education,0
57,616056,Self-Employed,35,1375182,120,Bad,18167,0.029489154412659868,0,1058643,3,0,Business,0
47,2163536,Salaried,25,950008,120,Average,36738,0.016980527719193155,0,901544,1,0,Personal,0
59,568262,Self-Employed,35,1053218,36,Bad,609099,1.0718610924871055,0,206483,5,0,Personal,1
32,576604,Self-Employed,3,1127313,12,Bad,766766,1.329794226550238,1,138973,5,1,Education,1
38,1652340,Business,4,999315,24,Good,751306,0.4546918583996887,1,646888,2,1,Home,0
31,1228065,Salaried,8,1849070,12,Average,454135,0.36979690016660344,1,250616,1,0,Car,1
52,1138282,Salaried,2,539200,120,Average,202768,0.17813496292222583,1,1223218,3,0,Personal,0
22,2142780,Salaried,0,1610475,60,Good,332444,0.15514604618950795,1,1128701,3,1,Car,1
33,1268693,Salaried,3,1634308,120,Good,90654,0.07145458242885991,1,1018182,5,1,Business,0
46,287454,Business,5,1577013,36,Bad,655266,2.2795428849733,1,314976,2,1,Business,1
39,1069677,Business,18,228359,12,Average,53303,0.04983088368649257,0,998354,1,1,Business,0
46,1988492,Salaried,21,1235406,180,Bad,64495,0.03243410964987053,0,687611,1,1,Education,0
61,2428840,Salaried,2,1825750,36,Good,319345,0.13148040567497007,1,561085,1,1,Business,0
53,687435,Self-Employed,11,905860,36,Average,83657,0.1216942377181294,1,151676,0,1,Car,1
47,510737,Business,25,544915,12,Bad,180199,0.352820820068215,1,1149334,4,1,Business,1
56,1173533,Business,20,1221414,60,Bad,104596,0.08912907508431797,1,490055,0,0,Car,1
33,1970391,Salaried,12,1912788,12,Good,381945,0.19384213902614303,0,356401,5,0,Education,0
46,1426610,Salaried,9,1590106,180,Bad,275239,0.19293206066685312,1,988261,2,0,Education,1
50,692161,Self-Employed,12,516086,180,Good,700112,1.0114857504457049,1,300076,1,0,Business,1
33,1291369,Self-Employed,6,1867129,24,Average,590108,0.45696276047918105,1,1284495,2,0,Home,1
56,160291,Salaried,15,521464,60,Bad,361477,2.255115663913358,0,949801,0,0,Business,1
48,173603,Business,22,802380,60,Bad,335435,1.9321847422870442,1,1409577,3,0,Business,1
52,976127,Salaried,25,1352194,12,Average,666140,0.6824309926567007,0,139733,0,1,Education,0
56,1735847,Self-Employed,15,382993,24,Bad,637639,0.36733573446522966,0,469004,5,0,Business,0
21,227915,Business,0,1386176,12,Average,230214,1.0100826620333807,0,975599,5,1,Home,1
62,2306059,Business,39,987391,120,Bad,749432,0.32498373849769735,0,423319,0,0,Home,0
37,548059,Business,0,1868519,36,Bad,608492,1.1102652994197715,0,123263,5,0,Personal,1
41,1085356,Business,3,950000,12,Bad,638838,0.5885971159719797,0,47369,0,1,Car,1
56,2002339,Salaried,8,291310,60,Bad,242051,0.12088406564319745,1,268665,3,1,Personal,1
28,157539,Business,0,1668090,120,Average,439447,2.789431255554145,0,595620,0,1,Education,1
60,123293,Business,25,184531,36,Bad,794003,6.439915973202265,1,25772,3,1,Home,1
48,1011487,Salaried,21,1834883,12,Average,333917,0.3301245294061818,1,501311,4,1,Education,1
62,2264079,Business,7,199323,24,Bad,654616,0.2891311261086181,0,368578,1,0,Car,0
56,920282,Salaried,21,342725,60,Good,596396,0.6480571737172153,1,1471525,2,1,Business,0
27,846780,Salaried,4,1963005,60,Good,681934,0.8053251076724679,1,82009,0,0,Car,1
35,1161207,Business,6,55224,24,Average,177390,0.15276332922267155,1,1372286,2,0,Business,0
48,2160753,Salaried,8,1583856,180,Average,104395,0.04831415330019058,0,1346121,5,0,Business,0
21,550035,Salaried,0,625670,12,Good,195394,0.3552385662029394,0,900963,5,0,Business,0
49,384427,Self-Employed,24,525747,120,Good,326590,0.8495478997367517,1,1499573,3,1,Car,1
59,637555,Self-Employed,2,1407220,12,Bad,139787,0.21925446549009028,0,193978,1,0,Personal,0
40,804831,Business,6,330789,12,Average,539725,0.6706057910222257,1,1256502,3,1,Personal,1
57,926573,Self-Employed,4,828689,36,Bad,328964,0.35503262556471477,1,1076670,4,1,Business,1
23,1423164,Self-Employed,1,1901373,24,Good,129076,0.09069644067975252,1,632651,3,1,Home,1
49,1371823,Salaried,4,1593929,180,Bad,51567,0.03759009902144882,1,1473148,3,1,Home,1
49,886466,Business,0,1924333,12,Bad,186504,0.21039023449265454,0,208640,2,0,Education,1
52,1662615,Self-Employed,5,1882396,36,Average,4400,0.002646431888060743,0,1352334,1,1,Education,0
50,1582311,Self-Employed,26,1698958,60,Good,322786,0.20399643053961544,0,715483,3,1,Home,0
24,2362438,Business,2,1750906,120,Average,334479,0.14158206836240003,1,752917,5,1,Car,1
61,2276723,Salaried,21,780270,180,Bad,788885,0.3465000588564973,0,262682,1,1,Education,0
42,694831,Salaried,19,212540,24,Average,447902,0.6446191309553964,1,1384947,2,1,Home,1
28,2205752,Self-Employed,4,1122516,12,Bad,560769,0.2542301880582277,1,855672,2,0,Education,1
24,1741730,Business,1,1174290,12,Average,482927,0.27726841860195406,0,1263059,0,0,Education,0
26,1918318,Business,4,1383564,12,Bad,52200,0.027211324081135618,1,643895,5,1,Car,1
55,1351734,Business,30,144476,36,Bad,296729,0.219517139084214,0,509179,2,1,Business,0
36,1942638,Salaried,7,968651,36,Average,245317,0.1262802816169139,1,1360109,2,1,Car,0
30,1467471,Self-Employed,6,1366326,12,Bad,575063,0.3918732350600216,1,388145,2,1,Personal,1
26,563090,Business,3,377406,12,Average,217277,0.3858648069317393,0,345059,1,0,Education,0
33,2123509,Business,5,558896,12,Average,385179,0.18138789080343393,0,927591,2,1,Education,0
30,1272084,Self-Employed,4,1958096,60,Good,125300,0.09849970717365585,0,319542,4,0,Business,0
45,2289772,Self-Employed,8,1602975,60,Bad,150235,0.06561130732173015,0,858023,5,1,Home,0
56,241456,Self-Employed,23,551071,120,Bad,246669,1.0215856239413228,0,953711,2,1,Education,1
54,2218158,Business,10,945980,12,Good,750691,0.33842975187982466,1,1285504,3,1,Home,0
41,2476226,Business,15,652265,60,Average,161261,0.06512367404119251,0,181,4,0,Car,0
40,160218,Salaried,1,600921,24,Bad,797371,4.976756814110686,1,1027602,0,1,Business,1
44,1425039,Salaried,17,757760,120,Good,654017,0.45894641553921295,0,1156272,0,1,Home,0
51,2279169,Self-Employed,21,1050449,24,Average,725308,0.31823339198041395,1,513806,4,1,Business,0
63,1900316,Self-Employed,33,1462007,36,Average,37343,0.019650931923463295,0,781374,3,0,Personal,0
34,1213773,Self-Employed,7,766395,120,Good,712481,0.5869964260232959,0,246349,0,1,Business,0
32,1172988,Self-Employed,8,1062156,60,Average,321831,0.27436830183403255,1,637331,1,0,Personal,1
27,1730312,Salaried,3,697966,120,Good,798533,0.46149627263969006,0,1413851,3,0,Car,0
42,2206935,Salaried,1,1371790,60,Good,448914,0.20341052028694986,1,123927,3,1,Personal,0
54,666030,Salaried,26,1925385,24,Bad,195883,0.29410492904984903,0,241216,5,1,Business,0
56,2301429,Self-Employed,6,336517,24,Average,662570,0.2878949175078104,0,328467,3,0,Home,0
45,2232212,Business,8,1060558,60,Average,244378,0.10947790376635205,0,720603,0,1,Personal,0
56,2303800,Salaried,8,1888418,180,Bad,615604,0.2672123156470546,1,338865,1,1,Home,1
46,1320557,Business,6,747264,24,Good,655308,0.49623568218889286,0,157471,1,0,Home,0
52,1280874,Self-Employed,18,855741,180,Good,173027,0.1350850004879477,1,891450,5,1,Business,0
31,1576079,Self-Employed,6,1340905,12,Good,270685,0.17174572356733162,0,148993,1,0,Education,0
61,2181854,Self-Employed,20,704462,24,Good,193831,0.08883770919699063,0,85521,1,1,Home,0
42,1549808,Business,6,1716238,24,Bad,3303,0.0021312303645158854,0,1357373,1,1,Education,0
44,392034,Salaried,12,732166,24,Good,597424,1.5239047534021197,0,1009484,2,1,Education,1
39,610773,Salaried,8,1912740,24,Bad,260668,0.4267830654219073,1,662735,5,0,Car,1
25,1679528,Business,3,1387320,24,Average,258821,0.15410332301496432,1,44777,1,1,Car,1
31,611995,Self-Employed,7,1882782,60,Bad,262374,0.428718488356133,0,1022829,2,0,Business,0
39,2137488,Salaried,2,1323986,12,Good,774886,0.36252163169026835,1,180607,3,1,Education,0
51,1742958,Salaried,7,1895602,24,Bad,215139,0.12343319607632768,0,1170138,4,1,Personal,0
53,1792049,Self-Employed,10,896868,36,Good,125039,0.06977428085153874,0,89236,4,0,Car,0
48,683536,Business,17,1264410,12,Good,343853,0.5030495788816114,1,1426731,0,1,Education,1
50,2349235,Salaried,23,278760,36,Good,475824,0.20254414626712686,0,1347556,5,0,Home,0
47,2318903,Self-Employed,25,146574,24,Bad,409164,0.1764471491704702,1,141308,3,0,Business,1
34,603768,Business,8,1653135,60,Good,357301,0.5917842751118392,0,1183826,0,0,Personal,0
49,790188,Salaried,5,405008,180,Good,464668,0.5880466571921401,0,922050,0,1,Home,0
22,1761759,Salaried,1,127670,180,Average,240864,0.13671782762691853,1,1274809,4,1,Business,0
42,216628,Business,12,1745548,120,Bad,522746,2.4130933531521634,0,1180630,4,0,Personal,1
40,847649,Salaried,5,1469389,36,Average,433724,0.5116781690556244,1,476191,2,1,Car,1
38,2185708,Self-Employed,11,601526,180,Average,608531,0.2784135491046612,1,570374,2,0,Home,0
27,1366337,Self-Employed,2,1811376,180,Good,213268,0.15608729318806913,1,1479964,4,1,Car,0
32,1539468,Salaried,6,1699643,36,Good,52848,0.03432871983781421,0,1230886,2,1,Business,0
28,912621,Business,1,446805,24,Average,626233,0.6861909969297255,1,957608,1,0,Car,1
35,1039666,Self-Employed,14,204165,12,Good,95400,0.09176015012499195,0,1315887,5,0,Personal,0
47,975598,Self-Employed,12,952516,24,Average,90902,0.0931755772607393,0,1160393,5,0,Personal,0
23,1352509,Self-Employed,0,1230224,60,Bad,72799,0.05382511035038558,0,528052,1,1,Car,1
29,1918272,Business,6,1741081,36,Bad,168747,0.08796818805248262,0,1310698,0,1,Home,0
50,1582723,Business,19,1770428,60,Average,712263,0.4500235037820871,0,1377487,0,0,Personal,0
35,954647,Business,14,1858049,120,Bad,26617,0.02788148092281134,1,865541,1,0,Car,1
25,1938994,Self-Employed,0,164785,24,Average,447974,0.2310341181900933,0,1437791,4,1,Car,0
49,1718935,Salaried,13,536265,180,Bad,469022,0.27285599929258564,0,1067415,5,1,Business,0
35,747403,Business,3,691667,60,Average,764601,1.023008975065694,1,377804,4,0,Personal,1
61,712747,Self-Employed,9,788088,24,Good,105780,0.14841150027779804,1,471638,0,1,Business,0
32,1731567,Self-Employed,6,406550,60,Bad,148138,0.08555136154052281,0,1223939,3,0,Home,0
27,1732157,Salaried,2,660874,120,Average,212076,0.12243455851025137,0,1303996,5,1,Car,0
38,1604678,Self-Employed,15,1161318,60,Average,625019,0.3894978372621565,1,603974,5,1,Home,1
49,1706536,Self-Employed,12,406348,24,Average,633594,0.3712746925498832,0,1254576,0,0,Home,0
38,363447,Self-Employed,14,1566138,24,Good,445080,1.2246043450507362,1,233099,0,1,Personal,1
64,2099004,Salaried,23,1032470,36,Average,392507,0.18699669605360636,0,683828,3,1,Education,0
43,1616047,Self-Employed,1,197736,180,Bad,306481,0.18964845103610783,0,16205,5,1,Car,0
48,271816,Self-Employed,5,939744,36,Bad,522187,1.9210976502573422,1,1431724,1,1,Home,1
63,1312109,Self-Employed,0,295946,12,Good,307150,0.23408860537607365,1,58641,5,1,Personal,0
38,690352,Self-Employed,0,1457725,60,Average,201235,0.2914957999747955,1,666551,5,1,Personal,1
56,1465624,Self-Employed,15,422371,120,Good,718565,0.49027889125799573,1,138030,1,0,Home,0
53,1695882,Self-Employed,32,248823,36,Average,755821,0.44567992013599994,0,1236846,0,1,Business,0
28,921010,Business,0,456770,36,Bad,283729,0.3080625529988241,1,558513,2,0,Business,1
51,2322817,Self-Employed,23,437332,24,Average,659024,0.2837174500972526,0,162171,4,0,Car,0
36,765888,Business,12,1018395,24,Average,476488,0.6221371504225808,1,284285,5,1,Personal,1
35,2280899,Business,14,1182101,180,Average,65198,0.0285843307466351,1,1436347,2,0,Home,0
22,1879940,Self-Employed,1,882050,180,Average,366964,0.19519974297065706,0,213213,2,1,Education,0
50,480182,Business,15,75957,60,Good,496928,1.0348721216702799,0,798933,4,0,Education,0
32,1144408,Salaried,5,640620,60,Good,243724,0.21296931429235527,1,473588,1,0,Car,0
42,1611804,Self-Employed,11,779071,180,Good,591338,0.36687936816178135,0,15451,0,0,Education,0
30,1644210,Business,9,1624233,180,Bad,276212,0.16799060461218177,0,124131,2,0,Business,0
60,2178442,Business,5,1352659,180,Bad,196698,0.09029292939957576,0,77622,5,1,Personal,0
44,1141892,Self-Employed,17,1094981,60,Bad,446850,0.3913238806087786,1,1496070,5,0,Personal,1
32,1585794,Salaried,10,418325,12,Average,339107,0.21384037659344365,0,993936,5,1,Car,0
21,2057387,Salaried,0,180167,180,Average,749122,0.364113137628877,0,410063,2,0,Car,0
34,1972464,Self-Employed,2,383126,120,Bad,213465,0.10822245261639624,0,758647,2,0,Car,0
51,1208535,Self-Employed,18,756852,120,Average,52672,0.043583310716437076,0,1105425,1,1,Home,0
21,2429532,Self-Employed,0,794012,120,Bad,622851,0.25636655274902626,1,1377912,3,1,Home,1
39,1371097,Salaried,11,647797,12,Average,148047,0.10797696444747203,1,1169131,0,1,Personal,0
30,382372,Business,8,1182120,120,Good,678834,1.7753188640411326,1,1052555,3,0,Education,1
59,1992825,Self-Employed,23,1846118,36,Bad,300298,0.15068952332014937,0,37339,4,0,Home,1
23,2322936,Business,1,1430473,180,Average,148591,0.06396686608375518,1,1029358,1,0,Education,0
49,578753,Salaried,27,254490,24,Average,242462,0.4189379252670392,1,586356,0,0,Education,0
33,2216939,Business,9,1675569,180,Average,687729,0.31021543208205904,0,1369035,0,1,Education,0
42,2011117,Self-Employed,21,817442,36,Average,565527,0.28120030749065944,1,280226,0,0,Business,0
28,1917333,Business,3,1302379,120,Bad,329931,0.172077999972879,0,1198388,1,1,Home,0
36,2391115,Self-Employed,6,1926976,24,Bad,685273,0.28659128206243445,0,130134,3,1,Education,0
47,263854,Self-Employed,9,1367334,180,Average,66269,0.2511568854105475,0,800376,5,0,Car,0
31,1366937,Business,1,1132368,24,Average,632266,0.46254182706165164,1,349828,1,1,Car,1
26,1835844,Business,3,826264,36,Average,719003,0.39164689829479066,0,414418,4,0,Business,0
43,1036623,Business,6,563229,120,Average,174792,0.1686165861488833,0,301806,2,1,Home,0
24,361322,Self-Employed,1,397432,24,Average,297541,0.8234765016342718,0,842526,0,1,Education,1
29,257733,Business,5,1779983,24,Average,432259,1.6771516369590354,0,1226090,2,0,Car,1
44,154487,Salaried,17,1167599,24,Bad,434735,2.814037336233235,0,1009180,0,0,Business,1
32,1256365,Salaried,8,1912854,120,Average,751117,0.5978488752481363,0,829203,3,1,Personal,0
30,1577290,Business,6,345058,120,Bad,523666,0.33200341598348054,0,1440682,4,0,Business,0
26,600150,Self-Employed,4,1809035,60,Bad,63113,0.10516186759665484,0,786750,1,0,Education,0
56,1043253,Business,1,713886,180,Bad,764947,0.7332317920659782,0,1478953,4,0,Home,1
50,2218113,Salaried,5,546085,60,Good,367964,0.16589048173358087,1,1231614,5,0,Business,0
25,622551,Business,1,1928401,60,Good,101293,0.1627060872023542,0,520044,1,0,Car,0
43,1869090,Salaried,14,282450,12,Good,594853,0.31825791253609376,0,1064848,5,1,Car,0
47,1556882,Salaried,16,983359,24,Bad,234071,0.1503459155248018,1,1115031,2,0,Business,1
51,875495,Salaried,19,1410231,36,Average,581026,0.6636535175489094,0,79791,2,1,Business,0
53,842615,Salaried,17,1700512,180,Good,651207,0.7728395852915207,1,1194579,2,0,Car,1
50,1737126,Self-Employed,13,303902,24,Good,548875,0.3159671112129395,1,361427,0,1,Education,0
60,1064077,Salaried,24,1480041,36,Bad,712622,0.6697084236305985,0,1443480,0,0,Business,1
47,762218,Self-Employed,11,786019,180,Average,23998,0.031484389657040826,0,1054362,3,0,Education,0
38,1370313,Self-Employed,17,249453,60,Average,598272,0.4365948242519598,1,1294645,3,0,Business,0
43,1086534,Self-Employed,0,1242571,60,Average,406300,0.37394101432535537,1,869528,1,0,Business,1
37,973692,Self-Employed,7,380308,180,Good,579584,0.5952430591572497,1,782414,3,1,Business,0
27,1103659,Self-Employed,4,588074,120,Bad,648546,0.5876320605983727,0,578683,2,1,Education,0
40,1284241,Salaried,7,1949771,180,Bad,87773,0.0683461528278938,0,626364,2,0,Home,0
58,2333734,Self-Employed,12,1681840,24,Average,624632,0.2676533539583543,0,345629,5,0,Car,0
43,2130587,Salaried,18,102540,36,Good,696304,0.3268130675663244,1,825740,4,0,Business,0
36,483191,Business,14,252250,180,Good,189835,0.392876951605159,0,1473624,2,1,Education,0
44,1292056,Self-Employed,8,1034027,24,Good,343597,0.2659302182488853,0,1317958,3,1,Car,0
31,967362,Business,2,1217489,180,Good,430480,0.4450035819025536,0,483969,4,0,Home,0
36,877385,Business,3,1022330,12,Average,483385,0.5509376716747247,0,246896,3,0,Personal,0
44,1125003,Salaried,20,162233,12,Bad,711011,0.632007530639891,1,931336,5,1,Personal,1
64,2276480,Self-Employed,13,1586151,12,Average,205705,0.09036095623025187,1,309996,0,0,Personal,0
47,476470,Business,18,699315,36,Good,705317,1.4802936590054798,0,65353,0,0,Personal,0
37,641321,Self-Employed,5,1651839,60,Average,716976,1.1179657020966067,1,1445802,3,1,Business,1
27,2337155,Salaried,0,1838361,180,Average,248216,0.1062042927386961,0,1023056,4,1,Business,0
48,1305997,Salaried,19,1560390,60,Bad,324385,0.24838093167064573,0,840574,0,0,Education,0
23,1477611,Salaried,1,1039950,180,Good,671118,0.45419095134582016,0,876993,3,0,Car,0
42,1798272,Business,19,1739571,36,Bad,107376,0.05971062235822926,0,1003585,5,0,Education,0
46,291550,Self-Employed,18,395896,12,Bad,129682,0.4448003951281251,0,380510,0,1,Education,1
23,1034469,Self-Employed,1,1353280,60,Bad,46252,0.0447108181000899,1,948716,0,1,Business,1
45,2203761,Salaried,0,702341,36,Good,374869,0.170104121951463,0,937228,4,1,Home,0
43,2014588,Business,0,253464,180,Average,10620,0.005271546702578045,1,807155,2,0,Business,0
56,1070364,Self-Employed,30,1043677,60,Bad,155582,0.14535415489108855,0,102837,4,1,Education,0
45,2380346,Business,21,921641,24,Bad,698696,0.2935269521628569,0,676182,2,0,Car,0
40,601133,Salaried,13,1700230,24,Bad,272733,0.45369751170288153,0,1108693,4,1,Home,1
21,1752408,Self-Employed,0,578915,60,Bad,388038,0.2214311841584927,0,118159,3,0,Personal,0
43,800814,Self-Employed,19,1553598,180,Average,71634,0.08945137141537059,1,1474021,0,0,Home,1
50,2211901,Salaried,15,145642,120,Bad,442956,0.20026022852730366,1,639433,5,1,Education,1
49,2329738,Self-Employed,17,1178314,12,Good,337911,0.14504242749938942,1,105946,3,1,Education,0
37,1702459,Salaried,2,1112494,24,Good,128660,0.0755729943728487,0,370432,5,0,Personal,0
24,863061,Self-Employed,0,1832713,60,Average,108715,0.1259642992044604,1,471864,5,0,Business,1
60,401843,Business,25,1562503,60,Bad,607806,1.5125421805476753,1,686694,4,0,Education,1
59,521549,Business,25,1848033,12,Average,282934,0.5424868181382417,0,398706,0,1,Home,0
45,797983,Self-Employed,5,665759,12,Average,247298,0.3099034567109115,1,1457055,1,0,Home,1
40,2082698,Business,18,231649,24,Good,116405,0.0558914178188975,0,304458,2,0,Personal,0
56,1351435,Salaried,30,1388228,180,Average,116189,0.08597447455891363,1,722347,3,0,Home,1
22,891883,Salaried,0,455593,24,Bad,651439,0.730407766032354,1,124323,3,1,Home,1
28,303172,Salaried,7,998189,24,Good,52861,0.17435919425542512,0,620937,1,1,Business,0
26,308175,Salaried,3,675689,60,Average,111892,0.3630782410051399,0,1001571,1,1,Education,0
61,236585,Salaried,29,1266132,120,Average,702959,2.9712620357924813,1,554846,2,1,Car,1
58,2349434,Salaried,11,638095,12,Good,204666,0.08711285904909052,1,1485096,3,0,Home,0
28,2482139,Self-Employed,7,856266,120,Bad,93263,0.03757362598402991,0,708030,4,0,Business,0
23,2181855,Salaried,0,133064,12,Good,65553,0.030044604226860068,0,1382255,0,0,Personal,0
31,1726066,Business,3,875640,120,Average,563093,0.32622893549323406,0,1482366,0,1,Personal,0
34,1275790,Self-Employed,10,1843020,24,Good,179596,0.1407722738285503,0,510135,3,0,Education,0
45,592389,Business,22,1877620,120,Average,758176,1.2798595519843345,1,1028977,3,0,Personal,1
28,1600464,Business,6,883625,24,Bad,604918,0.37796390424033016,0,740792,2,0,Personal,0
50,1870282,Self-Employed,2,405239,24,Average,679847,0.3634995345624165,0,1437304,4,1,Business,0
41,1687771,Salaried,9,751298,180,Bad,414481,0.24557878670815728,1,1088921,2,1,Car,1
49,422899,Salaried,13,504346,24,Average,369143,0.8728848427524237,0,193982,0,0,Car,0
58,138767,Salaried,18,527583,180,Average,758468,5.465726968753603,1,649562,3,1,Business,1
26,1308216,Business,1,471071,24,Average,645940,0.49375600531104546,1,105366,2,0,Personal,1
64,2023391,Business,42,1515622,120,Good,679827,0.3359838330882004,0,451346,4,0,Car,0
28,443356,Business,1,991124,180,Bad,569865,1.2853411584795098,1,362606,4,0,Car,1
37,179999,Salaried,3,1011758,36,Average,64383,0.35768333333333335,1,683582,1,0,Home,1
32,327111,Self-Employed,3,633216,24,Average,654183,1.999874660666683,0,1493950,4,0,Home,1
43,1744002,Salaried,2,1224182,36,Bad,613681,0.35188070204007676,1,804564,5,0,Car,1
46,2021462,Salaried,1,793334,180,Good,414529,0.20506385721628345,0,503142,5,1,Education,0
35,319257,Salaried,7,1345631,24,Good,697940,2.186131592630412,0,326950,2,1,Education,1
44,1433315,Self-Employed,17,750492,24,Good,508976,0.3551038291625852,1,1118187,1,1,Car,0
62,730150,Business,0,527487,36,Good,566383,0.7757066688945163,1,608980,5,0,Education,1
63,704498,Self-Employed,42,1898385,24,Bad,117790,0.16719683065554386,0,384294,0,1,Home,0
61,1616382,Self-Employed,13,1361689,24,Bad,167919,0.10388565086368763,0,37473,3,1,Education,1
48,2020931,Self-Employed,1,1598163,60,Good,45814,0.02266973851668438,1,513861,1,1,Home,1
42,566212,Business,10,750460,180,Bad,533235,0.9417569006716554,1,1214666,2,1,Education,1
47,1537601,Self-Employed,21,596798,180,Average,629365,0.4093159348127799,0,146145,3,1,Car,0
43,736367,Self-Employed,12,1413190,120,Good,79949,0.10857207265932252,0,525056,2,1,Education,0
53,622818,Self-Employed,14,1344532,120,Average,18691,0.030010324026723656,0,1410413,3,0,Home,0
59,1876078,Self-Employed,10,531133,120,Good,632453,0.33711426864220534,0,474010,1,0,Car,0
59,758409,Salaried,25,1635188,120,Bad,92981,0.12259991297583102,1,157234,3,1,Education,1
28,568573,Salaried,0,1829890,120,Average,162331,0.28550549268872655,1,966383,3,1,Business,1
60,967512,Business,35,1269404,180,Bad,275899,0.28516309341579904,1,966208,0,0,Education,1
48,340195,Business,13,913709,60,Bad,375837,1.104766076026761,1,679214,2,1,Car,1
49,424638,Self-Employed,4,896912,24,Good,674418,1.5882149308000442,0,1209150,5,1,Business,0
49,2415312,Business,18,919744,60,Bad,550743,0.228021378595652,1,114547,4,1,Personal,1
47,2348872,Business,21,1061237,60,Good,55546,0.02364793669134091,1,33588,2,0,Business,0
44,867488,Salaried,16,1475529,24,Good,728591,0.8398850014236492,1,871147,0,0,Car,1
31,318742,Self-Employed,1,724043,120,Bad,710493,2.229046598670402,0,1407762,4,0,Business,1
35,732852,Business,9,1295088,12,Good,585579,0.7990401895059446,0,1051048,4,0,Personal,0
42,381887,Self-Employed,6,1702006,120,Average,664161,1.7391512694821518,1,910369,2,0,Personal,1
64,2155390,Self-Employed,6,1742207,60,Good,262402,0.12174218042109297,0,400084,1,0,Home,0
29,1049596,Salaried,3,1621751,12,Good,130571,0.12440107965247614,0,970598,5,1,Education,0
48,2403082,Salaried,6,240545,12,Bad,256653,0.10680155450311121,1,1328854,2,1,Business,1
23,682590,Self-Employed,2,1406260,12,Good,511583,0.749472231541289,1,1370291,5,0,Business,1
25,683667,Salaried,2,872300,180,Bad,200721,0.2935942592018348,0,288676,5,0,Education,0
45,2242771,Self-Employed,5,780467,60,Average,20912,0.009324175618386532,1,1221649,5,0,Business,0
45,1669298,Business,11,1509432,36,Good,148583,0.08900921883976448,1,1238015,3,0,Car,0
53,2087129,Self-Employed,31,1324681,180,Bad,320642,0.15362818799020664,0,901149,2,1,Business,0
30,1396333,Salaried,2,1265614,60,Average,391291,0.28022736680479027,0,505450,4,1,Business,0
26,1623282,Business,5,1057929,60,Average,199303,0.1227777288371775,1,782849,5,1,Car,0
38,2403256,Salaried,3,95915,36,Average,207041,0.08615017037295637,1,483639,3,1,Business,0
38,199146,Salaried,8,1305899,120,Average,133703,0.6713784289996837,0,1177716,4,0,Personal,1
33,1324244,Self-Employed,12,1193332,120,Good,496563,0.37497819512250374,1,1392559,5,1,Car,0
34,645924,Business,6,1453058,60,Average,532099,0.8237783024344931,1,1190229,2,0,Car,1
54,1102159,Self-Employed,8,1754143,24,Average,224998,0.2041427741888655,1,663823,4,1,Home,1
25,1959994,Salaried,1,1413962,120,Good,531091,0.270965487156855,0,1100022,1,0,Education,0
60,1638282,Salaried,28,125956,60,Average,773415,0.47208876610451306,0,505487,4,0,Education,0
48,461200,Self-Employed,5,1493697,60,Bad,445424,0.9657914878762188,0,992555,4,0,Business,1
27,1363259,Self-Employed,5,317805,180,Bad,492451,0.3612304329328228,0,1052414,0,0,Home,0
46,580741,Salaried,9,1052908,36,Good,244571,0.42113537508911014,0,351950,4,0,Personal,0
26,1866123,Self-Employed,2,1245629,60,Average,62457,0.033468837011902744,1,420296,5,0,Home,0
53,408601,Business,6,534575,180,Good,459943,1.1256503883975115,1,1131626,3,1,Personal,1
44,1731262,Salaried,8,1697922,60,Good,791462,0.45715873324850126,0,934257,4,1,Home,0
39,634218,Salaried,4,392237,24,Bad,387514,0.6110097616123137,1,451736,5,0,Home,1
45,1808509,Self-Employed,7,1386106,36,Average,505653,0.27959646338698707,1,771581,5,0,Education,1
46,1187356,Salaried,14,1188347,60,Bad,520584,0.43843932364065735,0,340521,4,1,Education,0
35,311695,Self-Employed,9,90021,60,Bad,217831,0.6988572198552435,0,914878,0,1,Home,1
63,1671461,Self-Employed,24,686725,60,Good,86557,0.051785203612167076,1,849728,3,1,Personal,0
58,1508537,Salaried,36,1887302,24,Bad,19061,0.012635412565013278,1,1104309,0,1,Personal,1
25,302365,Salaried,2,961118,36,Average,10237,0.03385631982431887,0,798126,0,1,Car,0
57,1842397,Business,14,431587,12,Good,78000,0.04233612932710522,1,1125175,0,0,Personal,0
29,2099669,Business,4,460235,12,Average,580123,0.27629246500640575,1,415373,5,0,Education,0
59,1725643,Salaried,34,474104,12,Average,111422,0.06456835824770346,1,288169,4,0,Education,0
21,2055808,Self-Employed,0,1949625,24,Average,202493,0.09849796357540998,0,917930,3,1,Business,0
40,394657,Salaried,10,106263,180,Bad,586402,1.4858485068084266,1,2681,1,0,Education,1
36,945961,Salaried,5,1116003,12,Average,653751,0.6910964711056047,0,546035,3,1,Personal,0
31,1632147,Self-Employed,0,559189,12,Average,465115,0.28497109330771475,1,660487,5,0,Business,0
34,440533,Business,0,900154,12,Bad,507220,1.1513753762479173,1,921541,5,1,Car,1
64,1149658,Salaried,27,1650954,120,Average,456695,0.3972438784022045,1,1356356,2,0,Personal,1
29,1012184,Business,6,423100,12,Bad,53111,0.05247163315006644,0,1134860,4,0,Car,0
57,193406,Self-Employed,1,1964226,36,Average,700493,3.621859601772428,1,204988,5,0,Home,1
45,2175782,Business,13,1658350,12,Good,40655,0.018685227341145694,0,388189,3,1,Car,0
59,1756687,Business,35,1304278,180,Average,368980,0.2100429899902544,0,609089,1,0,Business,0
47,559169,Self-Employed,5,476627,36,Average,114708,0.20513976071677664,0,797696,5,0,Car,0
32,2219802,Business,7,1096097,180,Average,305168,0.13747526244446015,0,404808,1,0,Business,0
38,2071112,Self-Employed,2,1066299,180,Bad,770807,0.37217042237676073,1,1494445,0,1,Personal,1
61,1614600,Salaried,31,1393699,12,Bad,331402,0.20525318639094117,0,404925,5,1,Education,0
63,1448885,Business,41,1331177,60,Bad,586343,0.4046853927776236,1,946698,0,0,Home,1
60,902360,Business,19,1023929,120,Good,517872,0.5739077819187665,1,404598,2,0,Business,1
64,2284041,Self-Employed,2,821878,24,Good,118690,0.05196489381543772,1,281328,4,1,Car,0
42,2268882,Self-Employed,13,178996,60,Average,296690,0.13076478602025754,0,143577,2,1,Home,0
64,1924480,Salaried,33,713403,12,Good,165202,0.08584236477263221,1,617238,0,1,Business,0
38,880199,Salaried,9,1860524,120,Average,563548,0.6402499431947285,0,1364480,3,1,Personal,0
56,1697065,Business,31,1343869,60,Bad,551628,0.32504805352296257,0,1144486,5,1,Business,0
29,573395,Self-Employed,3,1374551,120,Good,351501,0.6130161354456606,0,1176787,2,1,Car,0
41,2459892,Salaried,8,359930,120,Good,392190,0.15943376398892148,1,411141,3,1,Home,0
47,719747,Self-Employed,3,1473992,120,Average,417342,0.579844612280965,0,1316277,0,1,Home,0
59,1591781,Salaried,28,1687031,12,Good,26887,0.016891132077131166,1,415848,0,1,Education,0
52,1131106,Salaried,17,1840066,60,Average,34026,0.030082034679300897,0,1289999,1,0,Personal,0
58,1549537,Business,3,1362452,120,Good,376308,0.2428517403251808,1,396158,5,0,Home,0
21,2052092,Salaried,0,1894437,60,Bad,750637,0.3657909266295436,1,1216916,4,0,Personal,1
56,2033416,Self-Employed,32,670030,12,Bad,553557,0.2722299459481257,0,356944,3,1,Personal,0
43,277061,Business,15,1796342,24,Good,365468,1.3190838151749429,0,224666,4,0,Business,1
29,506711,Self-Employed,2,1786800,120,Good,100730,0.19879142392522775,0,543929,3,0,Car,0
24,1537718,Salaried,3,554176,36,Bad,761920,0.4954871468714375,0,716961,4,0,Business,0
51,2100185,Self-Employed,21,766193,12,Average,336352,0.16015343402917645,1,423544,4,1,Personal,0
52,942461,Self-Employed,21,1152588,12,Bad,396776,0.42099946735252985,1,11575,3,1,Personal,1
41,1472797,Salaried,5,1236338,36,Good,765338,0.5196489946347022,1,218323,5,1,Home,1
58,1330953,Self-Employed,14,1026679,24,Good,487466,0.36625307861879525,0,203631,1,0,Business,0
23,120910,Business,0,1267118,60,Average,509322,4.212371082862601,1,1358061,2,1,Personal,1
35,2019237,Salaried,3,685093,120,Average,397254,0.19673460978844495,1,683575,5,0,Personal,0
24,1348952,Salaried,2,238898,60,Bad,606512,0.4496168509948086,0,868250,3,0,Personal,0
44,2485408,Salaried,0,1354765,120,Good,267791,0.10774524434408984,0,1288703,5,1,Business,0
31,2150247,Salaried,2,730993,24,Good,642441,0.2987753040579505,0,647908,0,1,Home,0
22,1892757,Self-Employed,1,945120,12,Good,78615,0.04153462830430515,1,1307825,4,0,Car,0
60,1368461,Self-Employed,7,1624621,24,Average,163157,0.1192265477594555,1,1239766,2,1,Car,1
33,1314943,Salaried,11,1386541,180,Good,566660,0.4309385038450307,0,546121,0,0,Education,0
34,1046053,Salaried,9,1448688,24,Good,563786,0.5389645276438884,0,833808,3,1,Business,0
26,262140,Salaried,1,719616,36,Average,194793,0.7430848283938797,0,164036,2,1,Home,1
27,2495164,Salaried,2,542457,60,Bad,404938,0.1622890670556857,0,982082,5,0,Education,0
63,658277,Business,5,1863358,24,Good,122850,0.1866232807415712,0,1422456,2,1,Personal,0
28,1282492,Business,4,418758,180,Average,221046,0.17235649629276728,0,545287,4,1,Education,0
36,1023586,Salaried,7,822807,60,Good,727273,0.7105141038328936,0,678148,5,0,Car,0
57,534437,Salaried,31,212829,36,Average,321259,0.6011155643872629,0,703635,5,0,Business,0
50,1801056,Business,4,1020257,12,Good,159806,0.08872900746617125,0,1361325,4,1,Personal,0
29,1413294,Salaried,8,106698,180,Bad,574790,0.40670206857025604,1,760006,0,1,Car,1
63,1254445,Business,39,68679,12,Good,638979,0.5093714675641677,0,1137477,1,1,Business,0
51,1551360,Salaried,20,975636,24,Bad,484626,0.31238763898280286,0,242372,5,1,Home,0
25,474235,Self-Employed,3,938774,12,Average,92238,0.19449809799340412,0,1198322,4,1,Home,0
33,621195,Self-Employed,2,1979548,12,Good,682586,1.098825491471291,1,1323173,0,0,Business,1
26,1101196,Self-Employed,4,868275,24,Bad,63140,0.05733760625937048,1,1154896,2,1,Personal,1
38,1069528,Self-Employed,14,562470,60,Bad,150117,0.14035804545739292,1,289279,1,0,Car,1
21,2398901,Business,0,1053174,180,Average,750793,0.31297360208962266,1,907877,5,1,Car,0
28,1361761,Business,0,1424552,120,Good,609448,0.44754369706306973,1,109318,0,0,Education,1
37,1602338,Business,15,1603281,120,Bad,560670,0.3499072293690661,0,574287,0,0,Personal,0
41,286544,Business,2,1364613,120,Bad,732469,2.5562093213980353,0,1256447,2,1,Business,1
27,350876,Self-Employed,2,1559053,24,Good,239133,0.6815294248411836,0,916049,0,1,Car,1
36,353793,Salaried,6,769082,24,Good,658026,1.8599128306302537,0,1156281,1,0,Car,1
24,1372336,Salaried,1,1062040,36,Good,463530,0.337766889619678,1,1326889,4,0,Education,1
55,2452867,Self-Employed,34,1511737,180,Average,742732,0.3028014552760279,1,927583,4,0,Home,0
21,1378942,Salaried,0,1939656,24,Bad,618698,0.4486755435141264,1,502873,2,0,Car,1
33,1998047,Salaried,1,63014,120,Good,482070,0.24127047998846873,0,792349,5,1,Business,0
27,1567534,Salaried,5,427380,24,Average,460591,0.2938313977040385,0,214943,5,0,Car,0
55,401035,Self-Employed,3,867567,180,Bad,457274,1.140231799638935,1,881525,2,1,Business,1
36,920630,Salaried,2,760862,12,Good,556392,0.6043594013236574,1,794035,1,0,Education,1
26,1329613,Salaried,0,1914348,60,Bad,198761,0.14948774606765572,0,1381017,1,1,Car,1
24,636408,Self-Employed,2,150148,36,Bad,367717,0.5777998111277496,1,1468952,3,0,Personal,1
49,2128463,Salaried,4,1326253,60,Bad,792790,0.37247047636229696,1,316539,3,0,Home,1
48,2210688,Salaried,7,280964,12,Good,413353,0.18697926302614254,0,1217170,3,0,Personal,0
50,555273,Business,11,997193,180,Average,73588,0.1325255639558128,1,243795,0,0,Business,1
29,2126759,Business,1,1717710,60,Good,581716,0.27352216517143446,0,951549,3,0,Car,0
28,1365367,Salaried,4,405641,60,Good,20706,0.01516514229130901,0,691955,1,0,Business,0
44,1832693,Business,15,1317843,60,Bad,795450,0.43403317738804187,1,1208925,5,0,Car,1
50,562466,Salaried,9,739932,36,Bad,566308,1.0068288450700218,1,1105840,0,0,Education,1
31,1621241,Self-Employed,2,1836257,24,Bad,434363,0.2679199033827152,0,811146,3,1,Education,0
49,1631568,Self-Employed,25,1422669,180,Bad,649591,0.39813884671748484,1,339972,4,1,Car,1
24,545930,Self-Employed,1,1399479,120,Bad,459311,0.84133526031678,1,257186,3,0,Education,1
53,914108,Salaried,20,197972,180,Bad,435396,0.4763064361033531,1,352585,1,1,Car,1
39,775519,Self-Employed,17,1507721,36,Average,517359,0.6671123891066639,0,430158,4,0,Car,0
52,559222,Self-Employed,4,592660,36,Good,744057,1.3305193098281007,0,907432,0,1,Home,0
54,1828851,Self-Employed,33,1933929,120,Average,261496,0.14298368594068847,0,1044414,3,0,Business,0
26,1066515,Self-Employed,2,578335,180,Average,278659,0.26127971826020424,0,200287,1,0,Education,0
25,1312575,Self-Employed,1,1544213,120,Good,492723,0.3753862633477985,0,1433840,1,0,Business,0
30,1344726,Business,7,1491394,120,Good,613368,0.45612826990162314,0,468147,5,1,Car,0
46,852613,Self-Employed,2,1263160,24,Bad,415146,0.486909668384521,0,311748,5,0,Business,1
22,2015614,Business,0,330242,36,Bad,338692,0.16803407396749875,0,1304750,3,0,Home,0
56,1073777,Self-Employed,18,73059,12,Average,172949,0.1610658814019285,0,416104,5,1,Business,0
64,731011,Salaried,2,127156,120,Good,595800,0.8150345001176451,1,553520,4,1,Personal,0
24,225332,Self-Employed,2,938454,12,Average,111558,0.495080614024577,1,1022896,0,1,Home,1
35,1391214,Business,3,113683,12,Average,74081,0.05324913834310297,1,426924,3,0,Business,0
62,1854532,Business,12,555917,36,Average,770285,0.4153525442793415,0,986812,5,0,Business,0
50,2162414,Salaried,15,1818073,36,Good,408991,0.18913622038322894,0,633879,4,0,Personal,0
63,1468742,Business,30,640736,24,Average,37213,0.02533663139160493,0,1369368,3,0,Car,0
56,1092017,Business,29,1282375,120,Average,535679,0.4905404489669584,1,1137088,5,0,Education,1
61,288728,Business,33,1634519,36,Bad,13111,0.04540936310519553,0,261459,5,0,Business,1
24,269850,Business,1,142704,60,Good,257994,0.9560609373320833,0,1166184,2,0,Business,0
31,2410884,Salaried,4,1467072,12,Good,109444,0.0453957778989873,1,110353,0,0,Car,0
23,981290,Self-Employed,0,338121,12,Average,209831,0.21383157493546767,1,1128278,1,0,Car,0
59,161108,Business,23,663940,36,Average,546707,3.3933982583220055,1,698673,3,1,Business,1
59,2124795,Salaried,26,1657019,12,Average,127782,0.06013847917635387,0,1009279,0,1,Home,0
49,1281993,Business,11,367122,36,Bad,294274,0.2295439760248488,1,879774,2,0,Business,1
26,932258,Business,3,1234110,36,Bad,489224,0.5247726222004829,1,1083380,5,1,Home,1
26,1666215,Self-Employed,1,1228666,60,Good,779794,0.46800294799713843,1,1275919,0,1,Personal,1
43,1001866,Self-Employed,15,1379052,24,Good,603813,0.6026877819111719,1,1201136,3,0,Car,1
41,1999217,Self-Employed,0,1483713,36,Average,641319,0.3207849269064204,0,753369,5,0,Education,0
30,1185121,Business,8,1156423,120,Average,275491,0.23245792416308195,1,657994,1,1,Education,1
27,1587762,Salaried,5,68703,12,Bad,22489,0.014163952680595279,0,631263,4,1,Education,0
51,898443,Self-Employed,26,1835848,36,Average,544021,0.6055146453201312,1,601230,3,0,Education,1
28,2196020,Business,7,957951,36,Average,326561,0.1487057728500775,0,215765,0,0,Education,0
43,1355512,Salaried,4,312884,36,Average,356139,0.262733739919868,0,252230,4,1,Home,0
46,2117179,Business,3,1819840,120,Good,157605,0.07444100170982156,0,161480,3,1,Car,0
46,1538314,Self-Employed,19,1335556,24,Good,408254,0.2653903784335458,1,1418607,5,0,Car,0
35,1449928,Salaried,0,1708954,180,Average,710421,0.48996950885181273,1,282309,4,1,Car,1
41,1719627,Business,6,1596177,12,Bad,59750,0.034745886901120474,1,206376,1,0,Home,1
45,1841575,Business,8,1616313,60,Average,524587,0.28485764367042143,0,1167785,2,0,Education,0
53,216190,Salaried,21,395344,12,Average,668388,3.0916550642718708,1,25437,5,0,Home,1
26,1404584,Salaried,5,1551709,36,Average,335078,0.2385601440995027,0,809524,5,1,Personal,0
46,1287423,Business,23,1976176,36,Bad,500807,0.3889992729667926,0,46635,4,0,Business,1
63,340961,Salaried,33,1725159,24,Bad,626823,1.8383954810213454,0,1022360,0,1,Personal,1
50,1777631,Salaried,23,214957,180,Good,451064,0.25374430703317674,0,456710,5,0,Car,0
29,581185,Self-Employed,2,335537,120,Average,138238,0.23785500683085967,1,1417170,2,1,Business,0
41,769611,Salaried,10,1876547,24,Good,670389,0.8710739957277174,1,1380562,1,1,Car,1
26,1661733,Salaried,4,612167,12,Good,351513,0.2115338555990309,1,995725,4,0,Business,0
44,1269741,Business,12,1650438,120,Good,595549,0.4690315040378282,1,929353,1,0,Personal,1
48,1855107,Business,13,1262299,60,Average,720127,0.3881860247489634,0,1233343,5,0,Business,0
57,1259657,Salaried,26,611065,120,Good,211703,0.16806387130475098,0,152779,5,1,Business,0
24,2378844,Salaried,3,702140,12,Average,561357,0.23597880484016404,0,521644,3,0,Education,0
43,2327701,Self-Employed,1,1605476,12,Good,248968,0.10695870863194687,1,1107913,0,0,Home,0
30,1593272,Business,0,1083601,60,Good,421552,0.26458240364331786,0,735660,0,1,Education,0
48,803792,Salaried,18,495626,24,Bad,172685,0.21483765098725666,1,621939,1,1,Business,1
54,210061,Salaried,16,419380,36,Average,444629,2.116656034884939,1,958225,2,0,Business,1
38,1403839,Business,4,1124471,180,Bad,199429,0.14205963642580352,1,1363534,0,0,Business,1
55,123961,Salaried,13,1449510,180,Good,234601,1.8925235152708089,0,211310,1,0,Personal,1
59,1412612,Business,17,384714,12,Good,451616,0.3197025653876893,1,588907,5,1,Home,0
33,1644808,Self-Employed,9,444420,12,Bad,501632,0.3049788759667536,0,306243,3,0,Personal,0
48,613558,Self-Employed,19,961044,12,Good,743206,1.2113032324519728,0,139295,0,1,Home,0
51,184590,Business,2,151872,24,Average,486253,2.63421835300746,1,552302,2,1,Car,1
63,172945,Self-Employed,20,508953,60,Bad,73492,0.42494188937587457,0,662745,0,1,Home,1
23,2086996,Self-Employed,2,103583,60,Good,728674,0.3491495196207757,1,1156756,0,0,Home,0
31,2331325,Self-Employed,0,66448,36,Good,774696,0.33229844303199124,0,970975,2,0,Home,0
52,670185,Self-Employed,4,1725192,12,Bad,153770,0.2294437663573993,0,565860,3,1,Personal,0
34,147442,Business,8,1709963,60,Good,88399,0.5995469435646318,1,1053339,3,1,Home,1
27,1516749,Self-Employed,2,717380,36,Average,160817,0.10602736113400363,0,293050,0,0,Home,0
23,1665181,Business,1,965428,120,Average,54183,0.03253878555016809,0,452978,5,1,Education,0
52,857153,Self-Employed,14,1931799,36,Average,765033,0.8925268971503371,0,1269247,2,0,Business,0
53,1472642,Business,27,1810205,120,Average,647700,0.43982146385783927,1,829261,2,0,Business,1
60,938769,Self-Employed,38,1239139,60,Average,788736,0.8401802358405147,1,1470792,0,1,Education,1
63,2032882,Salaried,37,1233462,24,Average,649998,0.3197419625231752,1,617043,5,1,Car,0
61,2386030,Business,25,1636229,36,Average,226934,0.09510940972686441,1,954053,0,1,Education,0
26,1494335,Self-Employed,3,845656,24,Good,348386,0.2331376611418048,0,178115,4,1,Personal,0
61,2342397,Business,39,1214199,12,Good,766909,0.327403370392222,0,43927,5,0,Personal,0
60,2186629,Self-Employed,13,437661,24,Good,610545,0.27921733443701036,0,661932,2,0,Education,0
26,815613,Self-Employed,3,1575008,24,Average,420947,0.5161105621041326,1,47813,4,0,Home,1
48,554076,Business,12,270179,120,Bad,757689,1.3674796102346787,0,1243088,4,0,Education,0
55,444326,Business,22,1623649,60,Good,393443,0.8854807382850919,1,1381203,5,1,Personal,1
27,1440937,Self-Employed,0,1334208,36,Bad,535844,0.3718716558241923,1,339248,2,1,Education,1
61,1635810,Self-Employed,28,1827160,120,Good,256676,0.15691054773442653,0,38199,1,1,Education,0
45,204709,Salaried,6,1593750,60,Average,177027,0.8647696741732207,0,1141180,4,1,Home,1
51,1854577,Business,17,1379766,36,Good,671945,0.36231692600688675,1,1317807,1,0,Personal,0
43,160711,Self-Employed,18,1200236,12,Good,487082,3.030775548807805,1,960820,5,1,Car,1
49,1425211,Self-Employed,13,642947,60,Good,339013,0.2378684714975737,1,1100035,1,1,Car,0
35,2272239,Salaried,9,216950,36,Bad,708289,0.31171399147977324,1,1463099,1,1,Car,1
61,1215091,Salaried,4,1446418,120,Average,762177,0.6272586767092533,1,355917,1,0,Home,1
60,2299251,Self-Employed,28,1847615,120,Bad,704165,0.30625829617632166,1,1009649,1,0,Car,1
28,759030,Self-Employed,5,531793,180,Good,384830,0.5070016903130439,0,110138,1,1,Home,0
41,2062757,Salaried,16,1336001,12,Good,91006,0.04411860237604217,0,1132995,1,1,Home,0
63,1986415,Salaried,3,652362,36,Good,505573,0.25451516701436155,1,107665,2,1,Education,0
38,832377,Self-Employed,6,1403144,24,Average,373818,0.4490964441635891,1,1132226,5,0,Car,1
35,1753502,Self-Employed,3,466793,36,Average,687535,0.3920922861266847,1,1243257,0,1,Education,0
29,495814,Salaried,6,1074395,12,Bad,301968,0.6090336113268053,0,812488,3,0,Business,1
64,1831785,Business,11,1390324,24,Good,399251,0.21795722862823497,1,457736,4,0,Education,0
54,681187,Business,3,247020,12,Good,93270,0.13692255295160807,0,1125263,2,1,Personal,0
59,1726713,Salaried,11,799739,36,Good,643331,0.37257530778113807,1,613870,0,1,Personal,0
26,892674,Self-Employed,5,1416807,12,Good,738400,0.8271767440557873,0,77895,0,1,Personal,0
23,1279547,Self-Employed,1,1367413,60,Bad,299815,0.234313210602494,0,557111,4,0,Car,1
38,400522,Business,2,824331,180,Average,234646,0.5858490024293237,0,407742,5,0,Personal,0
62,2035839,Self-Employed,1,1929289,36,Good,348752,0.17130619302106256,1,200744,1,1,Home,1
40,232251,Salaried,10,1161952,120,Good,798285,3.437150164476517,1,28369,1,0,Business,1
64,2213041,Salaried,7,1793708,60,Good,724443,0.32735167249424096,1,1015751,3,0,Car,0
40,835382,Self-Employed,7,124128,12,Bad,715122,0.8560408818470091,1,325913,5,1,Home,1
37,1528518,Business,16,938060,120,Good,383995,0.2512202988644564,1,935765,5,0,Home,0
48,1978353,Business,5,153837,36,Good,189001,0.09553446956409217,1,665073,5,0,Personal,0
62,2133624,Self-Employed,40,1017513,12,Average,360201,0.1688211377350753,1,1206529,2,1,Home,0
62,1793718,Salaried,10,1132569,36,Average,474763,0.26468081120844456,0,1221261,5,1,Car,0
61,1430245,Self-Employed,10,1724560,12,Average,242862,0.1698043553346767,1,435238,2,0,Business,1
57,326408,Salaried,25,732584,36,Average,194320,0.5953267219960234,0,856718,4,0,Personal,1
23,1414491,Business,0,1920845,120,Average,214955,0.15196621826069007,0,1462770,1,1,Business,0
60,1371487,Salaried,18,842574,12,Bad,265899,0.19387628619426492,1,328510,3,1,Personal,1
62,2265446,Salaried,6,1329294,36,Good,764020,0.337249116840959,1,962762,1,0,Personal,0
22,1545869,Business,1,1478399,180,Average,416443,0.26939069908853913,1,82435,5,0,Home,1
31,2117405,Business,7,341690,180,Bad,88410,0.041753919654520674,0,1468764,3,0,Car,0
52,2482992,Salaried,27,1151021,120,Bad,673373,0.27119407908117343,0,1479049,3,0,Personal,0
53,1691809,Salaried,17,1139702,60,Good,33743,0.019944911071574232,0,348611,1,0,Home,0
48,402472,Salaried,17,554575,12,Good,9800,0.024349459466846222,1,65749,1,0,Business,0
60,944982,Salaried,12,1782311,36,Average,652684,0.6906833244619215,1,327983,4,0,Education,1
45,343019,Salaried,14,1148588,180,Average,217039,0.632729869978427,0,968511,5,1,Personal,1
28,1654586,Business,2,1970339,60,Average,315955,0.19095701827706854,1,725171,1,0,Home,1
58,1702416,Salaried,4,1962513,24,Average,701473,0.4120453449419267,1,1187253,3,1,Car,1
22,2225489,Self-Employed,1,1176246,120,Average,395055,0.17751371608050362,0,233970,2,0,Home,0
35,1745966,Self-Employed,6,1639223,180,Good,294658,0.1687649308377535,0,758290,2,1,Business,0
38,1361053,Business,6,1661090,36,Bad,2052,0.0015076550967118131,1,1486604,1,0,Personal,1
44,1955793,Salaried,3,772531,180,Average,473031,0.24186136167715006,0,908458,0,0,Education,0
61,1574307,Salaried,37,480988,36,Good,72981,0.04635751072852326,1,1343772,5,1,Business,0
29,585987,Business,7,1026117,24,Bad,423588,0.7228612190010717,1,71871,2,0,Education,1
24,1888743,Self-Employed,3,1687258,24,Good,617178,0.32676635901953893,0,1482777,2,1,Car,0
51,1008673,Salaried,7,982454,36,Good,334016,0.33114365989407873,0,137596,1,0,Personal,0
47,2005228,Salaried,10,480082,180,Bad,539553,0.2690730086189657,0,1040207,0,1,Education,0
27,2296290,Self-Employed,5,1499887,24,Average,309529,0.134795197995376,0,808709,5,1,Business,0
31,1615006,Salaried,5,509702,60,Bad,233812,0.1447746046921159,0,1411768,2,0,Car,0
42,374072,Salaried,0,715236,36,Average,415212,1.1099758603267276,0,923923,0,0,Education,1
47,1148780,Self-Employed,19,490640,180,Good,168578,0.146745115039333,0,22879,3,0,Business,0
37,796133,Self-Employed,16,1600793,180,Bad,340714,0.4279606196946745,1,528172,4,0,Business,1
62,795423,Business,12,787603,12,Bad,595005,0.7480350102586797,0,18484,1,1,Personal,1
61,395424,Business,36,52754,60,Average,43386,0.10971992160333818,0,1079941,1,0,Car,0
57,121803,Business,16,1850922,60,Good,474420,3.89494597878559,0,105210,5,1,Home,1
64,2392923,Salaried,36,1046068,24,Bad,513680,0.21466624096711806,1,62519,0,0,Business,1
39,136486,Salaried,16,1820218,12,Bad,407589,2.986284408038861,1,156895,0,1,Home,1
57,1366903,Salaried,26,1447791,12,Bad,486633,0.3560111024622066,1,923530,0,0,Personal,1
33,1956797,Business,1,1387060,120,Good,571631,0.2921257074056699,1,1207581,1,1,Personal,1
36,280330,Salaried,5,345171,180,Average,411518,1.4679717904905272,1,1431912,3,0,Personal,1
47,2068578,Business,26,1892260,12,Good,121918,0.058938043942242474,1,720995,1,0,Car,0
59,958817,Business,32,847873,180,Bad,767419,0.8003802598616213,1,697671,3,0,Business,1
62,1808917,Business,26,1488154,180,Average,686746,0.37964462734076393,0,487030,0,1,Education,0
59,231895,Self-Employed,35,1597638,12,Bad,12567,0.054192396591575535,1,1055433,3,1,Education,1
28,1226662,Business,1,1917278,36,Average,120071,0.09788425998012494,1,526300,1,1,Education,1
59,1103330,Salaried,13,1561007,180,Good,446278,0.4044824263978806,0,234027,0,1,Education,0
55,236293,Business,1,348310,24,Average,381383,1.6140189763599584,0,1182654,4,1,Personal,1
49,1305615,Salaried,28,1117455,180,Average,526549,0.40329545593803995,0,945844,1,0,Personal,0
24,2128007,Salaried,2,890582,60,Average,369311,0.1735477498204894,0,537344,3,1,Education,0
56,595614,Business,11,739753,60,Average,83800,0.14069491198173317,0,321605,0,1,Education,0
33,1930782,Self-Employed,5,65860,24,Bad,68578,0.03551823275841977,0,772884,2,0,Car,0
57,1222745,Salaried,16,862773,60,Good,449974,0.36800283951041346,1,476337,2,0,Personal,0
61,699443,Salaried,10,1310795,24,Average,553815,0.7917931957383293,1,357610,5,1,Business,1
50,2056915,Salaried,3,1393777,36,Good,103992,0.05055724200696577,0,1291388,5,0,Personal,0
26,2406938,Self-Employed,1,1372734,180,Bad,401590,0.16684677094018585,0,216578,3,0,Home,0
24,1567376,Business,1,1445489,24,Average,126092,0.08044777995338709,0,290926,4,1,Business,0
44,1781298,Self-Employed,5,729184,60,Bad,513720,0.28839627709890364,0,1137088,1,1,Home,0
53,711235,Business,17,1831046,120,Good,763799,1.0739037394057669,0,249759,0,0,Car,0
36,1912148,Business,13,326802,60,Bad,744288,0.38924163336643747,1,1437598,4,1,Education,1
34,2217797,Self-Employed,4,914668,180,Good,679350,0.3063173472065535,1,479268,2,1,Personal,0
56,178827,Business,22,1750941,60,Bad,780223,4.3629800702350865,1,919466,5,0,Education,1
62,552457,Business,26,295224,60,Average,555833,1.0061090616843271,0,1319425,5,0,Education,0
27,1965712,Business,3,1704791,120,Average,798883,0.4064087687266656,0,1422092,5,0,Home,0
37,1953733,Business,2,137656,36,Bad,558900,0.2860676018332076,1,1429019,1,0,Business,1
28,1036280,Salaried,0,924038,180,Average,150521,0.14525114327098537,1,730190,0,0,Home,1
60,389334,Salaried,35,226565,120,Average,142633,0.36635031528118456,1,413647,1,1,Home,1
24,2064327,Business,3,1885017,12,Good,114291,0.055364748237683156,0,605027,5,1,Business,0
64,959800,Self-Employed,10,1091057,12,Bad,573135,0.5971394070229141,1,337899,3,0,Personal,1
64,2257246,Salaried,34,275377,36,Good,650777,0.2883056218482071,1,927590,5,1,Business,0
53,1943194,Self-Employed,11,359804,12,Good,255367,0.13141604419525574,0,73736,0,1,Personal,0
25,678918,Salaried,1,1838981,60,Bad,266855,0.39305867121114596,1,264601,1,1,Business,1
60,587211,Salaried,21,1101290,24,Good,289361,0.49277092429991215,1,302276,5,0,Car,1
45,1487091,Self-Employed,20,1894591,60,Bad,482677,0.3245777665403351,1,828474,5,0,Personal,1
40,783373,Salaried,19,1439495,24,Average,684900,0.8742950365981,1,299117,5,0,Home,1
63,1648820,Self-Employed,40,643747,36,Bad,293702,0.17812849302622905,1,632638,4,0,Personal,1
51,1991644,Salaried,14,1208104,180,Bad,222028,0.11147970647379428,0,976555,1,0,Business,0
46,277752,Business,23,324578,12,Bad,717545,2.583392438605524,0,1358191,4,0,Car,1
24,1965495,Self-Employed,1,275993,180,Bad,191700,0.09753263298424418,1,493784,5,1,Business,1
50,2330652,Salaried,10,59610,60,Good,476922,0.20463020449633643,1,1364271,5,0,Business,0
47,732754,Salaried,21,290475,24,Good,442170,0.603434981678733,1,1253755,3,0,Business,0
57,497525,Business,18,687072,120,Bad,618545,1.2432415592350952,1,1277027,1,0,Business,1
48,1626954,Self-Employed,25,1778013,36,Bad,60428,0.037141777123522166,0,1075031,1,0,Business,0
36,196699,Salaried,13,1738747,120,Good,402920,2.0483985765124557,1,1224510,1,0,Home,1
47,938225,Salaried,24,658665,36,Good,748934,0.7982447725814462,1,265594,2,0,Home,1
35,886164,Self-Employed,0,1457980,60,Bad,557474,0.6290860054278831,0,1294074,3,0,Personal,1
40,1570902,Salaried,4,865880,60,Good,128529,0.08181854640292877,1,1439964,2,1,Education,0
63,1213807,Business,7,463274,180,Bad,255297,0.21032733348272545,1,334548,1,1,Personal,1
58,1479418,Salaried,3,271268,24,Average,659172,0.44556139944126716,0,410486,2,1,Education,0
32,935215,Salaried,3,1898244,12,Average,331827,0.3548132196198525,1,411731,2,1,Business,1
57,2154492,Business,20,256511,12,Good,180279,0.08367583463951844,0,1019170,3,0,Car,0
59,2271054,Business,11,458948,180,Bad,630497,0.2776229549702671,0,348167,3,0,Personal,0
57,2005149,Self-Employed,2,242349,12,Good,109660,0.05468917537341346,0,293629,1,1,Education,0
51,1332793,Business,9,678637,24,Average,701738,0.5265164759145075,1,1327385,3,1,Personal,1
60,1740666,Business,4,1659226,180,Average,444206,0.25519298062179613,1,702486,0,0,Education,1
63,737292,Self-Employed,16,1057830,120,Average,414330,0.56196111993468,0,225702,0,1,Car,0
38,1225501,Salaried,9,571963,36,Good,632473,0.516092996992253,1,816401,4,1,Car,0
61,2318568,Business,32,1875322,24,Average,630029,0.2717318311423986,1,463286,1,1,Education,1
30,1436891,Salaried,2,219881,60,Good,452681,0.31504177071067274,1,807585,5,0,Education,0
34,1583518,Salaried,7,54677,12,Bad,529427,0.3343357421035049,1,182444,1,1,Business,1
42,1150917,Self-Employed,15,292631,12,Good,495212,0.43027565821370417,0,860173,1,0,Business,0
56,1897934,Salaried,4,1486724,12,Bad,497133,0.26193362786396795,0,910895,2,1,Education,0
22,1239062,Salaried,1,293709,180,Average,483025,0.3898308641287812,1,990531,3,0,Personal,0
23,474339,Business,0,1978047,60,Average,533701,1.1251444111818527,0,1162689,1,0,Education,1
29,1984907,Self-Employed,7,837326,12,Average,110398,0.05561869870039317,1,690381,0,1,Education,0
61,1298187,Salaried,26,400921,12,Average,381825,0.2941214985810992,0,749662,3,1,Business,0
36,2477306,Business,0,1859237,60,Average,487932,0.196960651223284,0,43520,5,0,Car,0
54,2247051,Salaried,22,652395,60,Bad,393587,0.17515705021512631,1,978251,2,1,Personal,1
43,396608,Salaried,10,885457,180,Good,217665,0.548815079839338,1,1471664,0,1,Personal,1
58,465071,Salaried,18,1885675,180,Bad,147397,0.316933722090343,1,1064466,3,0,Home,1
37,423144,Business,1,1219156,180,Average,554228,1.309782698602134,1,646166,4,1,Home,1
64,2299849,Self-Employed,3,834523,60,Good,90990,0.03956344979020371,1,758153,3,1,Education,0
50,176433,Self-Employed,23,124564,180,Average,434700,2.4638108301121098,1,1418467,0,0,Home,1
38,1421666,Self-Employed,10,654035,120,Average,475304,0.33432864376819604,1,439833,4,1,Car,0
64,197049,Business,41,1164633,24,Average,489576,2.484526769855367,1,1303145,0,1,Business,1
21,1981301,Self-Employed,0,604895,180,Good,406009,0.20492029988361188,0,631436,5,1,Education,0
34,162582,Business,6,406670,60,Bad,165521,1.0180707700067042,0,799548,3,0,Business,1
40,612480,Business,11,295978,12,Average,8895,0.014522899485861602,0,939916,3,0,Home,0
45,387253,Business,24,800636,24,Bad,143223,0.36984253229146763,0,1225813,4,1,Education,1
58,1961333,Self-Employed,35,144964,120,Average,1912,0.0009748467114729057,0,954493,2,1,Car,0
54,1608470,Salaried,16,1454025,120,Average,574971,0.357464324815306,1,141270,1,0,Education,1
41,782515,Self-Employed,16,173899,180,Good,491837,0.6285328351113587,0,714304,4,1,Personal,0
23,670745,Self-Employed,0,626120,36,Good,528525,0.7879659364349545,1,751065,2,1,Car,1
37,1436395,Salaried,3,1363360,24,Bad,325472,0.22658932494938722,0,699768,4,1,Business,0
37,1799306,Salaried,1,870968,180,Bad,155739,0.08655499033794678,0,1346237,4,0,Personal,0
36,1206558,Business,12,1131420,120,Average,346262,0.2869830650635402,1,135309,1,1,Personal,1
32,854137,Business,11,1546799,120,Good,604855,0.7081466929231576,0,362992,4,1,Home,0
49,2187241,Business,17,646098,60,Good,456140,0.2085457393374853,1,995596,1,1,Personal,0
49,1886970,Self-Employed,27,1518335,12,Good,601347,0.31868375295645773,0,525362,4,0,Personal,0
59,596164,Salaried,7,1406513,60,Average,735733,1.2341096843994532,0,300215,0,0,Education,0
47,1083379,Business,6,703500,36,Bad,708579,0.6540447488415884,0,693204,1,1,Education,0
22,439469,Business,1,1218516,180,Bad,335531,0.7634901130907684,1,876969,1,0,Personal,1
58,977563,Salaried,30,1868037,120,Good,203070,0.20773064474551026,1,930811,0,1,Car,0
59,409675,Self-Employed,38,477784,120,Good,276558,0.6750651734541443,1,979798,3,0,Personal,1
42,1885923,Business,9,810987,60,Bad,182327,0.09667780886186293,1,1414044,4,0,Home,1
24,2106062,Business,1,381451,12,Bad,211481,0.1004153247077604,1,107030,4,1,Personal,1
59,2081016,Business,17,99698,120,Bad,261677,0.1257447680629231,0,749088,1,0,Personal,0
30,1370008,Salaried,1,1868565,60,Good,308602,0.22525545452621115,0,438590,0,0,Home,0
28,386324,Self-Employed,0,265762,24,Good,491361,1.2718850708600271,1,1320486,2,1,Education,1
43,1835468,Salaried,9,879806,24,Average,750772,0.40903551081494705,1,328934,3,0,Car,0
26,2014200,Self-Employed,3,409362,180,Good,745235,0.36999038328349554,1,382185,5,0,Education,0
28,233305,Self-Employed,5,1067179,12,Bad,588898,2.524144256898665,1,164200,0,0,Home,1
63,770369,Self-Employed,6,1718478,60,Good,319384,0.41458519931980736,0,1273650,1,1,Personal,0
52,1165899,Business,20,1289626,60,Bad,757513,0.6497238185093062,1,1118050,3,0,Education,1
24,2305385,Salaried,1,565690,12,Bad,420205,0.18227099496570207,1,1230925,1,0,Home,1
64,1502492,Business,1,291334,36,Average,134177,0.0893029118937659,1,101856,3,1,Business,0
50,930869,Salaried,9,121449,24,Good,638464,0.685878801551237,0,1205208,0,0,Home,0
43,2395579,Salaried,11,1360222,36,Bad,710797,0.2967118610106947,1,50560,0,1,Education,1
26,1489399,Salaried,5,1645737,180,Average,561453,0.37696589230562644,1,612091,2,1,Personal,1
26,921255,Business,3,90856,24,Average,793838,0.861690995770991,0,292763,4,1,Business,0
43,2189391,Self-Employed,0,552969,120,Bad,404399,0.18470835738871796,1,1234486,0,1,Personal,1
37,933925,Salaried,13,578849,120,Good,488596,0.5231635054597473,0,1375405,5,0,Home,0
59,1785126,Salaried,27,389539,24,Average,504315,0.28250931166241955,1,1255557,2,0,Education,0
46,1060101,Self-Employed,6,1729544,180,Bad,155061,0.14626988723726586,0,805435,1,1,Personal,0
37,1477991,Salaried,1,1766082,24,Bad,62676,0.04240618352467402,0,962741,3,0,Car,1
40,1696504,Business,3,1800072,120,Bad,591736,0.34879708577339885,1,431403,5,0,Personal,1
39,1807818,Salaried,12,719047,24,Good,89248,0.04936777409685372,1,976248,1,1,Business,0
43,600688,Salaried,19,998465,120,Average,575474,0.9580232033548142,0,636125,1,0,Personal,0
50,727192,Business,3,1891471,36,Good,144704,0.19898981425838808,0,422919,3,0,Business,0
34,1279946,Business,10,1467495,120,Average,287903,0.2249335324040761,1,87000,5,1,Personal,1
48,443087,Business,9,398006,60,Average,779363,1.7589350196800635,1,1421195,3,0,Business,1
54,720357,Salaried,19,1774334,180,Average,368590,0.511676138808759,0,212757,2,1,Home,0
21,675060,Self-Employed,0,1388027,24,Bad,136238,0.20181583590223698,0,648178,5,1,Personal,1
37,646888,Salaried,12,711486,180,Bad,400367,0.6189114361196434,0,339340,1,0,Car,1
22,998269,Self-Employed,0,1833471,180,Bad,662553,0.6637012030813307,1,195682,3,1,Home,1
53,733773,Self-Employed,8,607099,180,Average,686903,0.9361233840392273,1,954114,1,1,Personal,1
53,1250124,Salaried,29,373380,24,Bad,680655,0.5444695530446956,1,1262258,1,0,Business,1
46,2445316,Business,13,415006,180,Good,162651,0.06651530251497045,0,1057404,0,1,Business,0
21,1365810,Salaried,0,1721237,60,Good,716593,0.5246648328355826,1,1267181,0,0,Personal,1
44,1702906,Salaried,9,1371790,60,Average,339224,0.19920289246564846,0,642953,4,0,Home,0
21,1186594,Salaried,0,1899101,24,Bad,109972,0.0926786308723701,1,854511,1,1,Business,1
58,1970103,Business,4,310583,36,Bad,461355,0.2341779926338914,1,852959,0,0,Education,1
61,169663,Self-Employed,39,732540,24,Bad,775745,4.5722427857412296,0,1119790,5,0,Personal,1
46,1347144,Self-Employed,18,251309,180,Good,356461,0.2646047752840266,1,1244551,4,1,Home,0
59,1955924,Self-Employed,32,1596777,36,Bad,437351,0.22360315451768345,1,1231462,2,0,Car,1
41,2013589,Self-Employed,16,1362055,180,Good,354872,0.17623845966656568,0,447418,4,1,Business,0
27,378985,Business,4,560035,120,Bad,250574,0.6611695418828136,1,786149,1,1,Home,1
56,1164408,Business,24,982407,12,Good,616988,0.5298722356148055,0,1494638,3,1,Personal,0
34,1289478,Salaried,12,579808,12,Bad,33436,0.02592985228918036,1,526416,3,1,Car,1
39,2299289,Salaried,12,1201100,24,Good,234515,0.10199452874583023,0,883670,1,1,Business,0
46,2407795,Salaried,24,530317,12,Average,695078,0.2886781106040545,0,1320688,2,0,Car,0
30,770136,Salaried,9,197915,60,Good,91196,0.11841529494102997,1,711737,3,1,Home,0
39,2472379,Salaried,13,677967,12,Bad,52604,0.021276664590394682,0,1006736,4,0,Personal,0
58,1076703,Self-Employed,28,1385509,12,Good,672275,0.6243823743572978,0,652863,3,0,Car,0
21,1752466,Self-Employed,0,60410,24,Good,750105,0.42802803134096107,1,537862,1,0,Personal,0
56,2442821,Self-Employed,21,1462084,36,Good,648776,0.265584639404754,1,1456618,3,1,Car,0
49,2491903,Self-Employed,17,240515,36,Average,176784,0.0709433429217177,1,1356603,4,1,Business,0
37,2002748,Self-Employed,16,1194555,180,Average,56121,0.028021983783289867,0,34421,4,1,Business,0
27,2341738,Business,3,986143,36,Average,222858,0.09516773645568528,0,1481303,4,0,Personal,0
59,2417007,Self-Employed,29,657823,24,Average,786451,0.32538204259150155,0,966876,0,1,Home,0
39,815449,Business,14,82398,180,Average,585939,0.718546814642222,0,441821,4,1,Home,0
55,759482,Salaried,5,211395,24,Bad,615268,0.8101142487718619,0,1162442,3,1,Business,0
59,1210705,Salaried,35,584270,180,Bad,101359,0.08371892102624419,0,731071,2,0,Home,0
50,1200761,Self-Employed,5,1602626,120,Average,709838,0.5911562824273253,0,1260971,5,0,Education,0
32,2338241,Self-Employed,8,220018,180,Bad,117888,0.050417364840764985,0,260525,3,0,Car,0
51,1820140,Self-Employed,28,1042440,36,Average,375844,0.2064916948741883,0,895750,5,1,Business,0
36,2107249,Business,13,1637333,24,Bad,138527,0.06573828449400877,1,194437,1,0,Home,1
59,542192,Self-Employed,26,1254749,24,Bad,206182,0.3802741828094424,0,178553,4,0,Education,0
61,1067165,Salaried,24,1726852,36,Bad,684042,0.6409893118783769,0,777401,3,1,Education,1
57,1026188,Business,8,425606,180,Bad,384638,0.3748217920870327,0,285182,5,0,Business,0
26,2359241,Salaried,4,1869865,12,Bad,265644,0.11259718163715295,1,910973,2,0,Home,1
63,2084806,Business,26,1429517,12,Bad,634921,0.3045466558774985,1,777312,3,0,Home,1
46,515197,Salaried,7,1151651,36,Average,256656,0.4981696357516916,0,15876,0,0,Business,1
29,720573,Self-Employed,6,1717108,12,Average,2019,0.002801932903490828,0,451382,2,0,Education,0
28,949956,Business,0,714572,120,Good,113518,0.1194980404376198,1,351166,2,1,Business,1
60,1539238,Salaried,11,1003947,12,Average,191299,0.12428154432157709,0,354075,0,0,Personal,0
56,1460537,Self-Employed,30,659636,36,Average,713995,0.4888575305811968,1,1136100,4,0,Home,1
24,2111397,Salaried,1,1337653,36,Average,42202,0.019987704828743798,0,482581,0,1,Education,0
63,977617,Business,5,633344,36,Average,223819,0.22894320685584757,0,742288,4,1,Education,0
42,365971,Business,11,213075,120,Average,513961,1.40437246565311,1,451965,4,0,Personal,1
46,717946,Salaried,15,1601364,120,Bad,583671,0.8129722667550668,0,130053,4,1,Home,1
27,1700809,Self-Employed,6,706853,24,Bad,192589,0.11323369453378096,0,1001021,4,0,Personal,0
42,1185272,Self-Employed,10,1585885,36,Good,39454,0.03328684615274287,0,983043,4,1,Car,0
42,1714466,Salaried,12,1116195,120,Bad,158926,0.09269703062234502,1,176754,1,0,Business,1
40,689916,Salaried,3,1137365,24,Good,236110,0.34222957254278413,1,876805,1,1,Personal,0
56,414385,Salaried,14,693403,120,Good,603431,1.4562050841485958,1,951531,0,1,Education,1
27,2365141,Self-Employed,3,552377,12,Good,174218,0.07366069352284134,0,740737,5,0,Personal,0
24,1372276,Salaried,0,805604,36,Good,347800,0.2534473725056967,0,180296,4,0,Education,0
48,2081300,Salaried,26,63616,12,Average,336903,0.161871348738121,1,1427414,2,1,Education,0
22,564187,Self-Employed,0,794493,12,Bad,309373,0.5483509043084929,0,1117204,1,0,Education,1
52,1618527,Salaried,6,779749,12,Good,222413,0.1374168380157773,1,451916,4,1,Business,0
42,869120,Self-Employed,2,514754,120,Good,763816,0.8788373540623228,1,531596,5,1,Business,0
24,939699,Business,2,1459349,120,Average,734625,0.7817654570607641,0,1077800,1,0,Car,0
56,2188057,Self-Employed,32,1860175,180,Bad,295840,0.13520665357134043,0,60312,3,0,Car,0
37,1944050,Business,2,1237638,60,Average,44215,0.022743744891466324,1,190070,0,0,Car,0
55,433667,Salaried,27,1516426,36,Good,136188,0.3140374664489886,1,583948,5,0,Personal,0
50,2062781,Salaried,14,1319195,36,Good,4610,0.0022348459507597024,0,705044,0,0,Business,0
38,1527942,Business,12,1592864,36,Average,519020,0.3396854463811804,1,1017948,4,1,Education,1
50,785357,Business,20,584983,60,Good,43422,0.05528943488192646,0,986629,2,0,Home,0
39,455371,Business,6,1420993,180,Bad,45817,0.10061444269739905,1,1453905,2,1,Business,1
29,1445562,Salaried,5,1240784,24,Bad,283484,0.19610629215053235,1,427958,0,0,Education,1
55,477474,Business,29,1071218,180,Bad,482878,1.0113157756950626,1,56725,2,0,Education,1
48,2432479,Business,4,896773,120,Good,710907,0.29225605143721634,0,1137825,5,0,Personal,0
53,139075,Business,13,200798,180,Average,523451,3.7637766401104433,0,787987,3,0,Personal,1
55,1068470,Self-Employed,3,1167201,24,Bad,335258,0.3137736073323469,0,384800,4,0,Car,0
45,1035309,Salaried,19,84594,12,Bad,742789,0.7174556413055027,0,306651,2,0,Business,0
29,1305459,Self-Employed,2,1256374,36,Average,326901,0.2504105832426884,0,731732,1,1,Business,0
27,1004772,Business,0,526763,60,Average,35107,0.034940230280869414,1,88080,1,1,Business,0
48,1726308,Self-Employed,16,702731,12,Average,625456,0.3623082542001461,0,116304,0,1,Business,0
54,989112,Salaried,22,1137645,180,Bad,318362,0.32186615684962183,1,1202866,0,1,Business,1
40,931438,Self-Employed,18,1138492,180,Average,549955,0.590435873954172,1,1269861,3,1,Car,1
29,1904014,Salaried,4,326558,12,Bad,195696,0.10278070288311804,0,804996,4,1,Education,0
45,1098532,Business,20,1257838,180,Bad,454573,0.41380004059959963,1,612641,0,1,Personal,1
34,2280090,Business,3,610342,36,Bad,731769,0.32093850640171817,0,1151397,5,1,Car,0
25,330602,Business,4,580893,24,Average,703469,2.127836105540482,0,1476908,1,0,Education,1
52,922552,Business,1,690936,12,Average,147434,0.1598108726544708,0,638428,1,0,Education,0
63,1075353,Salaried,37,1854544,12,Bad,633284,0.588907466750484,0,395701,0,0,Car,1
34,2340015,Salaried,8,1895469,60,Average,319186,0.13640334083185757,1,1471923,1,0,Business,1
28,1030614,Salaried,0,729647,12,Bad,27108,0.026302741566928484,1,720417,4,1,Education,1
38,2253547,Business,14,249156,60,Good,755214,0.3351222161675722,0,149596,0,1,Car,0
43,912278,Business,0,827976,60,Average,465877,0.510673817987699,1,372294,4,0,Personal,1
52,2072219,Salaried,17,1234415,180,Bad,520992,0.25141732055476734,1,467114,4,0,Personal,1
48,2193992,Salaried,24,1057101,180,Good,611138,0.2785505696690919,1,325630,0,0,Education,0
61,799808,Business,19,196756,36,Bad,21735,0.027175238088093533,1,5100,4,0,Car,1
25,1907128,Salaried,4,1236055,24,Bad,509656,0.26723729752942776,0,24054,4,1,Personal,0
62,2038619,Self-Employed,5,1501241,36,Good,647599,0.3176653814835526,0,1463349,1,0,Car,0
56,289886,Business,0,275538,120,Average,731386,2.523003791132407,0,710668,4,0,Home,1
64,2095456,Business,9,660533,120,Good,144190,0.0688107653843529,0,242504,0,1,Home,0
64,1734458,Salaried,4,1084185,24,Good,494195,0.2849274615312325,1,1214756,1,0,Car,0
61,2121129,Business,39,645646,120,Bad,287256,0.1354259286323799,0,16037,4,0,Education,0
38,1978074,Business,17,1663729,12,Bad,650311,0.32875952630714206,0,1187715,3,1,Education,0
50,1058931,Self-Employed,22,1291315,36,Good,550728,0.5200787208243778,1,1301736,3,0,Car,1
34,1885629,Business,2,1964885,36,Good,460846,0.24439895419567995,1,961091,5,0,Education,0
21,828214,Salaried,0,240137,24,Average,412207,0.49770530598938684,1,1315830,0,1,Car,1
64,835918,Self-Employed,23,1920260,12,Good,314031,0.37567156626419546,1,338395,1,1,Business,0
37,2029282,Salaried,3,541311,24,Good,561549,0.2767228622129097,0,241146,0,1,Business,0
60,2468638,Salaried,34,730165,120,Good,422590,0.17118339295457943,1,1459603,5,0,Personal,0
56,953042,Self-Employed,1,719763,180,Average,257017,0.2696803816826733,0,116833,0,1,Car,0
34,1263082,Self-Employed,0,60468,24,Bad,535423,0.42390167550351004,1,451190,5,0,Home,1
37,928422,Salaried,3,1775927,180,Bad,177117,0.19077187876646745,1,608361,0,0,Home,1
53,1081507,Self-Employed,30,301684,24,Bad,640973,0.5926659812040226,1,354685,5,0,Education,1
27,1916759,Salaried,1,1788235,180,Bad,47043,0.024542978776685657,1,1209398,0,0,Business,1
45,1835202,Self-Employed,22,1746419,180,Average,702904,0.38301157964541255,1,1123958,4,0,Personal,1
42,991896,Business,10,320231,24,Bad,506724,0.5108635271605821,1,363891,0,0,Business,1
34,1211989,Business,3,1078082,36,Bad,466682,0.38505433213145324,0,867962,5,1,Home,0
39,250393,Salaried,13,1233056,24,Bad,776349,3.1005095968753245,0,149140,0,1,Personal,1
58,1140931,Self-Employed,7,1451745,60,Average,617531,0.5412513629208402,0,1268780,3,1,Business,0
57,1223427,Self-Employed,34,1834058,24,Good,21345,0.017446878770144218,0,694712,5,1,Personal,0
24,2207728,Self-Employed,1,1922550,36,Good,209169,0.09474396540517428,0,487765,1,1,Home,0
49,1674198,Business,3,657546,120,Bad,90578,0.05410229011007652,0,1448793,4,1,Education,0
23,1413578,Salaried,2,1795878,12,Average,584598,0.41355877527891965,1,452895,0,0,Home,1
62,2328502,Salaried,37,1673746,180,Bad,151795,0.06518995251455549,1,1302373,0,0,Car,1
60,195085,Salaried,7,1218489,12,Good,739065,3.7884061388310797,1,243574,1,0,Business,1
63,2232288,Salaried,14,1927156,120,Good,71501,0.032030350908865295,0,1247862,1,1,Education,0
28,2056112,Self-Employed,3,766387,12,Average,163153,0.07935021081039807,0,903322,2,1,Education,0
39,1039846,Business,1,94360,120,Bad,272311,0.2618760259922854,0,510949,3,0,Personal,0
54,1543708,Self-Employed,2,1518085,60,Average,764285,0.49509654993266217,0,234767,3,1,Education,0
55,1521706,Self-Employed,22,986093,36,Average,668079,0.43903261271716565,1,785732,3,1,Education,0
28,272170,Salaried,2,552385,60,Good,389554,1.4312840089502556,1,484873,3,1,Business,1
56,2080644,Business,5,1461293,12,Good,346547,0.16655748577965007,1,1321904,5,0,Business,0
31,1866500,Salaried,9,598767,12,Bad,457431,0.24507407175243945,0,755209,4,0,Business,0
33,1273827,Self-Employed,5,1760975,120,Good,760776,0.5972360475668614,1,248185,2,0,Education,1
27,552654,Salaried,0,1726077,120,Bad,598221,1.0824492676262767,0,507112,1,1,Car,1
34,710148,Salaried,6,787884,24,Bad,313878,0.44198893471651723,0,63261,5,0,Education,0
43,856725,Self-Employed,10,1437723,120,Average,322215,0.37610041016614415,0,567806,5,0,Education,0
35,2241838,Business,6,1554683,120,Average,337835,0.15069547813201573,1,537362,3,0,Car,0
31,1961723,Business,5,1643063,36,Good,221930,0.11313008353876489,1,459266,5,0,Car,0
29,1121765,Salaried,4,1006608,180,Bad,122494,0.10919746185924693,1,953762,3,1,Business,1
56,1909180,Business,26,1444184,36,Bad,87771,0.045973116221039285,0,418317,4,0,Car,0
46,2423701,Self-Employed,14,701890,180,Good,418632,0.17272420454329782,0,635472,0,1,Car,0
23,2222412,Salaried,1,938927,120,Good,732277,0.329496362737259,1,152355,3,1,Business,0
42,1110587,Self-Employed,8,1989733,60,Good,405864,0.36544965369696053,0,820593,5,1,Car,0
40,1255874,Salaried,3,1509296,24,Average,693457,0.5521703991241167,1,837155,1,1,Education,1
56,1382296,Self-Employed,8,1727935,12,Good,349402,0.25276912269939095,0,586359,0,0,Car,0
35,2305403,Salaried,4,335547,60,Good,2422,0.0010505750835862174,0,1440177,3,1,Business,0
26,639941,Self-Employed,5,1769417,36,Average,42478,0.06637789049632623,1,1349313,0,0,Personal,1
60,140954,Business,27,1672523,180,Bad,744015,5.278386719165691,0,1181870,0,0,Home,1
35,213901,Self-Employed,11,1739785,24,Average,25162,0.117633308711466,1,183874,1,0,Education,1
34,1535095,Salaried,12,1446676,120,Average,582187,0.3792511999249558,0,12167,3,1,Car,0
49,347371,Self-Employed,26,1579615,60,Bad,699866,2.014744999596974,1,1325094,0,1,Education,1
53,2155249,Business,26,318496,36,Good,624763,0.289879596334532,0,1422286,5,1,Personal,0
39,652763,Self-Employed,3,1061878,120,Good,620271,0.9502224387374304,1,1217072,2,1,Education,1
40,1406844,Business,14,1419983,12,Bad,35316,0.025102978650810858,1,542998,4,0,Car,1
27,2222331,Salaried,2,1573004,180,Good,25063,0.011277792877031874,1,1491408,3,1,Business,0
46,2095761,Salaried,21,1132142,180,Good,641776,0.30622561149596184,0,1469666,0,0,Car,0
48,2040857,Salaried,5,1421937,120,Average,197467,0.09675685422503673,1,1073515,0,1,Education,0
49,262095,Self-Employed,6,939758,12,Good,630176,2.4043709175264025,0,1109492,2,0,Personal,1
40,920706,Self-Employed,14,397429,60,Good,548686,0.5959398592603293,0,1340855,0,1,Personal,0
22,917844,Business,1,1244941,60,Average,446185,0.48612238449847195,1,144266,3,1,Home,1
50,616147,Salaried,19,1941599,180,Bad,763873,1.2397557080441712,1,873900,4,0,Business,1
40,981076,Salaried,7,507629,60,Average,670883,0.6838229822939483,1,626052,4,1,Education,1
58,1308566,Self-Employed,18,226893,24,Average,288329,0.22033950114896678,1,283546,2,0,Business,0
33,542792,Salaried,0,335278,120,Bad,515372,0.9494816624385355,0,180311,1,0,Home,1
39,437341,Salaried,4,1503063,12,Bad,779812,1.7830713720612243,1,1413678,3,0,Business,1
45,2183236,Business,0,695822,120,Bad,60757,0.02782886145663526,1,938926,1,1,Education,1
45,2313533,Salaried,17,718124,36,Bad,676524,0.29242016758776834,0,371059,5,0,Business,0
50,261878,Business,11,1639022,120,Average,454049,1.7338121804344755,1,1163099,1,1,Personal,1
24,811616,Salaried,3,1569545,24,Bad,566393,0.697857486967375,0,100408,0,0,Education,1
31,1051014,Business,0,1217323,120,Average,677224,0.6443523641432329,0,1310345,1,0,Home,1
26,967696,Business,2,706473,120,Bad,708099,0.7317362769544599,1,835645,3,1,Personal,1
61,1482838,Salaried,32,1382766,36,Average,632196,0.42634163250359614,0,388608,5,1,Personal,0
24,545693,Salaried,1,1234848,24,Good,526327,0.9645094137007187,0,1258263,3,0,Business,0
63,2282051,Salaried,38,1856930,24,Bad,770989,0.33784900606997564,1,859060,4,1,Home,1
29,1211349,Salaried,5,999505,12,Bad,797018,0.6579584760804061,1,1123588,3,1,Car,1
46,2161530,Salaried,6,1902478,120,Bad,596323,0.2758799202972338,0,886040,0,1,Business,0
48,1846830,Business,22,881764,180,Bad,483548,0.2618257978125773,0,906968,5,0,Personal,0
59,1823058,Self-Employed,10,1041704,36,Bad,508319,0.27882750914808574,1,226772,4,1,Car,1
33,2362209,Self-Employed,0,264525,180,Bad,384754,0.16287882957061395,1,919369,1,1,Home,1
29,1327410,Self-Employed,5,778606,36,Bad,785601,0.5918295087203587,1,1139159,1,1,Business,1
25,1974257,Self-Employed,2,512333,12,Good,106298,0.05384200038698083,0,788207,0,0,Education,0
51,913807,Business,20,1488045,24,Bad,525107,0.5746360285749303,1,76992,5,0,Home,1
36,799624,Business,1,1984444,12,Average,256928,0.3213106143504768,1,207317,5,1,Personal,1
27,1851972,Self-Employed,6,1030875,60,Good,292688,0.15804118094594252,0,261305,4,1,Personal,0
64,399122,Self-Employed,15,446540,180,Average,743448,1.8627039784728017,0,529321,3,1,Car,1
27,2123181,Business,1,535691,60,Average,508743,0.23961346695667163,1,18894,1,1,Personal,1
36,1302691,Self-Employed,15,329933,180,Good,581072,0.4460547850144163,1,268259,5,0,Personal,0
52,1547897,Salaried,10,241852,180,Bad,49157,0.031757260491324366,1,1296917,5,0,Personal,1
48,1733835,Self-Employed,26,1824976,60,Average,645823,0.3724821724776738,1,205257,0,0,Personal,1
36,1667379,Business,5,1460997,120,Bad,288664,0.1731243027984023,0,801265,3,1,Education,0
56,2044480,Salaried,29,1933546,12,Bad,588083,0.28764415027579127,1,365185,4,1,Home,1
29,459310,Business,7,539775,180,Bad,682600,1.4861390212731678,1,1150118,1,1,Education,1
27,622525,Salaried,5,325756,60,Average,588747,0.9457388125154612,0,812236,2,1,Education,0
63,873401,Business,39,236218,36,Bad,140689,0.16108160961390058,0,1195046,3,0,Car,0
26,1723835,Salaried,1,248579,180,Average,185626,0.10768193726085312,1,866510,3,0,Home,0
35,1106813,Self-Employed,5,904834,24,Bad,705198,0.63714228406941,1,98104,3,0,Business,1
40,410641,Self-Employed,1,1862198,60,Average,173156,0.4216714315632595,1,490210,5,1,Car,1
58,810674,Self-Employed,11,1662676,12,Average,396991,0.4897042587966818,0,863356,2,0,Business,0
59,2473831,Self-Employed,18,884021,120,Average,789966,0.3193288792448315,1,985093,0,1,Home,0
56,2278959,Salaried,22,1960473,12,Average,173962,0.07633394179801313,0,1481392,1,1,Business,0
40,1696603,Salaried,19,970366,12,Bad,606821,0.35766802388771923,1,1066063,1,0,Business,1
45,929562,Salaried,2,1791215,120,Bad,564368,0.6071325988663491,1,1323559,3,0,Personal,1
50,1996507,Business,14,1497148,24,Average,82036,0.04108974269073803,1,862358,2,1,Car,1
45,2400407,Business,0,178219,24,Good,554268,0.23090574602317607,1,1215467,1,0,Car,0
55,2291121,Salaried,16,1141786,12,Bad,717348,0.31309899691068394,0,505276,1,0,Business,0
43,1861585,Salaried,6,223937,24,Bad,429793,0.2308746413004825,1,860731,5,0,Education,1
28,2093287,Salaried,0,98637,180,Bad,172736,0.08251898448756215,1,217484,5,0,Personal,1
30,394329,Salaried,2,988382,12,Average,787828,1.9978900920548779,0,789892,1,0,Personal,1
34,127676,Business,0,1232796,36,Average,667632,5.229070231913344,0,197435,1,1,Education,1
34,194227,Salaried,6,1959797,36,Bad,466277,2.4006682867557716,0,1258737,2,1,Home,1
61,502926,Self-Employed,38,625429,180,Bad,535004,1.0637806282025026,0,60644,2,0,Personal,1
21,1893652,Self-Employed,0,1755318,36,Good,455441,0.24050921684173393,0,210970,3,0,Education,0
28,2466078,Salaried,3,415993,180,Average,451589,0.18312024878359534,1,751183,5,0,Personal,0
39,2377047,Self-Employed,12,1697827,12,Bad,578822,0.24350454849881029,0,429967,5,0,Personal,0
62,797486,Business,13,1842567,36,Good,288267,0.3614692151721595,1,392206,1,0,Home,0
29,847899,Self-Employed,6,1922126,12,Average,25387,0.029941030781931832,1,1106189,2,0,Education,1
52,1722418,Salaried,27,1322965,180,Bad,42146,0.024469075178571532,1,100037,4,1,Home,1
44,2495752,Self-Employed,1,547637,120,Good,725938,0.29086932881579225,1,946718,5,0,Personal,0
50,907309,Salaried,20,1584569,120,Bad,217285,0.23948264650450232,1,533930,4,0,Business,1
38,2020301,Self-Employed,10,949572,180,Good,311652,0.15426010566737053,1,107815,3,1,Education,0
64,2420023,Salaried,7,868333,12,Average,617699,0.2552449893058912,0,917737,2,0,Car,0
25,591682,Self-Employed,1,153425,120,Good,397493,0.6718006094479645,0,335144,4,0,Home,0
50,2327275,Business,9,562224,24,Good,378578,0.1626700056203046,1,28957,0,0,Car,0
31,2322786,Salaried,0,71150,36,Bad,634828,0.2733044398819177,0,629427,1,0,Education,0
56,1824836,Business,13,1651586,60,Bad,417294,0.22867467066921593,1,213119,3,0,Home,1
62,654975,Self-Employed,7,1460490,120,Bad,532982,0.8137427936290795,0,1045401,4,0,Education,1
24,816088,Business,3,1011055,24,Good,739274,0.9058742367560401,0,1250340,5,1,Personal,0
30,327459,Business,1,1890372,60,Average,339152,1.0357051242899895,0,1445766,0,1,Home,1
55,1192629,Self-Employed,8,1493002,180,Good,219171,0.1837711612151296,0,959093,5,1,Business,0
51,1157074,Salaried,8,1661830,180,Good,722003,0.6239898018710974,1,109573,2,1,Personal,1
63,1318847,Salaried,21,1946133,12,Bad,629399,0.47723391929926723,1,1415997,1,1,Business,1
42,1740177,Salaried,15,634419,36,Bad,388339,0.2231605042702528,0,735372,4,0,Business,0
44,316562,Self-Employed,17,1735203,12,Average,68570,0.21660775264323373,1,406544,0,1,Car,1
41,1241242,Salaried,0,152173,24,Bad,317395,0.25570738364687656,1,787223,5,0,Education,1
22,2023900,Self-Employed,0,1234573,120,Bad,403980,0.1996046249297767,1,1126208,4,1,Personal,1
36,1217597,Salaried,10,1638226,120,Good,172647,0.14179310412796342,1,1322905,3,1,Personal,0
35,1998198,Business,5,715124,60,Good,764884,0.3827866994228303,0,158185,0,1,Education,0
49,543419,Salaried,10,1872307,60,Average,639379,1.1765834897501013,1,807147,3,0,Home,1
47,796472,Self-Employed,17,117105,24,Bad,372356,0.4675061175959512,1,236106,3,1,Personal,1
41,649350,Business,1,609228,12,Bad,546751,0.8419960853221139,0,1346908,5,1,Business,1
56,1726881,Salaried,7,1784180,24,Bad,789129,0.45696752875992686,1,1046223,1,0,Car,1
39,1205228,Self-Employed,3,1684495,12,Bad,733936,0.6089597910438597,0,644059,5,0,Business,1
32,2159820,Salaried,3,957239,36,Average,372,0.00017223649552439762,0,1282441,1,0,Education,0
48,2463728,Self-Employed,5,1813083,180,Bad,415950,0.16882944512160225,0,1039631,4,1,Personal,0
39,1769838,Business,5,968259,24,Good,62716,0.035435991635397346,1,331205,4,1,Home,0
25,2072755,Salaried,1,930100,12,Average,113796,0.05490081804129381,1,562865,5,1,Personal,0
30,1277143,Salaried,5,1858216,36,Good,112642,0.08819835507977174,1,208783,5,0,Education,0
63,1350851,Self-Employed,42,423543,180,Good,486159,0.3598906467918025,1,625512,5,0,Education,0
28,1996853,Business,2,1588497,120,Good,38907,0.019484148565693835,1,1472950,3,0,Personal,0
40,1638675,Business,18,234248,180,Bad,557618,0.34028569406032677,1,703505,4,0,Education,1
37,2076704,Salaried,4,1314539,36,Good,704856,0.33941074923978126,0,1039316,4,0,Personal,0
26,1957724,Salaried,1,1650118,12,Average,628252,0.32090921860833366,1,498752,5,1,Personal,1
52,1637432,Salaried,26,674854,12,Good,770790,0.4707307108138165,0,520249,1,1,Education,0
64,982612,Self-Employed,25,1622622,12,Average,109264,0.11119738900258799,1,957602,0,1,Home,1
35,1527643,Salaried,14,95596,60,Bad,411838,0.2695902972158435,0,442297,4,1,Business,0
32,1712597,Self-Employed,10,62372,36,Bad,636238,0.3715045795919416,0,297400,1,1,Home,0
30,1888619,Salaried,3,688975,120,Good,772434,0.4089938685389332,1,1308315,4,0,Home,0
64,2225216,Salaried,33,457202,60,Average,721212,0.32410861502496163,0,1498397,3,1,Personal,0
34,1474726,Salaried,3,312347,36,Good,307392,0.2084399349845768,0,1318180,0,1,Home,0
35,2402934,Self-Employed,12,185427,60,Bad,31935,0.013289997440629897,0,117739,3,0,Education,0
45,1635717,Self-Employed,22,573662,36,Good,393254,0.240416746651929,1,703172,0,0,Business,0
50,1877867,Salaried,10,160723,24,Average,735153,0.39148278792758595,1,154855,5,1,Home,0
43,856207,Self-Employed,2,885381,120,Good,199865,0.23343042812026985,1,535686,4,0,Personal,0
33,527988,Self-Employed,2,1884481,12,Good,335580,0.6355814230978297,1,422227,1,0,Business,1
49,2327735,Business,17,1994469,12,Bad,545128,0.23418806943742762,1,1234868,3,1,Education,1
28,1494620,Business,0,698967,36,Bad,292061,0.19540806666037744,0,989003,5,1,Home,0
48,724404,Salaried,16,1012090,180,Good,67512,0.0931964853914592,1,1412693,0,0,Car,0
36,747262,Self-Employed,6,909389,24,Bad,703942,0.9420271042457609,0,1471292,0,0,Business,1
46,2284204,Business,4,617330,12,Average,381324,0.16693948222685792,1,858138,3,1,Education,0
50,1302001,Self-Employed,26,1685998,60,Good,740609,0.5688232429750492,1,1253477,0,0,Business,1
23,1024083,Self-Employed,1,374393,24,Average,721194,0.7042332464914988,1,1216532,4,0,Personal,1
52,2149233,Business,30,1152122,12,Average,246047,0.11448125239038653,0,347769,4,1,Car,0
22,1723864,Self-Employed,1,717989,60,Good,761766,0.44189423185690296,0,1448714,3,0,Personal,0
24,320544,Business,1,1722158,120,Bad,96155,0.2999734826623407,0,794153,3,0,Personal,1
42,1614951,Self-Employed,2,1066646,60,Good,619454,0.3835742486463994,1,1160568,3,1,Personal,0
63,796678,Salaried,28,1256267,60,Bad,501145,0.6290425629394022,0,73640,2,0,Car,1
63,1560231,Salaried,19,1850545,24,Good,318644,0.20422860190023023,0,459699,0,1,Car,0
36,1310971,Business,6,380307,12,Good,784311,0.5982667822043491,0,805351,0,0,Business,0
28,660832,Business,0,1813224,12,Good,219590,0.3322927275120946,0,1330286,2,1,Car,0
53,2360160,Salaried,28,1877582,60,Good,536486,0.22730906916943378,1,1056952,0,1,Home,0
52,548388,Salaried,11,1508908,12,Average,587583,1.0714711637177259,1,1451605,1,0,Car,1
29,1023291,Salaried,4,1490941,60,Bad,747174,0.7301669513687198,0,731723,1,0,Car,1
42,1317445,Self-Employed,12,1062647,60,Good,411286,0.3121843324128655,1,137697,1,1,Car,0
58,1078281,Self-Employed,20,1299779,24,Bad,565321,0.5242793629124849,1,969674,4,0,Car,1
45,702523,Business,1,669573,60,Average,25822,0.0367560396513144,0,644411,1,1,Business,0
52,801333,Self-Employed,14,986025,12,Good,230203,0.2872747194053915,0,862243,4,0,Education,0
53,944035,Self-Employed,12,582665,60,Good,324452,0.34368604587113205,0,204010,1,0,Personal,0
60,168029,Self-Employed,17,1674932,120,Bad,725433,4.317282628102125,0,1211553,4,0,Personal,1
34,1303909,Self-Employed,9,1059084,120,Average,561594,0.4306999716238084,0,1380682,0,1,Education,0
35,1727401,Self-Employed,9,437906,36,Average,653450,0.37828484626045356,1,259850,5,0,Car,0
50,1728448,Salaried,27,1192309,36,Average,358124,0.20719384835768948,0,1266785,3,1,Education,0
39,993595,Salaried,1,256778,120,Bad,727651,0.7323409111952947,0,743747,1,0,Car,1
37,381199,Business,7,1099116,36,Good,8837,0.02318205666316894,0,1299421,1,0,Car,0
51,2488342,Salaried,10,1590500,180,Good,314639,0.1264451886255231,1,1351299,2,1,Personal,0
28,720956,Salaried,7,1631876,24,Bad,531318,0.7369621211805975,0,1170623,2,0,Car,1
56,787387,Business,35,1301390,36,Average,93399,0.1186187749876808,1,280709,5,1,Education,1
63,1532256,Business,1,1516792,24,Average,443919,0.2897157591709485,0,666998,2,1,Personal,0
29,1100084,Self-Employed,6,1967276,36,Bad,572819,0.5207043092124699,0,1181306,3,0,Car,1
48,2338311,Self-Employed,25,744783,60,Average,762786,0.32621224199336957,1,194689,0,1,Personal,0
48,902922,Salaried,3,1987224,120,Good,393573,0.4358876670546658,1,942333,2,0,Car,0
23,809318,Business,0,76279,12,Bad,160539,0.1983630682091981,1,627156,3,1,Home,1
44,1507575,Salaried,8,1094249,12,Average,522839,0.3468077231263963,1,237619,4,0,Car,1
26,671866,Business,4,1196635,60,Good,462398,0.6882284737901996,0,450083,0,0,Car,0
30,217543,Self-Employed,2,777250,24,Good,427373,1.9645359099768323,0,972565,1,0,Home,1
58,859166,Salaried,34,306515,180,Average,669793,0.7795841786288347,0,168671,2,0,Home,0
30,2224136,Business,0,902718,60,Bad,243138,0.10931790622610028,0,267738,4,0,Education,0
55,520387,Salaried,3,1981632,24,Good,740965,1.4238702660322682,1,1099146,3,0,Personal,1
59,764076,Business,5,1210182,12,Average,62653,0.08199828027803481,0,1452002,4,0,Business,0
52,806185,Self-Employed,4,1480141,36,Bad,736601,0.9136861716775037,1,80202,1,0,Business,1
41,990698,Salaried,14,1871378,12,Bad,575105,0.580504270217291,1,259972,4,1,Business,1
60,1644828,Self-Employed,31,1623597,12,Good,585415,0.3559123775176629,0,78345,2,0,Business,0
63,227620,Salaried,2,945219,180,Average,276502,1.2147473212049855,0,1463649,1,0,Car,1
53,211909,Salaried,12,1797476,180,Bad,571705,2.6978670190175076,0,281556,0,1,Business,1
48,2308407,Self-Employed,5,447447,36,Average,740428,0.3207526572425672,1,793953,1,1,Business,0
60,917781,Self-Employed,0,549788,36,Average,62985,0.06862740825163274,1,531899,4,1,Education,0
40,1783161,Self-Employed,4,669017,24,Good,716546,0.4018401020210166,1,1325217,1,0,Education,0
50,521055,Business,20,612745,12,Good,632584,1.2140422526561445,1,1021224,0,1,Home,1
56,1206727,Self-Employed,28,1638824,120,Average,790970,0.6554666834613931,1,1077285,3,1,Education,1
39,1318751,Self-Employed,4,336576,12,Good,430586,0.3265102157191041,0,469170,3,0,Education,0
55,609351,Self-Employed,22,1104645,24,Average,205287,0.3368939463561291,1,406509,1,1,Personal,1
37,2113634,Self-Employed,2,1736846,60,Good,608450,0.28786900292623846,0,1022044,0,1,Car,0
47,713310,Self-Employed,1,443035,24,Average,88164,0.12359826218858254,1,370613,0,1,Education,0
22,170184,Salaried,1,110854,36,Average,87936,0.5167082880394864,1,1381175,1,1,Personal,1
62,1322378,Self-Employed,0,637466,24,Bad,279712,0.21152181031307968,1,231044,1,1,Personal,1
21,2217723,Business,0,218140,36,Bad,544410,0.2454814034568774,1,646299,4,0,Education,1
22,1094909,Business,0,203035,36,Bad,102874,0.0939565809061932,1,212348,4,0,Car,1
42,1151310,Salaried,6,1621110,12,Good,616432,0.5354174501937357,0,265906,2,0,Education,0
27,1284939,Self-Employed,5,1770353,36,Bad,454521,0.3537293570127788,1,68335,0,1,Education,1
53,978891,Salaried,26,267493,120,Good,750609,0.766794498269472,1,646573,3,1,Car,0
38,584774,Salaried,3,1872444,12,Average,531535,0.9089564362361592,1,1027157,3,1,Education,1
56,1522963,Self-Employed,30,1150083,180,Bad,551163,0.36190152886082666,0,1028275,3,0,Business,0
61,990825,Salaried,37,545253,180,Bad,673830,0.6800689525708853,0,281878,0,0,Education,0
53,1073982,Business,29,1604125,60,Average,555054,0.5168182364152878,0,699875,0,1,Personal,0
28,282360,Self-Employed,6,1475981,24,Good,37432,0.13256788295834057,1,201667,2,0,Education,1
55,1453217,Self-Employed,21,746472,24,Good,775422,0.533589592201583,1,959192,0,1,Business,0
36,1443183,Self-Employed,10,400758,120,Bad,252046,0.1746457832126742,1,661520,0,1,Car,1
55,1034208,Self-Employed,17,726765,12,Bad,170148,0.16451993745944968,0,430726,1,0,Car,0
36,332694,Self-Employed,1,596065,180,Good,62382,0.18750507221328844,1,298643,5,0,Personal,1
43,1750717,Salaried,1,1008364,120,Good,295089,0.16855313077263157,1,411976,2,1,Education,0
53,1093487,Self-Employed,11,1757602,60,Good,213929,0.19563909251861933,1,1330131,4,1,Personal,0
51,1147540,Salaried,22,633150,12,Good,502381,0.43778915088872644,1,1049834,4,1,Car,0
59,1997210,Self-Employed,24,134673,60,Good,743074,0.37205583185752533,0,641651,0,0,Education,0
45,1529443,Self-Employed,12,249479,120,Good,584877,0.38241151686495223,0,162504,2,0,Business,0
56,509232,Business,9,58004,60,Bad,114462,0.2247733355850858,0,807548,5,0,Business,0
23,853711,Self-Employed,0,1444152,120,Bad,32791,0.03840990872800195,0,772991,3,1,Business,1
43,124726,Self-Employed,20,810758,180,Bad,790565,6.338362984758713,1,852712,4,0,Home,1
38,2378037,Business,17,597484,180,Good,792649,0.3333205777199523,0,543721,1,0,Car,0
36,578589,Salaried,5,1146363,36,Bad,702819,1.2147098982007984,0,1395995,5,0,Car,1
46,1572885,Salaried,21,1870938,24,Bad,478592,0.304276342977177,0,810224,2,1,Business,0
61,827561,Self-Employed,35,573841,180,Bad,496824,0.600346560136884,0,1448602,4,0,Education,0
46,1109922,Self-Employed,12,76187,12,Average,397457,0.3580942101389015,1,674853,1,0,Personal,0
26,2385432,Self-Employed,4,876810,12,Bad,1998,0.0008375837845791519,0,1492075,0,1,Business,0
22,2413974,Business,0,768142,120,Good,189019,0.07830197081577067,1,449349,1,0,Personal,0
24,1292125,Business,0,669054,12,Average,206225,0.15960130823155017,1,1321181,2,0,Car,0
64,1939486,Self-Employed,43,490499,24,Good,299184,0.15425934796160015,1,139750,5,0,Personal,0
57,2430411,Self-Employed,16,1708657,120,Good,629123,0.25885446582719307,1,84321,5,1,Home,0
34,2334156,Salaried,0,696585,24,Good,769328,0.3295956527345847,0,804017,2,1,Personal,0
41,308722,Business,5,1476038,180,Average,117273,0.37986479789325706,1,1497605,1,1,Home,1
61,1397352,Salaried,24,1796479,120,Bad,799532,0.5721761072542156,1,304938,1,0,Business,1
29,1299180,Business,6,1310393,36,Good,340881,0.2623814541622761,1,68677,4,0,Business,0
57,1560660,Self-Employed,25,651294,60,Bad,409771,0.26256246551941775,0,1495797,5,1,Personal,0
31,1692103,Self-Employed,4,1032279,60,Good,717833,0.42422510673102837,1,1044750,5,1,Education,0
23,2445032,Self-Employed,1,959702,60,Good,361406,0.14781231991551852,1,1211506,1,0,Business,0
54,1493561,Self-Employed,7,1677558,180,Good,270779,0.18129746204041078,0,307396,3,0,Home,0
63,2208699,Business,9,1710640,180,Bad,335356,0.1518341105627745,1,334691,5,0,Personal,1
51,174565,Salaried,17,539496,180,Bad,149740,0.8577844482888993,1,1037632,3,0,Personal,1
56,2470769,Self-Employed,23,475114,24,Average,310705,0.12575229584299633,0,349617,0,1,Home,0
49,2015428,Self-Employed,10,1369631,60,Average,680353,0.3375722985031971,1,615504,0,1,Car,0
51,928721,Salaried,18,1077288,60,Bad,451332,0.4859710440799292,0,763549,4,1,Education,1
43,1942847,Salaried,5,693948,60,Good,118481,0.060983154626610005,0,154975,5,0,Personal,0
49,1465699,Salaried,8,418770,12,Good,589397,0.40212662891451184,0,633527,4,1,Business,0
51,282773,Business,10,1328974,60,Average,103658,0.36657542772673585,1,135298,0,1,Business,1
34,317421,Business,13,1598946,36,Bad,682363,2.1497029191423405,1,756638,3,1,Home,1
52,2222657,Salaried,5,1368269,120,Good,756396,0.34031146492172887,1,575437,3,1,Car,0
53,1658087,Business,17,437437,12,Bad,168183,0.10143189022536801,1,1335307,2,0,Car,1
44,931744,Salaried,20,973598,60,Bad,77994,0.08370745214624173,1,300657,0,0,Home,1
55,1699436,Salaried,34,742428,180,Good,402297,0.23672369143428088,0,1004927,0,1,Education,0
30,1649408,Salaried,1,636477,12,Average,550372,0.33367830538089704,1,515541,1,0,Personal,0
46,666706,Self-Employed,7,124860,36,Bad,197809,0.29669554991922986,0,1130744,3,1,Personal,0
60,182468,Self-Employed,28,992309,24,Good,68211,0.37382240270950134,1,75012,3,1,Education,1
21,291134,Business,0,1934187,180,Average,721405,2.4779054390574817,0,604387,0,0,Personal,1
49,1713151,Business,13,1124463,180,Bad,390637,0.22802238213538553,0,494856,2,0,Business,0
31,193135,Self-Employed,2,200915,36,Good,709416,3.673142241736393,1,947736,0,1,Personal,1
28,1210873,Salaried,4,1873872,24,Average,117769,0.0972595001626924,0,1442138,4,0,Personal,0
47,129612,Business,10,1079517,12,Average,132703,1.0238402012143843,1,319355,4,0,Business,1
58,198105,Self-Employed,4,1776418,60,Average,516902,2.6092193068357346,1,755355,0,0,Car,1
57,762411,Self-Employed,18,1845738,36,Good,198385,0.26020707963673184,0,80379,3,0,Education,0
23,2236035,Business,2,634302,24,Average,152522,0.06821088748123912,0,156577,1,1,Home,0
55,565201,Salaried,5,1525745,12,Average,657824,1.1638741547269826,0,1122687,1,1,Business,0
40,1972371,Salaried,10,791457,180,Good,462362,0.23441926776490438,0,1191110,5,0,Home,0
54,883340,Business,31,169511,120,Average,409723,0.4638333327673005,1,621071,5,0,Education,1
34,1047851,Self-Employed,11,1891107,12,Good,528694,0.5045502609147093,1,945541,2,0,Car,1
33,1259268,Business,7,789273,180,Average,358586,0.2847572679070159,0,1413549,0,1,Personal,0
55,2292331,Salaried,11,126554,180,Average,403260,0.17591692651849733,1,1005347,1,1,Car,0
34,1142173,Salaried,0,334734,24,Good,305547,0.26751353121328275,0,26628,5,1,Personal,0
56,1689275,Salaried,16,202505,12,Bad,30617,0.01812433255430137,0,1297164,2,1,Education,0
63,494463,Self-Employed,37,1071471,180,Good,499913,1.0110200135904737,0,368905,3,1,Car,0
38,1944957,Business,14,1185542,12,Average,434001,0.22314157940685608,1,229666,2,1,Personal,0
21,1760208,Business,0,1502073,180,Good,121720,0.0691508792421809,1,1143416,2,1,Home,1
34,898523,Salaried,6,1506309,120,Good,368227,0.4098132047669289,0,1496074,2,1,Business,0
61,142969,Salaried,39,692547,24,Average,31107,0.2175771140798769,1,921263,5,0,Car,1
58,452801,Self-Employed,24,1173112,12,Bad,31087,0.06865473209040596,1,511690,5,0,Business,1
60,875002,Business,20,1560396,180,Average,301505,0.34457596145384645,1,565642,1,0,Home,1
44,962260,Business,3,902711,120,Average,334204,0.3473111764895387,0,1259050,3,0,Personal,0
44,1082836,Self-Employed,1,1729062,24,Good,594098,0.5486495197338104,0,276476,1,1,Car,0
46,2074779,Self-Employed,25,554364,120,Good,171969,0.08288541435718486,1,273826,5,1,Personal,0
40,837398,Self-Employed,15,1419246,180,Good,672267,0.8028036813991897,0,593120,5,0,Car,0
52,781045,Salaried,23,80145,36,Bad,433778,0.5553808610504375,1,103894,0,1,Education,1
60,2169770,Self-Employed,21,1418310,120,Good,595749,0.2745676847925426,1,52470,1,0,Business,0
21,2317513,Self-Employed,0,776183,180,Bad,694031,0.29947219304824046,0,1447127,5,1,Education,0
44,625583,Salaried,13,383401,36,Average,449446,0.7184422875265352,1,1031185,3,1,Car,1
61,602979,Business,23,741289,120,Good,730396,1.2113104912269064,0,1436938,0,0,Education,0
31,1990073,Salaried,10,1703150,12,Bad,256005,0.12864094501008505,0,1430352,5,0,Car,0
27,893855,Self-Employed,4,637781,24,Good,572536,0.6405237532667454,0,26156,1,0,Business,0
46,2055363,Salaried,4,1301092,180,Average,186354,0.09066715190107445,1,334107,1,0,Car,0
52,1155622,Business,20,412236,24,Good,378784,0.3277747154565113,0,146713,0,1,Car,0
49,1450131,Business,24,1333825,60,Bad,265732,0.18324676650125643,1,670069,5,1,Car,1
62,852605,Salaried,9,332437,180,Bad,568937,0.6672918088777231,0,1346260,3,1,Car,0
24,605497,Salaried,1,164383,24,Average,544530,0.8993093288499714,1,1164889,5,0,Education,1
29,859885,Business,7,1211033,180,Bad,515111,0.5990456874515924,1,394352,2,1,Business,1
55,523629,Self-Employed,5,1761388,12,Average,470802,0.8991119683746157,0,1336945,3,0,Home,0
35,870136,Business,5,1528932,36,Good,660971,0.7596171637339867,1,518054,3,1,Personal,1
62,1358257,Business,1,1164143,24,Average,421230,0.3101251750403826,0,1283846,2,0,Car,0
45,707119,Salaried,8,65574,180,Average,774128,1.0947618508881096,0,1409305,1,1,Business,0
44,281772,Salaried,1,1260880,180,Bad,593111,2.1049248863446817,0,512163,2,1,Education,1
46,1214876,Salaried,10,1143241,60,Average,694912,0.5720019392909735,0,1292148,5,1,Business,0
23,552572,Business,0,1411537,36,Good,517499,0.9365260336643303,1,1345353,0,1,Home,1
51,800000,Business,25,1674721,180,Good,530053,0.6625654217932228,1,998501,0,0,Business,1
62,890243,Business,39,506451,180,Bad,277602,0.3118268699367814,0,133507,0,0,Home,0
61,612970,Business,30,164358,180,Average,678802,1.107396597881466,1,999865,5,1,Car,1
27,1304513,Business,2,1531719,180,Good,573890,0.43992628672440465,0,383871,4,1,Home,0
30,2482125,Self-Employed,5,1362635,120,Good,39980,0.01610715974934391,1,1058016,3,1,Business,0
28,1691429,Business,1,977838,24,Bad,106860,0.06317731150564906,0,1262776,0,1,Home,0
61,1637885,Self-Employed,12,1887969,120,Bad,340529,0.20790763215510724,1,217768,1,0,Education,1
56,171569,Salaried,16,1222491,36,Bad,74447,0.43391618581337066,0,522316,2,1,Personal,1
34,1765225,Self-Employed,6,1083563,24,Average,574906,0.32568407671312344,0,901108,2,0,Education,0
44,1774708,Salaried,16,488024,12,Good,483821,0.2726199055732517,1,115933,4,0,Car,0
23,260405,Business,1,1256458,12,Good,680477,2.613138714161732,1,72258,1,0,Home,1
63,2262424,Business,29,1037965,180,Average,83053,0.03670972518426025,0,848156,2,0,Personal,0
22,1127193,Business,0,877960,60,Good,183224,0.1625487715513035,0,1482226,0,1,Personal,0
27,1491642,Salaried,0,1985079,60,Bad,624666,0.4187771470787581,0,479735,0,1,Home,1
44,1963678,Salaried,1,1378789,36,Good,95447,0.04860621313361298,0,211774,3,0,Home,0
48,2091539,Business,17,339321,36,Good,789855,0.377642789523509,1,239264,1,1,Business,0
29,1628726,Self-Employed,8,1667804,24,Bad,660721,0.40566712530706495,1,1271468,4,0,Personal,1
51,1696094,Salaried,1,1989161,120,Bad,108998,0.06426408898086487,0,563112,2,1,Personal,1
40,1152554,Salaried,4,1819227,36,Average,583164,0.5059749860093444,0,87304,4,1,Car,0
47,2292263,Salaried,23,1803754,60,Bad,718983,0.31365628042843235,0,1116924,3,1,Business,0
49,1818849,Self-Employed,23,815755,120,Average,767902,0.4221909448277758,0,874989,2,1,Personal,0
24,1321896,Salaried,0,736814,24,Good,379993,0.28746036945389847,1,647544,1,0,Education,0
21,1693607,Self-Employed,0,1138700,24,Average,668488,0.39471235374419583,0,1023831,4,1,Personal,0
42,952504,Salaried,8,91302,180,Bad,753961,0.7915559498375336,0,892884,2,0,Personal,0
25,1133584,Salaried,1,716312,60,Average,598394,0.5278774860288377,0,322283,1,1,Personal,0
45,2229345,Salaried,6,448363,36,Good,208264,0.09341932566770703,0,126474,4,1,Business,0
36,989798,Salaried,12,1162204,60,Average,395618,0.399695291670329,1,83746,4,1,Home,1
26,2333560,Self-Employed,2,1328075,36,Bad,183714,0.07872688993345364,0,224778,5,0,Personal,0
47,926647,Business,20,1474333,24,Average,172336,0.18597784703576764,0,1366818,4,0,Education,0
44,1833379,Salaried,8,1662140,120,Bad,31711,0.017296468817157382,1,1224325,1,0,Education,1
40,1114515,Salaried,12,822246,36,Good,631469,0.5665858543080584,1,888971,4,0,Education,1
30,1358936,Salaried,1,316983,180,Bad,563225,0.41445997864507333,0,899506,4,1,Business,0
28,203059,Business,2,318938,36,Average,672999,3.3142864178075446,1,444623,1,1,Home,1
58,1516521,Salaried,9,586024,12,Bad,689274,0.4545097268618589,0,1491730,3,0,Car,0
39,759234,Self-Employed,16,916189,12,Bad,593673,0.7819357642890541,1,1113861,0,1,Personal,1
32,2020667,Self-Employed,9,117713,24,Good,449257,0.22233093214719093,1,1197535,3,0,Education,0
26,1403613,Self-Employed,3,445340,180,Bad,625846,0.44588184500867045,0,330093,3,1,Car,0
30,1960841,Self-Employed,4,623596,24,Average,566371,0.288840712306244,1,1463179,1,0,Home,0
42,2480998,Business,1,596061,180,Good,405641,0.16349905824226452,1,252923,2,0,Car,0
28,376788,Salaried,5,1125346,180,Average,706067,1.8739055545676757,0,212793,1,1,Business,1
50,2020887,Self-Employed,11,1034584,60,Average,15950,0.007892569998931162,1,1249180,1,0,Business,0
40,1621954,Self-Employed,7,664438,180,Good,95551,0.058911005545776544,0,495902,2,0,Car,0
42,336415,Self-Employed,4,181307,36,Bad,139065,0.4133721345001427,1,746440,4,1,Personal,1
61,1907086,Self-Employed,36,1558384,24,Average,745493,0.39090665501888483,0,831498,1,1,Personal,0
26,1383533,Salaried,3,620552,36,Average,465284,0.3363010956001081,1,1094182,2,1,Car,0
29,1124508,Self-Employed,6,627454,60,Bad,301219,0.2678671313435464,1,429598,3,1,Education,1
43,1697670,Salaried,13,1419597,60,Good,53155,0.03131054250205134,1,320195,3,0,Business,0
34,1850840,Business,6,147486,36,Bad,657067,0.3550099657398988,0,1493388,5,0,Personal,0
39,1515595,Self-Employed,15,1803945,180,Average,572463,0.37771477359401845,1,789152,4,0,Personal,1
26,1021498,Self-Employed,0,1569220,12,Average,420688,0.41183398123737763,1,23802,3,0,Personal,1
29,813531,Business,2,548370,180,Bad,91402,0.11235206482351032,0,1342709,5,0,Home,0
57,1897899,Business,11,1332147,60,Average,461538,0.2431835186258496,1,800886,1,0,Education,1
24,1461527,Self-Employed,3,1660041,24,Good,143359,0.09808843894882616,1,835099,1,0,Car,0
63,1140420,Self-Employed,27,1584604,120,Average,299016,0.2621979076148194,1,1035741,0,0,Home,1
47,1282684,Business,12,1139001,36,Average,791910,0.6173846267789832,1,618161,3,0,Business,1
38,2487060,Business,0,1954044,24,Average,357206,0.1436257494287434,1,695752,1,1,Business,1
50,805987,Self-Employed,3,1894049,12,Bad,711873,0.883230271418433,0,333940,2,0,Home,1
56,1660574,Business,30,1963367,12,Average,129428,0.0779416768288093,1,477279,0,1,Car,1
50,2014008,Business,7,1888944,24,Average,738674,0.36676797372802206,0,1329394,4,1,Home,0
59,1807904,Self-Employed,12,196389,36,Bad,237819,0.13154396940104707,0,205468,2,1,Education,0
56,798636,Salaried,10,699177,12,Bad,355201,0.44475900816015285,0,787484,0,1,Business,0
49,1778347,Salaried,3,870543,60,Good,475705,0.26749826243232483,0,1274578,1,1,Car,0
31,201798,Business,8,1789627,180,Average,496065,2.458213370730281,1,702557,5,0,Home,1
21,245210,Salaried,0,1908950,12,Good,674361,2.750125402204632,0,552984,3,0,Education,1
50,531527,Salaried,16,808996,36,Average,22642,0.04259794404057735,1,946875,3,0,Education,1
28,1901337,Self-Employed,4,387423,24,Good,165522,0.08705553667995906,1,1261952,4,1,Personal,0
54,2449564,Self-Employed,26,1384127,12,Bad,725548,0.29619463047520683,1,1047614,5,0,Home,1
26,761089,Business,1,246557,180,Bad,350215,0.46014925961450026,1,329410,2,0,Car,1
47,255195,Self-Employed,16,1117474,12,Good,434283,1.701762566811392,0,1356666,2,0,Personal,1
29,1099933,Salaried,8,1219708,12,Average,317317,0.2884873092385543,1,534413,5,1,Home,1
31,1562433,Self-Employed,6,264800,12,Good,646629,0.41386004144815075,1,1314595,2,0,Home,0
63,1630176,Self-Employed,13,962229,36,Bad,658972,0.40423340532960533,0,596886,2,0,Car,0
37,1616906,Self-Employed,6,935246,12,Bad,297068,0.18372608937929022,1,920423,0,0,Home,1
49,2149848,Salaried,6,1864392,12,Good,83400,0.0387934222357012,0,1066970,1,0,Education,0
42,2170735,Salaried,7,73670,60,Bad,142023,0.06542619646055531,1,195141,0,0,Education,1
45,1771769,Business,20,1765624,60,Average,7188,0.004056959989163379,0,669495,1,0,Car,0
63,146195,Salaried,30,1065054,12,Average,547503,3.7449930230649264,0,5949,3,0,Education,1
26,1429058,Business,5,1691302,180,Bad,324665,0.22718796074899636,1,1256492,3,1,Personal,1
28,1798718,Self-Employed,1,1667596,120,Bad,129808,0.07216691434292961,0,1400902,0,0,Car,1
56,1563947,Business,15,811620,36,Average,422609,0.2702193423310749,1,127277,5,0,Car,0
48,597051,Salaried,15,959038,180,Average,669573,1.121465132015302,1,127927,4,1,Car,1
48,2468176,Self-Employed,3,928091,24,Bad,571953,0.23173094960369536,1,1109818,3,1,Personal,1
56,137597,Salaried,28,1931217,36,Average,271196,1.9709298100263086,1,238557,3,1,Personal,1
64,1277449,Business,30,968702,12,Average,441960,0.3459704880817253,0,1389286,2,0,Business,0
54,898161,Business,22,1992795,36,Average,267078,0.2973606097786368,1,907730,5,1,Car,1
36,595591,Self-Employed,13,1396738,36,Average,524545,0.8807119638947467,0,1271869,1,1,Personal,0
49,2090810,Self-Employed,9,1280196,180,Bad,759082,0.36305624946492054,0,259450,1,1,Business,0
40,2371063,Self-Employed,2,56202,36,Bad,244015,0.10291371299973345,1,1087522,2,1,Personal,1
32,1621404,Self-Employed,4,1522634,24,Bad,226405,0.13963506958471203,1,1013530,2,1,Home,1
21,1377965,Business,0,165446,120,Bad,505491,0.3668385141578239,0,1342662,0,0,Home,0
61,967360,Business,9,836028,12,Bad,584651,0.6043772697059319,1,1210243,1,0,Business,1
42,2063678,Salaried,6,96094,12,Average,491282,0.23806124886670843,0,1463853,1,0,Personal,0
62,1194178,Business,5,1979468,120,Good,747029,0.625558647405456,0,953398,5,1,Home,0
61,1853076,Business,7,1499858,36,Bad,77045,0.041576793624873654,1,1187909,0,1,Business,1
38,1458352,Business,0,395877,180,Good,637534,0.4371602760099921,0,816022,4,1,Personal,0
64,390829,Self-Employed,18,1768074,36,Average,358896,0.918291840442136,0,19067,2,1,Personal,1
57,755474,Business,3,1067348,60,Good,358660,0.47474767530361695,0,204696,0,1,Home,0
48,790766,Salaried,20,1701899,120,Average,727058,0.9194339166910102,0,64086,5,1,Business,0
26,1948831,Business,1,1035055,60,Bad,257031,0.13188976781990444,0,1046101,4,1,Education,0
58,1569026,Salaried,12,1782390,120,Good,458815,0.29242007945051296,1,172061,3,0,Home,0
26,1978575,Salaried,5,1694250,12,Bad,128192,0.06479003081003712,1,1331869,4,1,Business,1
50,1115353,Business,1,132195,12,Bad,260987,0.23399476758051704,1,17650,5,1,Home,1
63,454256,Business,8,1601231,180,Good,375652,0.8269591883008958,0,985359,3,1,Business,0
52,1947420,Business,30,667599,12,Bad,317164,0.16286360268272757,1,1255440,0,0,Home,1
45,351183,Self-Employed,19,506457,180,Good,579635,1.6505165383388765,1,1431739,3,1,Education,1
53,1106602,Business,12,1299688,12,Good,237361,0.2144951712583465,0,763748,3,1,Business,0
44,1584910,Salaried,22,896945,120,Average,359491,0.22682093821041055,0,580429,3,1,Education,0
48,2000697,Self-Employed,19,988671,24,Good,208488,0.10420763153659372,1,1021407,2,1,Personal,0
33,1377703,Self-Employed,10,1234008,120,Bad,362279,0.26295851648830226,0,1392685,1,1,Home,0
53,1420407,Salaried,11,1466292,36,Bad,797976,0.561793512849829,1,530669,0,1,Personal,1
36,1351823,Salaried,6,1421234,12,Good,29398,0.021746913799429512,0,940231,4,1,Car,0
23,906299,Business,2,1436453,36,Bad,424725,0.46863621317444554,1,160481,3,1,Education,1
51,2053140,Salaried,26,225161,24,Bad,711314,0.3464516075612927,0,234601,4,1,Car,0
41,1412738,Self-Employed,14,1942210,24,Bad,370104,0.26197620367244057,0,863201,0,0,Home,0
55,1666908,Business,11,371878,36,Bad,521581,0.3129031038886946,0,1185103,0,1,Business,0
29,931906,Salaried,5,1755438,24,Good,424333,0.4553383545783002,0,7042,5,0,Personal,0
43,2326999,Salaried,12,294932,180,Average,230624,0.09910786420283627,1,56235,0,0,Home,0
39,2190689,Salaried,2,824438,180,Average,690267,0.3150911356695836,0,1304138,3,0,Car,0
30,2077031,Salaried,1,683581,60,Good,713260,0.34340347187717857,0,55270,2,1,Car,0
29,2316608,Business,0,463221,12,Good,457272,0.1973885105341471,1,1243311,2,0,Car,0
52,2069076,Salaried,3,1216992,60,Average,471977,0.22810992534352273,1,535891,2,1,Home,0
32,2449388,Self-Employed,3,307871,180,Good,624306,0.25488234004480304,0,68998,0,0,Personal,0
22,833504,Business,1,1104803,24,Bad,608868,0.7304911188295211,0,50842,1,0,Car,1
41,292993,Business,10,360095,180,Bad,596163,2.0347276736042375,0,635785,5,1,Home,1
42,1862795,Self-Employed,1,316625,120,Bad,735208,0.3946798253807717,1,37227,1,1,Business,1
38,1561999,Salaried,14,191016,60,Average,336367,0.2153437900128041,1,1196933,2,0,Education,0
35,671070,Business,11,133669,12,Bad,451019,0.6720883483267791,1,528777,4,0,Business,1
51,141118,Salaried,9,379874,12,Average,738239,5.231322500868061,1,422655,5,1,Education,1
30,426736,Salaried,5,1669516,180,Good,397754,0.9320822895600803,0,413658,2,0,Personal,0
22,2309130,Business,1,1007842,24,Average,41464,0.017956538628600974,1,792205,5,1,Business,0
37,1095722,Salaried,2,1718515,180,Good,248180,0.2264988505306542,0,1295660,0,0,Education,0
50,950612,Self-Employed,19,1487353,120,Average,320183,0.3368174009823135,0,910219,2,0,Home,0
49,126772,Business,9,1137934,60,Good,145719,1.1494482263573473,0,518022,5,0,Personal,1
30,2108326,Self-Employed,1,86499,120,Good,261403,0.12398598509623981,1,683851,0,1,Personal,0
27,2207940,Self-Employed,0,494782,180,Average,399851,0.18109677749541314,1,805621,1,0,Car,0
63,2277929,Business,9,415809,12,Good,705977,0.3099204101969771,1,272571,3,1,Personal,0
63,1979996,Self-Employed,1,1283049,12,Bad,432330,0.21834881568002376,1,532696,1,1,Personal,1
61,1908669,Salaried,30,214645,36,Average,515265,0.26996023408970643,1,682745,1,1,Home,0
56,424291,Self-Employed,33,1846602,60,Bad,18696,0.04406399366474032,1,559051,5,0,Car,1
40,1055630,Salaried,3,1347540,60,Good,434569,0.41166752397381284,1,481899,3,0,Personal,0
60,471011,Self-Employed,34,1470858,120,Average,194240,0.4123886440260545,0,365265,3,0,Home,0
51,379245,Business,16,569557,12,Bad,497769,1.3125227424943178,1,253202,1,1,Business,1
50,1814489,Salaried,2,1905648,60,Good,681265,0.37545811770800613,0,1310622,3,1,Car,0
24,1228575,Salaried,1,980953,24,Bad,600853,0.4890645755736723,0,178622,5,1,Personal,1
37,2204088,Business,3,531528,36,Bad,667428,0.30281354337324856,0,232902,2,1,Education,0
28,277952,Salaried,7,215127,36,Average,14802,0.053253607624310584,1,849907,0,0,Car,1
36,338617,Salaried,10,1792636,120,Good,715250,2.1122621951579656,1,749146,1,1,Personal,1
56,640779,Salaried,34,1057198,120,Good,614580,0.9591123318455632,1,678840,2,0,Personal,1
46,1594403,Salaried,3,1647098,36,Good,522492,0.3277036434931172,1,57036,4,1,Business,0
63,2244602,Self-Employed,3,1309815,24,Good,587499,0.2617384900581528,1,806028,0,0,Education,0
61,512712,Self-Employed,1,828722,12,Bad,131380,0.2562447217059056,0,680528,3,0,Personal,1
34,132756,Business,8,1227991,180,Average,511165,3.850380770882138,1,957356,3,1,Home,1
23,241789,Self-Employed,1,574370,180,Bad,73978,0.30595971710988873,1,730181,3,1,Personal,1
40,1609595,Business,9,393180,24,Average,322699,0.20048446939480466,0,389219,0,1,Education,0
49,185858,Business,28,543577,12,Good,691188,3.718883669878779,0,654381,2,0,Business,1
24,975352,Salaried,1,992885,12,Good,521099,0.5342670807389734,1,457758,5,0,Business,1
22,1139264,Salaried,0,479080,60,Bad,744708,0.6536740793406275,0,1383821,3,1,Home,1
30,2331988,Business,8,1235378,12,Average,752194,0.3225546947262616,0,1031889,1,1,Business,0
56,595750,Salaried,32,1860671,60,Bad,523495,0.8787144293505172,1,1250593,1,0,Education,1
62,1774942,Business,27,574835,180,Average,723796,0.40778548944952037,0,575705,2,1,Personal,0
51,1134750,Business,12,1758253,120,Good,780575,0.6878821873697402,1,918027,2,1,Business,1
61,2357033,Business,28,433016,180,Good,311095,0.13198579231356017,1,341258,5,1,Personal,0
29,1935664,Business,5,793626,12,Average,27476,0.014194604954886305,0,53017,2,1,Car,0
34,1733858,Salaried,9,723844,24,Average,473590,0.27314216438591604,0,225429,4,1,Business,0
22,1400524,Self-Employed,0,1438427,180,Good,358485,0.25596472751289695,1,901428,0,0,Car,1
64,1264390,Self-Employed,16,415756,60,Bad,213513,0.16886627633382395,1,1259046,2,1,Education,1
45,2367837,Salaried,10,635761,24,Bad,764704,0.32295452644986694,1,63903,1,1,Personal,1
62,267688,Self-Employed,22,179017,24,Average,120938,0.45178546746410947,0,820416,3,1,Business,0
30,1361724,Salaried,2,1707850,60,Bad,621846,0.4566604857809029,1,535679,4,0,Home,1
63,197666,Business,31,1855493,60,Bad,676425,3.4220431331481733,1,1278179,5,1,Education,1
63,1500686,Self-Employed,35,84936,60,Bad,685799,0.4569900318987237,0,625340,4,1,Car,0
34,318201,Self-Employed,1,1454911,120,Bad,634036,1.9925581863093256,1,802373,0,1,Personal,1
32,699878,Salaried,4,1565766,180,Average,377914,0.5399704806116485,0,423723,0,0,Home,0
30,740890,Self-Employed,6,442019,36,Bad,324612,0.4381373238438583,1,1373900,1,1,Car,1
30,1678772,Salaried,8,558848,60,Bad,713138,0.42479715840080823,0,1174947,0,0,Car,0
36,1399711,Business,8,333691,120,Bad,621593,0.4440863549072952,1,577315,4,1,Education,1
48,1871467,Salaried,11,1621673,12,Good,703043,0.3756639173098338,0,1497963,5,1,Education,0
50,2397890,Business,15,1959665,180,Good,783973,0.32694271757973986,0,421723,0,1,Car,0
64,1156079,Business,6,76631,120,Average,391046,0.33825167808456164,0,1397540,1,1,Home,0
38,1616687,Self-Employed,6,978788,180,Average,144929,0.08964562117118455,0,653566,0,1,Education,0
47,1912946,Business,19,1824824,12,Bad,566578,0.2961807096589712,1,368318,5,1,Education,1
28,2277211,Self-Employed,1,407422,120,Good,57247,0.025139073568907946,1,301977,5,0,Home,0
35,466125,Salaried,11,82611,60,Good,109314,0.23451598923896114,0,46827,0,0,Home,0
27,625382,Business,5,1332232,60,Average,521330,0.8336171594047168,0,1054272,0,0,Business,0
51,2274572,Business,7,1775576,24,Good,757369,0.3329719468225465,0,781262,0,0,Business,0
53,2168994,Salaried,18,1285741,60,Average,47150,0.021738178280724482,1,157183,5,0,Education,0
46,1973314,Business,1,1194472,12,Average,208285,0.10555081170517631,0,354816,2,1,Car,0
38,2158432,Self-Employed,8,1697238,24,Good,680012,0.31504892669821116,1,1398864,4,1,Education,0
33,995049,Business,11,1713717,24,Bad,48996,0.04923973669664841,1,883533,2,1,Education,1
25,1271916,Business,4,265723,24,Average,565880,0.44490324447271323,0,1077915,1,0,Home,0
54,2315870,Business,6,1845590,12,Bad,615171,0.2656326712498235,0,523627,3,0,Education,0
24,669350,Business,3,1827004,36,Average,481543,0.7194177643717571,1,1450013,2,1,Home,1
22,390089,Self-Employed,1,676806,60,Average,724879,1.8582352790381707,1,404549,2,0,Car,1
32,2066005,Self-Employed,2,994251,12,Good,752598,0.36427677363957317,0,1151589,0,0,Business,0
22,1993648,Business,0,1450772,120,Good,120963,0.06067417082946898,0,580433,0,1,Car,0
51,1028926,Salaried,21,1368218,60,Bad,693167,0.6736794738596615,1,156495,3,1,Business,1
41,874648,Business,19,634199,24,Good,581738,0.6651102327905252,0,1094516,0,0,Business,0
38,785630,Business,2,316486,60,Bad,722898,0.9201495358508002,0,679848,1,1,Business,0
42,1607151,Self-Employed,13,1298658,12,Average,717115,0.446202350493295,0,1364245,5,1,Business,0
35,849876,Salaried,9,304307,120,Bad,120331,0.14158637073364733,1,337098,1,1,Car,1
59,1952403,Salaried,34,798867,180,Bad,426515,0.21845632358876543,1,975406,3,1,Home,1
32,2254033,Business,7,1536999,12,Bad,266055,0.11803504294966269,1,1088503,0,1,Home,1
50,960854,Business,4,359705,12,Bad,366944,0.3818932096934501,0,1443479,3,0,Car,0
36,398235,Self-Employed,11,1528035,60,Bad,441902,1.1096485501059674,0,444900,1,1,Home,1
46,1596589,Salaried,23,930890,60,Average,644934,0.40394465705033855,1,365866,4,1,Business,0
63,772159,Self-Employed,31,1667414,36,Good,473332,0.6129973062577704,0,437974,3,0,Home,0
40,800153,Business,3,511562,60,Average,298327,0.3728369788815653,1,1234233,4,0,Home,0
48,865177,Self-Employed,1,841129,120,Bad,650436,0.7517944284297566,1,617143,1,1,Business,1
52,2350577,Salaried,29,853351,180,Average,478427,0.20353589627742624,1,20141,2,0,Personal,0
30,599966,Self-Employed,3,218170,180,Bad,123185,0.20531962591275854,1,1283181,1,1,Home,1
33,656188,Salaried,10,445430,60,Bad,667700,1.017542202018016,1,222393,3,0,Education,1
52,1699417,Salaried,18,692524,60,Good,760636,0.44758617361943914,0,127605,1,1,Business,0
40,2464465,Self-Employed,1,356287,120,Average,729671,0.2960767160106895,0,553575,5,0,Car,0
33,2247809,Salaried,6,1603612,36,Average,539034,0.23980407596727482,0,726787,0,1,Personal,0
40,614722,Business,1,444639,60,Average,504107,0.8200555372094424,0,286865,1,1,Business,1
34,2428011,Business,3,538247,60,Average,465399,0.19167903618268772,1,1476471,5,0,Education,0
27,323054,Business,5,822999,36,Good,147953,0.4579808391759917,1,181014,0,0,Business,1
30,2462512,Salaried,8,1785266,12,Good,789248,0.3205051100237846,0,295238,2,0,Business,0
28,269630,Business,3,1984235,180,Bad,671521,2.4905185234635483,1,407763,3,0,Home,1
62,1527908,Salaried,2,544344,24,Average,316403,0.20708235896247748,1,187093,0,1,Education,0
22,2158160,Business,0,1394408,24,Bad,497611,0.23057176920535585,0,642458,3,1,Car,0
29,2366051,Business,1,1182271,120,Average,466972,0.19736337155734532,1,936180,1,1,Business,0
52,1250123,Salaried,29,1587083,180,Good,155786,0.12461643804934551,1,348516,3,1,Education,0
31,2056751,Salaried,5,743740,24,Average,140623,0.06837139334251285,1,630522,2,1,Personal,0
21,308698,Business,0,1228143,60,Average,132869,0.4304160363331271,0,618536,3,1,Car,1
59,823318,Salaried,28,1777389,180,Average,597717,0.7259847033774273,0,282936,2,0,Car,0
46,1493314,Salaried,15,50133,36,Good,742955,0.4975206168825733,1,1059814,4,1,Home,0
42,493807,Self-Employed,17,627534,180,Average,51689,0.10467428636231085,0,1202016,2,0,Business,0
50,1122946,Self-Employed,1,177019,36,Good,354066,0.3153007221177847,1,439486,1,0,Education,0
40,1289208,Business,14,770240,180,Average,277809,0.21548794648501524,0,302686,1,0,Education,0
61,405625,Business,30,1544436,24,Bad,309098,0.7620270889933091,1,120156,3,1,Home,1
30,2277987,Salaried,6,639794,180,Good,567352,0.249058379587601,0,1286383,4,0,Home,0
63,741160,Self-Employed,0,1068857,120,Good,694411,0.9369232865733627,0,1140797,1,0,Business,0
40,890447,Self-Employed,1,604700,180,Bad,346001,0.38856957396726144,0,635420,5,0,Education,0
63,679453,Salaried,34,1615832,12,Bad,606847,0.8931391970611697,0,837668,5,0,Home,1
59,203723,Business,20,1008161,180,Bad,113290,0.5560955017572795,0,1360410,0,0,Personal,1
63,1366049,Self-Employed,19,339070,120,Average,500487,0.36637531569122656,0,701412,4,1,Education,0
27,2409195,Business,3,1935195,180,Bad,369000,0.15316312994044487,1,549159,2,1,Car,1
21,2281292,Self-Employed,0,257665,36,Average,688820,0.30194280173568233,0,29171,1,1,Car,0
45,2406689,Business,2,188684,60,Average,533721,0.22176557845007042,1,437323,3,0,Home,0
40,195229,Business,7,1834626,180,Bad,655748,3.3588485376222916,1,180811,1,1,Home,1
34,2377531,Self-Employed,5,1199451,180,Average,712983,0.2998836608718621,0,519212,4,1,Business,0
37,2309248,Salaried,9,1405961,60,Bad,385828,0.16707942712111168,0,1493929,5,0,Car,0
35,2198952,Salaried,7,1774950,12,Bad,34198,0.01555194676739339,0,1457968,3,0,Business,0
27,232932,Self-Employed,6,332661,60,Bad,316647,1.3593908978118172,1,1444007,4,0,Business,1
59,456626,Salaried,25,1777123,36,Average,446829,0.9785426617348514,1,506683,5,0,Education,1
59,721725,Self-Employed,36,1819554,12,Bad,261652,0.3625364750611728,0,417563,0,1,Business,0
32,1633080,Business,11,372935,60,Bad,790100,0.4838094374988136,0,1099343,3,0,Business,0
46,2383054,Self-Employed,4,353883,24,Average,122243,0.051296759831392896,1,443426,4,1,Business,0
47,2136991,Salaried,0,1799516,24,Average,487588,0.2281655710456567,1,213419,1,1,Business,1
58,2008036,Self-Employed,4,355425,36,Good,49711,0.024756017941900473,0,1045328,1,1,Education,0
62,1440866,Self-Employed,13,1983810,180,Good,317643,0.2204526857787707,1,1064889,0,1,Personal,0
27,520648,Self-Employed,4,70867,12,Good,254367,0.488557550288198,1,1299332,3,0,Personal,0
64,1290819,Salaried,10,496222,60,Average,634743,0.4917362606715111,1,434285,1,0,Business,1
40,185674,Salaried,19,1887533,120,Bad,381886,2.0567443112966206,0,1320357,4,1,Car,1
30,1772933,Self-Employed,3,1996883,180,Bad,114886,0.06479993051066762,1,546656,0,1,Car,1
46,1395890,Salaried,19,1125374,36,Bad,164328,0.1177226588608996,0,888276,3,0,Personal,0
42,1756143,Business,4,716580,12,Average,11290,0.006428857770205632,1,1047464,0,1,Business,0
36,899619,Self-Employed,11,655855,24,Average,492508,0.5474622618438897,0,271150,1,1,Car,0
57,2288317,Self-Employed,24,1445126,60,Average,149121,0.06516620504667621,1,666187,2,0,Home,0
52,314006,Business,4,1022086,36,Bad,349400,1.112714047776005,1,655970,4,0,Car,1
58,2473315,Salaried,6,1280549,180,Bad,152628,0.06170986643033078,1,177748,5,1,Education,1
59,2172683,Business,10,1921607,60,Average,198987,0.09158579894729284,1,1202137,5,1,Car,1
35,1705258,Business,4,1899425,180,Average,552137,0.32378483268524016,0,35207,5,0,Personal,0
55,1293523,Salaried,11,213824,120,Good,177474,0.13720193827095592,1,1289683,1,1,Home,0
32,2386421,Business,7,376223,180,Good,614267,0.25740082852068913,0,560821,1,0,Home,0
39,734120,Self-Employed,13,129283,180,Average,770509,1.0495667607928394,1,1393813,3,1,Education,1
54,658431,Self-Employed,17,795953,36,Average,516177,0.7839488360225505,0,617703,1,0,Car,0
40,2132131,Self-Employed,9,1806873,180,Good,639226,0.29980601576262633,1,130557,2,1,Personal,0
41,621430,Business,9,1507734,60,Bad,636310,1.023943124819972,0,1116235,4,1,Business,1
60,1409082,Business,12,1810096,60,Bad,298334,0.2117220916014174,1,270575,2,0,Personal,1
48,283410,Self-Employed,20,1523375,180,Good,144985,0.5115715339207018,1,277004,4,1,Education,1
27,1376159,Salaried,3,628677,36,Average,106227,0.07719087896756191,0,1396810,4,1,Personal,0
39,1609904,Business,14,896579,24,Average,142513,0.08852261468844434,0,723051,2,0,Home,0
51,677148,Salaried,5,1481651,180,Bad,536756,0.7926704462385679,0,58014,2,1,Business,1
40,1728583,Salaried,12,1698658,36,Good,237343,0.13730486918772822,1,850230,2,0,Home,0
52,1767305,Salaried,27,622058,36,Average,583855,0.33036440774829035,0,1455213,2,1,Business,0
51,380274,Self-Employed,1,838932,36,Average,322634,0.8484228518835054,0,335793,4,1,Business,1
59,2215538,Business,13,802919,180,Good,646386,0.29175112692667565,0,532019,1,0,Personal,0
35,2212916,Salaried,4,232979,36,Bad,11460,0.005178684966494451,0,1059870,3,0,Personal,0
50,652105,Business,29,1232681,24,Bad,537259,0.8238829270087992,0,712346,3,1,Home,1
48,1188307,Self-Employed,11,125244,12,Good,673364,0.5666578025225784,0,1271517,0,0,Education,0
30,144836,Business,9,846900,12,Good,100231,0.6920262087726202,1,55965,0,0,Business,1
23,1918149,Self-Employed,1,1359583,60,Average,484268,0.25246617834893,0,532738,5,0,Business,0
60,875594,Business,28,1691982,180,Bad,197939,0.22606227765119719,1,943636,4,1,Personal,1
52,1890960,Business,24,950145,24,Good,778200,0.41153677944706424,0,608300,4,0,Business,0
35,2377170,Self-Employed,14,1259847,24,Good,417255,0.17552586667092943,0,1428108,2,0,Personal,0
51,1962998,Salaried,0,1762911,180,Good,382848,0.19503219308822878,1,1052849,5,1,Home,1
27,1262206,Business,4,1616869,60,Good,335055,0.2654517048312995,1,537948,5,1,Business,0
38,635160,Self-Employed,12,1518151,12,Bad,225771,0.3554547587147196,1,726623,3,1,Car,1
52,249060,Salaried,9,1198517,24,Bad,119264,0.478854577794195,0,150852,5,1,Business,1
42,1739412,Self-Employed,18,1149370,12,Average,394510,0.2268063996302201,0,1161569,0,0,Home,0
64,521771,Self-Employed,4,978051,180,Good,461313,0.8841275499643523,1,391386,4,1,Business,1
44,1986094,Self-Employed,14,89488,120,Bad,53172,0.026772133256465578,1,1000307,4,0,Home,1
48,173826,Salaried,0,958858,24,Average,26738,0.1538196022482123,1,436851,4,1,Education,1
38,1355488,Business,14,1320551,60,Bad,682299,0.5033600420217353,0,52385,1,1,Home,1
60,1512021,Salaried,15,1151415,24,Average,71337,0.047179869075979056,1,1206799,4,0,Home,1
26,1372521,Business,5,1927988,12,Bad,193695,0.14112342097248715,0,260914,4,0,Car,0
48,674567,Business,10,901582,60,Average,183168,0.27153378162023695,0,840387,0,0,Business,0
42,1967308,Self-Employed,6,592490,12,Bad,724390,0.36821363598702594,0,1114597,0,1,Business,0
28,1803083,Business,7,1236577,12,Average,45174,0.025053741256646944,0,1208251,0,0,Personal,0
30,1267543,Self-Employed,2,824490,120,Good,129960,0.10252898518710199,1,1333790,4,0,Personal,0
36,236813,Salaried,6,1472888,12,Average,188151,0.7945096151409967,1,349124,2,1,Personal,1
41,2167708,Business,6,1373171,36,Bad,79527,0.036687119904009254,1,989914,5,0,Personal,1
58,799349,Business,3,1560317,60,Bad,631870,0.7904797648089072,1,990178,1,1,Personal,1
58,1109233,Salaried,29,1216569,180,Average,609807,0.5497550561919307,1,1279257,4,0,Car,1
48,1403419,Salaried,11,382767,12,Bad,705431,0.5026513801997976,0,1325618,1,1,Home,0
59,1052625,Self-Employed,2,1275918,60,Bad,228607,0.21717780104234552,1,1490707,1,1,Personal,1
50,1409289,Salaried,26,588181,12,Good,86416,0.06131882011509342,1,29943,2,1,Car,0
33,355254,Business,5,1884831,60,Bad,622305,1.7517135578668843,1,670274,3,1,Business,1
44,2019698,Salaried,17,1446502,180,Average,311424,0.1541932733540988,0,323962,2,0,Education,0
22,1113668,Business,1,1750303,12,Average,646345,0.5803744200476084,1,1088476,2,1,Car,1
45,2115512,Salaried,23,1424860,36,Good,150932,0.07134534271356403,0,267241,2,0,Car,0
59,526689,Business,18,1992939,180,Average,153178,0.2908314188611897,0,862577,1,0,Education,0
31,2378608,Self-Employed,2,1151139,180,Good,540747,0.22733749010451065,1,293432,3,1,Car,0
22,1816248,Salaried,0,125720,180,Average,668309,0.3679611110591114,1,1414135,2,0,Education,0
60,2252314,Salaried,8,1947670,120,Bad,597667,0.2653567551608012,1,1263345,1,0,Education,1
63,627472,Salaried,36,505609,180,Good,626750,0.9988477591864511,1,1304930,2,0,Business,1
28,1199338,Self-Employed,2,749330,180,Average,595264,0.49632672663859007,0,1264957,4,0,Education,0
50,1843881,Salaried,25,1648055,12,Bad,37426,0.020297394301804564,1,466173,2,1,Personal,1
58,1239467,Salaried,2,1991324,36,Average,363112,0.29295794647380974,1,365310,3,1,Business,1
40,2021127,Self-Employed,14,1341905,12,Bad,419838,0.20772459735355703,0,254410,4,1,Home,0
57,1483126,Salaried,5,1228962,36,Average,240870,0.16240686063971596,1,1446251,5,0,Business,1
56,1394805,Business,9,1477351,180,Bad,467707,0.33532046750587535,0,316572,5,0,Education,0
56,1986092,Business,5,875165,36,Good,363704,0.18312536220610012,0,1210647,2,1,Home,0
58,1811105,Self-Employed,8,707053,120,Bad,653900,0.3610500986689901,0,165969,3,1,Personal,0
42,783747,Self-Employed,6,1217787,24,Average,449462,0.5734776994646238,1,486438,4,1,Education,1
62,1812001,Self-Employed,4,1257465,120,Good,186584,0.10297118877352232,0,600411,4,0,Education,0
34,339546,Business,10,1515217,60,Bad,136082,0.4007751504210021,1,53142,0,0,Business,1
34,2262126,Self-Employed,2,656014,120,Good,442329,0.19553676694544558,0,452615,2,1,Education,0
60,632923,Business,3,514506,12,Average,517948,0.8183415386365503,0,1050789,2,0,Education,0
64,1501844,Salaried,25,351570,36,Good,222458,0.14812314186883466,0,1375308,5,0,Car,0
48,737357,Salaried,26,1962192,24,Bad,169819,0.23030739477974063,0,1326458,3,0,Home,0
31,1905066,Business,7,93779,180,Good,179105,0.09401506613678154,0,631479,1,1,Car,0
37,424486,Salaried,12,758117,12,Good,583479,1.3745509285325581,0,1088377,0,0,Personal,0
48,2144076,Business,0,475509,24,Average,82678,0.0385611151092055,1,901561,0,1,Personal,0
62,2015840,Business,36,1061189,180,Good,717496,0.35592886542142954,1,184417,5,1,Education,0
23,1803997,Self-Employed,2,835858,60,Average,67409,0.037366449408480495,1,663318,0,1,Business,0
22,2110913,Salaried,0,962303,24,Average,169446,0.08027138954974007,1,741182,3,0,Car,0
25,773952,Salaried,1,68796,60,Good,507927,0.6562762855108772,1,261946,0,0,Personal,1
43,2214737,Business,21,1495163,60,Bad,59435,0.02683613140696552,1,785926,1,1,Home,1
44,187653,Business,20,1264022,60,Bad,521105,2.776945868460038,1,390862,3,1,Car,1
36,2098544,Salaried,2,1114236,36,Bad,214920,0.10241381528630551,1,1110899,1,0,Personal,1
46,695314,Salaried,1,441493,120,Good,499948,0.7190237518247126,0,668277,1,1,Home,0
56,740135,Business,5,898231,24,Average,639557,0.8641074072873094,0,1165518,4,0,Car,0
45,1112210,Salaried,13,976210,12,Good,587697,0.5284042326500996,1,1327913,5,0,Car,1
34,727654,Business,4,591301,120,Bad,740662,1.0178752293325821,0,137610,1,0,Education,1
30,249486,Self-Employed,6,1706400,12,Average,298229,1.1953688969765959,0,1137847,4,0,Car,1
37,1222368,Business,5,1584574,12,Good,120306,0.09842036242738486,1,1397453,1,1,Personal,0
62,429462,Business,38,1286774,12,Good,256589,0.5974647408507834,0,630613,3,0,Personal,0
61,461979,Self-Employed,8,1055910,120,Bad,743110,1.6085328369193472,1,1430103,2,1,Education,1
57,580410,Self-Employed,8,956303,60,Average,421349,0.7259493703599691,1,733638,3,0,Personal,1
43,2013238,Business,13,257602,120,Good,125077,0.062127248677380086,1,1267189,2,1,Business,0
27,1232773,Self-Employed,3,1405565,120,Good,547093,0.44379018376442075,1,376432,0,0,Business,0
41,1556362,Salaried,12,76877,120,Average,729655,0.46882057720467524,0,110914,4,0,Business,0
61,1134712,Salaried,33,336235,36,Bad,686695,0.6051706466745336,1,487766,0,0,Car,1
44,2260670,Salaried,2,925600,36,Bad,217094,0.09603078024179547,0,590153,2,1,Car,0
44,2386224,Salaried,23,1869513,120,Average,746233,0.3127253297572526,1,1238015,0,0,Home,1
39,1215688,Self-Employed,5,1170978,60,Average,549767,0.45222667968534713,1,1491077,0,0,Car,1
58,228460,Business,20,232263,60,Bad,4188,0.018331356336530085,1,1084193,3,1,Education,1
59,569502,Business,18,1197124,180,Average,521398,0.9155316126517332,1,1053704,3,0,Personal,1
48,2273135,Salaried,17,1673794,120,Good,710822,0.3127054430531213,1,616935,4,1,Home,0
51,551890,Self-Employed,0,408975,180,Bad,41753,0.07565443176279374,1,663028,2,0,Home,1
33,1161122,Business,12,127899,120,Average,719904,0.6200066659604538,1,1232465,4,1,Business,1
39,1871454,Self-Employed,9,1050293,36,Bad,435569,0.2327435070573431,0,404878,5,0,Car,0
24,856594,Salaried,0,504525,120,Bad,277415,0.3238578324645836,1,393592,0,1,Personal,1
40,1032127,Business,12,534072,12,Bad,732224,0.7094313883549327,0,1186702,4,1,Business,0
35,1063629,Business,4,593097,12,Bad,420656,0.3954909131934977,0,1265541,0,1,Car,0
51,970547,Business,25,1494857,36,Average,5976,0.00615734615907714,0,883122,2,1,Car,0
59,1891175,Business,14,516373,36,Good,388288,0.20531563429315938,1,799976,5,0,Education,0
24,619968,Business,0,673425,180,Average,113903,0.18372370231414797,0,333474,5,1,Personal,0
33,1949712,Salaried,9,266514,120,Good,46403,0.0237999131154175,0,451032,4,1,Car,0
63,981797,Business,28,1485840,24,Good,518450,0.5280617805291924,0,1228317,1,0,Personal,0
49,1202536,Business,16,1195590,120,Average,576891,0.47972827447305155,1,899144,3,1,Car,1
45,2350499,Self-Employed,21,311564,120,Average,373867,0.15905849819187406,0,1492578,5,0,Business,0
53,1529526,Salaried,20,1124486,60,Good,479783,0.313680634601416,1,1101746,5,0,Home,0
48,1895363,Salaried,25,1359182,24,Bad,293744,0.15498025709045862,0,90134,0,0,Home,0
28,2030899,Self-Employed,7,658562,180,Average,473318,0.23305825003692943,1,1043132,3,1,Car,0
21,1878171,Business,0,1548896,36,Bad,155030,0.08254302587835406,1,324965,1,1,Car,1
44,535044,Salaried,19,231062,12,Bad,580853,1.0856152286256295,0,714553,5,1,Home,0
64,1900516,Business,33,245171,24,Average,206192,0.10849258386007597,1,666808,0,1,Business,0
60,2217427,Self-Employed,36,1643872,120,Average,322819,0.14558262996588842,0,844734,4,0,Car,0
38,2426011,Salaried,17,589919,12,Bad,703047,0.2897953513832578,0,1144636,3,1,Education,0
38,1940751,Business,16,352177,180,Bad,693725,0.35745164760876197,1,421806,0,1,Education,1
42,1798903,Self-Employed,6,350704,24,Bad,621761,0.34563323001116236,0,690691,3,0,Education,0
37,1716919,Salaried,3,762719,12,Bad,28646,0.016684528108473314,1,366535,0,1,Car,1
29,2029558,Salaried,8,577679,180,Bad,565987,0.2788719125681983,1,154818,5,1,Business,1
30,1802426,Business,8,1561171,180,Average,58141,0.03225706228324365,1,1248394,2,1,Business,1
39,1637297,Self-Employed,12,1146632,60,Bad,100835,0.061586223155467114,0,316783,5,0,Car,0
30,2457189,Business,7,146794,12,Bad,206167,0.08390356464091096,0,269449,5,1,Education,0
47,164146,Business,25,1356124,180,Bad,121415,0.7396723668419161,1,476250,3,1,Car,1
34,2469867,Self-Employed,5,124323,60,Average,312309,0.1264476482143985,0,418331,3,1,Personal,0
44,1693525,Business,21,1291401,24,Average,9614,0.005676913138623204,1,255197,3,1,Personal,1
26,2033623,Salaried,2,1317502,120,Average,275998,0.1357173204092792,1,985176,3,0,Home,0
22,164391,Self-Employed,0,655279,120,Bad,542526,3.3001970898827193,0,521461,2,0,Car,1
37,1186620,Salaried,0,972483,24,Bad,496566,0.4184705984471874,0,1253660,4,0,Business,1
22,806071,Business,1,949123,12,Average,739877,0.9178795442590736,1,305026,0,0,Business,1
33,534217,Salaried,8,1440321,180,Average,226280,0.42357239928268986,0,109950,1,0,Education,0
61,209156,Self-Employed,40,1942562,120,Bad,768275,3.673197645787614,0,69600,2,0,Personal,1
57,564070,Business,12,1102790,180,Bad,352741,0.6253485820047476,1,452716,5,1,Business,1
28,817386,Salaried,1,1211000,60,Average,245453,0.30028982599429643,0,653187,4,0,Education,0
30,763032,Salaried,5,1007903,120,Bad,752760,0.9865366242351248,0,290091,3,1,Education,1
56,691485,Salaried,35,203752,36,Bad,190988,0.2761993735231082,0,221094,5,1,Business,0
50,1040845,Business,17,844179,36,Good,467200,0.448865634301328,0,343276,1,1,Business,0
56,1514307,Self-Employed,13,921000,60,Bad,333414,0.22017581628043964,1,1352316,2,1,Home,1
27,2340039,Business,3,1122575,120,Good,671878,0.2871224423514128,1,683767,5,1,Education,0
45,1459765,Salaried,3,1056271,60,Average,24432,0.016736929069453597,0,973201,1,1,Home,0
24,1427182,Salaried,1,1011836,36,Average,357976,0.25082697874063803,0,762809,2,0,Car,0
32,1021082,Business,0,1583813,60,Good,234534,0.22969141587902256,0,983023,3,1,Home,0
36,1290354,Self-Employed,5,1937004,120,Good,626893,0.48582986852455334,0,131070,0,1,Education,0
48,2245132,Self-Employed,15,550116,36,Bad,682371,0.30393344180500664,1,157158,5,0,Car,1
55,642099,Self-Employed,14,378537,120,Average,261549,0.4073337486372839,1,589446,1,0,Car,0
45,2344100,Salaried,20,155075,36,Average,761223,0.3247398469605192,0,1196051,1,0,Business,0
39,1078195,Business,2,1521926,24,Bad,265277,0.24603782614663752,1,847333,1,0,Personal,1
47,2133134,Business,13,876935,180,Good,510036,0.23910160397724475,1,868103,2,0,Business,0
63,1432282,Salaried,34,854993,180,Average,708322,0.49454053423799627,0,950750,3,1,Education,0
28,1175222,Business,7,1699548,120,Bad,638805,0.543560668911347,0,353817,0,1,Car,1
49,298650,Business,23,985893,36,Average,342033,1.145259851800262,0,52292,3,1,Business,1
22,1319750,Business,0,930506,36,Bad,333529,0.2527211572486022,1,1142069,5,1,Home,1
53,2263214,Salaried,2,935438,60,Good,119529,0.05281380690743036,1,1162305,0,0,Personal,0
21,2270435,Salaried,0,1676858,24,Good,449025,0.19777038419052553,0,170332,3,1,Education,0
26,1179754,Business,3,956071,120,Bad,118026,0.10004280549775166,1,96137,4,1,Personal,1
47,1537658,Self-Employed,25,412101,60,Good,713717,0.464158178113613,1,1188802,4,0,Personal,0
58,2436825,Business,17,586322,36,Good,160809,0.06599117048160189,0,918319,0,1,Business,0
33,1395480,Salaried,7,614023,24,Good,574650,0.41179349629267614,1,1100862,2,0,Business,0
61,2436009,Salaried,10,155212,24,Good,603284,0.24765251374173342,1,1126366,5,0,Education,0
35,292925,Salaried,10,1108940,120,Average,215296,0.734984262236879,0,683099,0,0,Home,1
23,1926198,Business,2,612592,180,Average,540345,0.280523974937169,0,1391229,1,1,Personal,0
37,289160,Salaried,4,1666156,24,Good,387134,1.3388181670418902,1,1143429,3,0,Business,1
61,1847674,Salaried,34,1821890,180,Average,234516,0.12692491915515444,0,986028,2,1,Education,0
22,297208,Business,1,1062044,120,Average,549610,1.8492374053275642,0,1233761,4,0,Home,1
21,1249191,Salaried,0,1385445,36,Good,335663,0.2687040903239854,0,1170413,1,1,Personal,0
46,1976289,Salaried,17,941705,24,Average,414932,0.20995501672325417,1,137606,0,0,Education,0
32,2124638,Self-Employed,10,601253,60,Good,213665,0.10056531956723001,1,298613,0,0,Education,0
31,2425569,Self-Employed,2,1132788,12,Average,143289,0.059074361902563106,0,462105,4,0,Home,0
52,175012,Business,4,1570339,24,Average,178674,1.0209184460582927,0,964166,2,1,Home,1
43,2295424,Business,6,1573906,24,Average,341676,0.14885086639729025,0,980162,5,1,Business,0
51,511477,Self-Employed,26,998060,24,Bad,430627,0.8419267299864315,1,745860,2,1,Education,1
45,1333076,Salaried,15,1199712,36,Bad,720072,0.5401578453457677,0,816793,5,1,Personal,1
61,1731245,Self-Employed,22,722074,36,Good,531065,0.3067530553139184,1,1453833,4,1,Education,0
46,1093571,Business,10,316010,180,Bad,668389,0.6111979823916487,0,169953,5,0,Business,0
23,2317041,Business,0,1505897,60,Bad,252049,0.10878050548932648,1,1012102,4,1,Home,1
33,2361442,Salaried,9,478596,120,Good,198378,0.08400710921246035,0,1126083,1,1,Car,0
24,785147,Self-Employed,0,352663,180,Average,780773,0.9944278021468564,0,921162,1,0,Car,0
38,579217,Business,11,1517600,12,Average,669234,1.1554095349246742,1,1464739,4,0,Education,1
36,2498728,Salaried,10,1708923,180,Good,694252,0.2778420549007115,1,45205,5,0,Education,0
28,772305,Business,5,1859743,180,Good,163701,0.21196391067789191,1,1102547,5,0,Personal,0
58,2431248,Salaried,16,882968,36,Average,526121,0.21639947204091395,1,295797,4,0,Education,0
22,148932,Salaried,0,636007,12,Bad,589703,3.959518709755393,0,1112989,1,1,Business,1
42,908028,Salaried,7,425819,120,Good,30733,0.03384583532023757,0,108030,5,1,Personal,0
55,728700,Self-Employed,30,239147,180,Average,725229,0.9952353571629516,0,950810,3,0,Car,0
21,1138664,Business,0,209373,180,Average,711417,0.6247816521979687,1,968777,1,0,Education,1
62,2292614,Self-Employed,39,377693,12,Good,725603,0.3164957919231969,1,781914,2,1,Car,0
62,2400240,Self-Employed,36,1588153,60,Average,163209,0.0679969219757516,0,1380358,0,0,Business,0
32,1325604,Self-Employed,6,1851123,60,Average,375289,0.28310771308195126,1,630423,1,0,Education,1
21,1834249,Business,0,551696,12,Bad,528428,0.28808940984053427,1,611784,4,1,Home,1
22,1982097,Business,1,1826500,24,Average,531438,0.2681189325653928,1,1104624,2,1,Car,1
27,712599,Salaried,6,446855,120,Average,90702,0.12728318832444568,0,181662,2,1,Personal,0
39,1480311,Salaried,9,646399,36,Bad,43955,0.029693064705278348,1,94535,0,1,Education,1
22,1908764,Self-Employed,1,1382297,24,Good,378089,0.19808043420745874,0,149000,1,0,Education,0
51,1213215,Salaried,1,1116775,120,Average,716020,0.5901834463112916,1,329130,5,1,Business,1
28,1151145,Business,2,1085826,180,Average,155821,0.13536163093126327,1,992330,2,0,Education,1
21,848180,Salaried,0,835750,24,Good,306882,0.36181192457741923,0,87272,0,0,Business,0
64,1510411,Business,37,875533,120,Average,448679,0.29705735918411663,1,179806,4,1,Education,0
55,295963,Salaried,20,166106,60,Good,202201,0.6831945777189118,0,1489034,4,1,Education,0
27,862450,Self-Employed,6,213366,120,Good,780585,0.9050775058525065,1,1371207,4,0,Education,0
47,138580,Business,13,1340874,12,Average,114048,0.8229699598068999,0,1171223,4,0,Business,1
26,535614,Salaried,4,233492,60,Average,700605,1.308038423121085,0,487202,3,1,Car,0
35,719586,Self-Employed,1,320184,24,Bad,208967,0.29039852026231716,0,649258,2,1,Car,0
25,1672158,Salaried,1,1931758,120,Bad,227684,0.13616169275768633,0,305159,5,0,Home,1
43,2241259,Self-Employed,16,274647,180,Good,254527,0.11356424511212443,1,308099,4,1,Home,0
23,672766,Self-Employed,1,1291807,60,Good,646075,0.9603250456696003,0,159969,4,0,Home,0
53,962005,Business,30,1216103,36,Bad,314370,0.3267859036222227,0,723421,1,0,Car,0
54,1655189,Salaried,29,308466,24,Bad,44568,0.026926213908977217,1,467995,0,0,Business,1
43,1887543,Salaried,8,516276,60,Bad,342368,0.18138279160644732,0,538638,0,0,Personal,0
28,1551478,Self-Employed,4,179663,12,Good,7353,0.0047393487117776,0,8578,0,1,Business,0
34,1320218,Salaried,3,1306952,60,Bad,311299,0.2357934554797348,1,355325,2,1,Home,1
32,2344923,Self-Employed,2,963623,60,Bad,433914,0.1850439502516926,0,58946,5,1,Car,0
47,2454068,Self-Employed,16,1430229,12,Good,289262,0.1178703614283054,0,1336938,1,1,Personal,0
55,427162,Salaried,16,1523290,12,Average,489828,1.146700439878922,0,1235177,1,0,Business,0
52,530986,Business,23,1545736,180,Good,411885,0.775696956799319,1,1391778,3,1,Home,1
42,432557,Business,9,1226181,36,Bad,500299,1.1566055881523403,0,280068,1,0,Education,1
46,970839,Self-Employed,11,344210,12,Good,742943,0.7652579209756499,0,1251504,3,1,Business,0
57,542373,Salaried,12,702366,180,Good,94529,0.17428748428206367,0,1364106,1,1,Personal,0
54,1645001,Business,12,541743,180,Good,797447,0.4847696233803971,1,1027014,0,0,Education,0
61,1104063,Salaried,7,1810092,120,Good,25848,0.023411686279056286,0,1246963,4,1,Car,0
47,1217124,Salaried,26,193608,120,Good,257150,0.21127657389339632,0,457772,1,0,Business,0
51,2224537,Salaried,10,858974,12,Bad,115513,0.051926737147218884,1,707918,0,1,Car,1
64,2489347,Business,35,1620932,24,Average,680527,0.2733755987511589,1,953006,2,0,Education,0
41,489587,Business,7,1754618,36,Average,680564,1.3900749201369316,1,389712,2,1,Personal,1
27,2238283,Business,0,1274362,36,Good,656453,0.2932840515323346,0,1127597,3,1,Home,0
43,456190,Salaried,0,1253548,180,Good,318804,0.6988388635461901,1,42822,4,0,Home,1
27,174400,Salaried,3,1933425,24,Good,500098,2.8675179614795785,1,849937,2,0,Education,1
32,2087949,Salaried,8,1927979,12,Bad,158569,0.07594482626499677,1,750956,2,1,Car,1
29,1432279,Self-Employed,1,1675462,24,Bad,437543,0.3054870556036529,1,355803,0,1,Education,1
59,653435,Salaried,38,1446000,180,Average,85409,0.13070752147111575,0,590141,4,0,Home,0
49,1816381,Business,16,769163,24,Good,45423,0.02500740483004126,1,1419606,4,1,Car,0
41,1313032,Self-Employed,0,324617,12,Bad,236355,0.18000690005506334,0,1050942,2,0,Personal,0
38,1970335,Business,0,566450,24,Bad,275073,0.13960715329771167,1,926260,5,0,Personal,1
61,1679070,Salaried,1,1262673,180,Good,190011,0.11316436291258679,1,710733,0,0,Education,1
55,1393344,Business,14,1788772,12,Good,450951,0.32364633310486635,0,650118,0,1,Business,0
54,1428280,Self-Employed,31,1592368,120,Average,675781,0.47314288994952675,0,1073385,1,1,Personal,0
46,1084921,Self-Employed,18,845500,120,Average,26834,0.024733575316935225,1,594018,4,1,Car,1
24,1744408,Salaried,0,93911,24,Average,193035,0.11065925479632358,1,301173,0,0,Home,0
45,767167,Self-Employed,1,1937414,180,Average,145337,0.18944611871193792,0,598432,2,0,Personal,0
25,1241815,Self-Employed,0,372142,12,Bad,755115,0.6080731767025066,1,469955,2,1,Car,1
34,402531,Business,2,1672405,180,Average,265872,0.6604990410700268,0,582481,2,1,Business,0
32,257552,Salaried,2,1145808,60,Average,462858,1.7971368999778687,1,870671,4,0,Business,1
48,683208,Business,22,141258,24,Average,248583,0.36384620226021613,1,489752,1,1,Personal,0
60,799613,Self-Employed,22,190075,36,Bad,213047,0.2664373060001451,0,1254083,2,0,Business,0
43,1713574,Business,17,1546225,24,Average,107896,0.06296543775440235,1,1250178,2,1,Home,1
54,580249,Business,30,1911162,180,Good,74202,0.12787936234381733,0,1014692,3,0,Car,0
43,2172048,Business,15,196493,12,Average,21008,0.009671973330251757,1,1286414,1,0,Home,0
22,1756416,Business,1,1478959,36,Good,636701,0.36249990748210703,1,1342531,1,0,Home,1
64,1528607,Business,34,493136,120,Good,332754,0.2176843245619544,0,926627,2,1,Personal,0
33,756890,Salaried,7,1882162,12,Good,367996,0.4861941811964999,1,293770,0,0,Business,1
26,251705,Salaried,4,544748,120,Bad,148704,0.5907844866630116,1,428494,2,0,Education,1
43,743581,Salaried,16,670974,36,Average,187245,0.2518148637272016,0,1189270,3,0,Personal,0
61,1207739,Self-Employed,4,677810,120,Good,213169,0.17650239289913391,0,603400,3,0,Personal,0
27,1131392,Business,0,990923,36,Good,158649,0.14022448433037857,0,256574,5,0,Car,0
57,1970314,Business,0,128131,36,Bad,498420,0.2529646274834227,0,425852,3,0,Car,0
28,1904544,Self-Employed,7,1005917,180,Bad,595135,0.3124814588261238,1,533232,0,1,Car,1
49,1631448,Self-Employed,5,590288,60,Average,176726,0.1083245630111637,1,993000,0,1,Education,0
34,1718398,Business,7,1536013,24,Bad,668699,0.38914070597108125,0,887324,2,0,Education,0
60,833494,Self-Employed,37,1504000,12,Bad,379930,0.4558275694515264,1,451207,3,1,Home,1
24,2082909,Business,0,663945,24,Good,293122,0.14072715575805003,1,365523,3,0,Education,0
60,2375125,Salaried,1,463272,120,Bad,756519,0.31851741760226615,0,1338745,4,0,Business,0
36,1925070,Self-Employed,2,785436,180,Bad,791114,0.41095315445508246,1,1254479,1,1,Education,1
45,746606,Salaried,5,765751,180,Good,82563,0.11058428329763852,0,1026868,1,1,Personal,0
41,2364426,Self-Employed,19,1141898,24,Good,376993,0.15944370454236903,0,272157,5,0,Business,0
24,278413,Self-Employed,2,716179,12,Good,36761,0.13203718203825957,0,1028994,5,1,Home,0
57,827749,Salaried,3,1686761,120,Average,643878,0.7778652974932044,1,989036,1,1,Personal,1
64,1315689,Salaried,10,980570,180,Good,133685,0.10160828158608791,1,777189,5,1,Car,0
40,1259353,Business,5,1823643,180,Bad,660342,0.5243497856837712,1,210140,5,0,Education,1
45,176758,Self-Employed,18,1683897,36,Good,202345,1.1447507623374198,1,1401817,1,1,Education,1
34,1033848,Self-Employed,5,376218,24,Bad,383366,0.3708143065379954,1,1024243,1,0,Car,1
51,1507731,Salaried,24,683890,180,Average,243964,0.16180859728386743,0,983901,3,0,Home,0
50,631837,Salaried,20,951329,12,Bad,251882,0.3986496538669722,0,903277,1,1,Personal,0
34,1816419,Business,6,924635,24,Good,113313,0.062382598738177295,1,1419909,4,0,Car,0
35,2041385,Salaried,6,1477090,12,Bad,18350,0.00898899081310443,0,1182934,3,0,Personal,0
33,1907998,Self-Employed,12,1257268,60,Good,786649,0.4122900483700463,0,362863,3,0,Personal,0
38,2262894,Salaried,0,1863351,60,Average,416387,0.18400632817695917,1,789510,2,1,Personal,1
46,338465,Self-Employed,18,1179143,24,Good,692422,2.045765305820969,1,1147594,2,0,Personal,1
28,2384972,Business,7,1411896,180,Good,782113,0.3279336914925242,0,44689,2,1,Personal,0
44,482478,Self-Employed,20,56033,60,Average,736141,1.5257472345946663,1,1468153,4,0,Business,1
39,1947532,Business,15,284497,36,Bad,411832,0.211463425780205,1,138677,2,0,Education,1
42,1814684,Salaried,9,1324027,36,Bad,171610,0.09456737670725222,0,1102620,5,0,Home,0
57,1435156,Self-Employed,30,910282,36,Average,119655,0.08337415348982724,0,41393,3,1,Personal,0
34,1959173,Business,10,1741034,24,Bad,499557,0.2549834777309213,0,904004,5,1,Education,0
36,2239540,Salaried,0,1868850,60,Average,308605,0.13779832563904837,1,1423350,3,1,Business,1
44,1692230,Business,13,1662721,12,Average,218205,0.12894516174210258,1,495054,4,0,Car,1
39,1707201,Salaried,6,1325852,12,Bad,27683,0.016215421490837052,1,1111845,1,0,Business,1
35,1140799,Business,2,682755,60,Good,116591,0.10220108695652173,1,968268,5,0,Home,0
60,631359,Business,20,1586857,36,Good,68269,0.10813006842372022,1,772489,1,1,Car,0
36,939557,Business,15,1264817,24,Good,427258,0.45474361348634146,0,635255,4,0,Home,0
38,1108161,Self-Employed,17,746885,36,Average,777381,0.7015048341307498,0,379744,0,0,Education,0
35,1499419,Salaried,7,858187,12,Average,631395,0.4210928225580558,1,1139750,3,1,Personal,0
28,1572393,Business,1,1297793,24,Average,32850,0.020891710347406566,1,1148669,3,1,Car,1
47,1108748,Salaried,5,275022,120,Bad,364564,0.3288066099721398,0,1078489,4,0,Education,0
43,1482613,Business,15,696707,120,Bad,180986,0.12207223188233755,1,696937,0,0,Business,1
27,787984,Business,3,954806,60,Good,652698,0.8283127216888646,0,1375745,3,1,Business,0
21,1429796,Business,0,1658817,120,Average,58364,0.04081978071012878,1,318725,5,0,Personal,1
47,1276847,Self-Employed,15,1898509,60,Good,797502,0.6245864817112139,1,919130,2,1,Car,1
56,1286939,Self-Employed,2,104584,12,Good,260226,0.20220523101310084,1,783923,1,1,Car,0
61,1049134,Self-Employed,27,1742360,12,Average,141172,0.1345603759287413,1,1244890,2,1,Personal,1
61,940528,Self-Employed,27,1591407,36,Good,77766,0.08268325591236421,0,756389,3,1,Education,0
28,1747598,Salaried,5,378495,24,Good,394335,0.2256438691026946,1,191684,3,0,Business,0
26,1756674,Salaried,4,1460130,60,Bad,735881,0.41890560291459716,1,127424,0,0,Car,1
37,722389,Business,3,1689437,180,Average,737693,1.0211838480599122,0,633325,0,0,Education,0
40,1382223,Salaried,3,212560,60,Average,543151,0.3929543981293915,1,1037831,5,0,Business,0
24,2108385,Salaried,3,688380,24,Good,121208,0.05748852439733521,1,1371902,4,1,Home,0
44,1075276,Salaried,4,156319,120,Bad,672059,0.6250101136730349,0,1080869,4,1,Business,0
46,1121685,Salaried,23,263836,24,Good,165354,0.1474155868933017,0,492628,0,0,Home,0
24,2399106,Business,1,1378342,180,Average,428908,0.1787781870504317,1,1448588,1,1,Car,0
35,1019588,Salaried,14,1804197,180,Average,472661,0.4635799326983716,0,440265,1,0,Home,0
31,1687416,Business,10,957420,12,Good,397717,0.23569574088681103,0,1177287,1,0,Education,0
52,2038951,Salaried,12,1105766,120,Bad,731332,0.3586803416657185,0,575966,4,1,Business,0
26,524476,Business,1,1101021,24,Average,402192,0.7668439226124311,1,749320,2,0,Business,1
22,1511363,Salaried,1,245240,36,Good,461347,0.3052520769318311,0,975091,0,1,Education,0
23,326323,Business,0,250300,60,Good,330729,1.013498853899805,1,224505,2,0,Home,1
63,2175584,Business,14,1612359,60,Bad,417852,0.1920642034211488,0,1161283,3,1,Home,0
23,1843926,Salaried,1,853205,12,Bad,332296,0.1802110387233334,1,534155,1,0,Education,1
55,1122590,Business,2,137843,60,Bad,381580,0.3399100830133147,0,961036,1,0,Home,0
54,2261780,Business,33,1537849,120,Bad,687146,0.3038074862243515,0,457599,3,0,Car,0
55,2261389,Salaried,17,1017954,36,Good,29792,0.013174198170151986,0,371554,3,1,Business,0
49,183871,Business,7,1305640,12,Bad,782032,4.253132613992342,0,895808,5,1,Business,1
50,1233755,Self-Employed,0,847452,12,Average,557271,0.45168655714744244,0,1456043,4,0,Car,0
42,1020428,Business,7,1939739,24,Bad,541048,0.5302162129849308,1,1043112,0,1,Education,1
27,1317859,Salaried,4,1088044,24,Average,155033,0.11763996175618048,1,1223834,0,1,Personal,1
53,1848761,Self-Employed,17,1302456,60,Average,494340,0.2673897451375569,1,72056,3,1,Home,1
35,1676355,Salaried,7,1365296,180,Average,793615,0.47341674441467085,1,714460,5,1,Home,1
57,1872342,Self-Employed,12,966395,120,Good,55552,0.029669777385874275,1,670904,3,1,Business,0
47,614616,Salaried,21,795470,24,Good,656445,1.0680553905928407,0,1406945,1,1,Car,0
61,1038991,Salaried,28,286829,60,Good,418205,0.40251031769253276,0,81491,5,0,Car,0
62,166369,Self-Employed,3,1951553,36,Bad,413982,2.488321211756927,0,1374514,1,1,Home,1
34,123079,Salaried,4,1879444,120,Average,274311,2.228721156971076,0,1378442,4,0,Car,1
41,1304166,Salaried,12,310927,36,Good,6082,0.004663513185044554,0,496869,2,1,Education,0
52,1351474,Salaried,6,885251,24,Average,204148,0.15105569840359606,0,19533,3,1,Home,0
52,910381,Salaried,21,460104,60,Average,356958,0.39209694392024447,0,161156,3,1,Business,0
37,691922,Business,9,1067387,24,Good,507824,0.7339313767572403,1,1044516,1,1,Business,1
48,1469011,Salaried,22,867036,120,Average,414099,0.2818894603992343,0,93738,1,1,Car,0
61,996079,Salaried,27,937150,36,Bad,709827,0.7126204722512248,1,930775,3,1,Car,1
29,1993582,Business,1,557891,180,Bad,289823,0.14537794513697197,0,1387514,5,1,Education,0
59,2208633,Salaried,38,1202109,60,Average,404442,0.18311861539757154,1,965486,3,1,Education,0
28,1355676,Self-Employed,2,187028,60,Good,180898,0.1334373895846872,1,674049,4,1,Business,0
62,1515861,Salaried,34,1324982,24,Bad,487406,0.3215371847833114,0,1320971,4,1,Personal,0
54,189049,Self-Employed,19,91138,180,Average,247959,1.3116053953980429,1,1381186,5,0,Education,1
53,340833,Business,32,1079724,120,Bad,417430,1.224731100770463,1,702009,3,0,Car,1
25,155297,Self-Employed,2,1713932,24,Average,330153,2.125932078970753,0,99389,2,1,Car,1
63,291568,Business,41,126720,36,Bad,519072,1.7802715652212684,0,260776,3,0,Business,1
40,1226776,Salaried,2,179267,120,Average,23289,0.018983890307692434,1,1187636,4,0,Home,0
42,1213730,Salaried,21,1158725,60,Average,243182,0.2003590581438556,0,331611,1,1,Business,0
36,816944,Business,6,600464,36,Average,571828,0.6999589935674985,1,954777,1,0,Personal,1
22,1640723,Salaried,1,1489982,24,Bad,43930,0.026774765286544232,0,1026587,3,1,Home,1
51,1161326,Self-Employed,6,1204375,60,Average,96202,0.08283799481110833,1,1099055,1,0,Personal,1
45,1475910,Self-Employed,19,1326264,180,Good,768568,0.5207414268204519,1,703602,1,1,Business,1
50,159799,Salaried,0,1519265,120,Average,420807,2.6333354192740925,1,498204,5,0,Car,1
52,745341,Business,13,279111,36,Good,232321,0.31169718062312335,1,221378,4,0,Personal,0
35,1770538,Self-Employed,1,1986533,12,Good,533265,0.3011879433325106,0,819025,2,0,Home,0
54,1302371,Business,17,1969658,24,Good,431975,0.3316832671464067,0,1063115,1,0,Car,0
51,1004878,Business,26,1978679,12,Good,125049,0.12444184822252231,1,762979,3,0,Home,0
35,595519,Business,10,406128,36,Average,438458,0.7362607469102633,0,557600,2,1,Home,0
38,1031449,Business,15,1028580,36,Average,455615,0.44172281739299046,0,1421211,3,0,Car,0
40,218170,Business,3,1960051,120,Average,587765,2.6940564969679746,1,247137,4,1,Car,1
33,734622,Salaried,3,244173,120,Good,635206,0.8646693610191895,0,1340624,1,0,Car,0
32,336312,Salaried,6,1844677,120,Average,491357,1.4610110224701394,0,953007,1,1,Business,1
42,1251220,Salaried,8,1745371,36,Good,446416,0.3567842931024975,0,52050,0,1,Home,0
48,1511376,Salaried,21,1403634,60,Bad,326000,0.21569734090170753,0,1159866,2,1,Business,0
46,1591787,Business,23,463666,180,Bad,492330,0.30929369991481276,1,442518,1,1,Business,1
42,1374454,Self-Employed,10,1538182,180,Good,675993,0.4918262147542117,0,302579,3,0,Business,0
41,2296659,Business,12,390560,180,Bad,555598,0.24191565142424215,1,1446356,0,1,Education,1
23,402206,Self-Employed,1,1593454,24,Good,795476,1.9777776120256485,0,168022,5,1,Home,0
37,1425851,Business,3,1299658,120,Good,532935,0.37376600095942636,1,407406,5,0,Car,0
34,1672891,Salaried,5,1721123,36,Average,382426,0.22860172682994478,1,431003,5,0,Personal,1
51,1539006,Business,29,1788070,60,Average,155972,0.10134586782256351,1,1033068,0,1,Personal,1
60,1918982,Business,7,277142,120,Bad,517205,0.2695203657353921,1,1093163,5,0,Car,1
41,1235039,Salaried,2,1217364,180,Bad,178258,0.144333786759943,0,1432391,4,1,Personal,0
51,151244,Salaried,9,1876368,36,Average,459165,3.0359020132896957,0,29386,3,0,Education,1
61,1645726,Salaried,15,304734,12,Bad,260996,0.15859009422583453,1,65536,3,1,Home,1
59,2494838,Self-Employed,7,1219780,120,Average,404986,0.16232951304673368,1,909025,5,0,Car,0
32,2338049,Self-Employed,2,1084291,180,Bad,694245,0.29693334188747034,1,57813,2,0,Car,1
37,1111010,Salaried,9,649735,12,Bad,7212,0.006491384873777127,1,1345587,4,0,Home,1
49,954104,Business,17,655970,36,Good,584912,0.613047830165443,0,1444785,2,0,Car,0
23,2142738,Salaried,0,1244826,24,Bad,642343,0.2997765943495685,1,291050,1,0,Car,1
32,2022012,Self-Employed,8,1269301,120,Good,122699,0.06068160788283755,0,128881,0,0,Car,0
57,220190,Salaried,16,206591,60,Good,436701,1.9832826954780167,1,261633,0,1,Home,1
54,844719,Self-Employed,0,168002,36,Average,168770,0.19979401458471446,1,267873,3,1,Personal,0
47,1579812,Business,22,1073384,120,Average,116363,0.07365618589035537,0,521586,0,0,Personal,0
29,1016448,Self-Employed,7,1092225,36,Bad,704667,0.6932635085478956,0,416514,5,1,Education,1
56,1735275,Salaried,4,1024172,180,Bad,498356,0.2871912018606838,1,1442731,3,0,Personal,1
26,933509,Salaried,2,1801770,120,Good,443829,0.47544107722466816,0,569021,2,1,Education,0
55,2415975,Self-Employed,3,766954,12,Average,43791,0.018125593962853934,0,70353,2,1,Personal,0
28,1480122,Salaried,7,196099,12,Bad,685695,0.4632689310280294,0,1252613,4,1,Business,0
26,1707941,Business,3,1509644,12,Bad,380865,0.2229964483571456,1,1317320,4,1,Business,1
48,2438042,Salaried,4,1009312,24,Bad,327780,0.13444389619051017,0,167080,0,0,Car,0
24,2347923,Salaried,2,1558816,60,Bad,558509,0.23787354275521694,0,175472,0,0,Personal,0
30,481963,Business,1,1441968,60,Average,278108,0.5770306495920857,1,945246,3,0,Education,1
32,1989203,Salaried,5,278999,180,Average,227149,0.11419090249164993,0,1485956,5,0,Home,0
56,2126127,Salaried,2,812275,24,Average,331029,0.15569570599700489,1,441095,4,1,Personal,0
34,354563,Salaried,13,157922,120,Good,400234,1.1288060829638655,1,741550,5,1,Home,1
64,1709383,Business,24,1051695,36,Average,320088,0.18725341994543063,1,285641,2,0,Education,0
61,1289360,Self-Employed,2,1549144,60,Good,74931,0.0581148336268896,0,1320633,3,1,Personal,0
38,1387588,Business,5,1408274,24,Good,675727,0.486979213585579,0,1263303,0,0,Personal,0
24,2289015,Salaried,2,207986,12,Average,484276,0.21156514414927638,1,1088285,0,0,Home,0
50,638096,Business,18,1776387,180,Average,505296,0.7918796045115398,1,105463,1,1,Car,1
57,1863517,Self-Employed,21,1064885,12,Bad,673226,0.36126616431931435,1,1069842,2,0,Personal,1
60,2391061,Salaried,17,718012,12,Bad,638912,0.26720846218123995,1,405971,0,0,Home,1
25,1391991,Business,4,1943569,180,Average,344335,0.24736851935930665,1,1164587,3,1,Business,1
34,2233866,Salaried,5,454075,120,Average,207346,0.09281931287762432,0,1256847,4,0,Education,0
56,523243,Salaried,35,1354656,24,Average,614157,1.1737487673055018,0,373596,1,1,Car,0
37,1061760,Salaried,0,68557,24,Average,364157,0.34297454888623713,0,1245313,0,1,Business,0
43,991552,Self-Employed,11,1135068,120,Average,576973,0.5818882097073984,0,906185,3,1,Education,0
42,276262,Business,18,1262253,36,Good,677006,2.450585130835472,1,176550,5,0,Personal,1
29,2201455,Salaried,4,1471143,180,Bad,170247,0.0773338190724684,0,37010,3,0,Car,0
32,1190919,Self-Employed,7,1170310,12,Average,96485,0.08101719678903704,0,638931,1,0,Home,0
49,1465105,Business,0,1471258,60,Good,636462,0.4344136192193602,1,919403,2,1,Personal,1
52,1191282,Salaried,9,1826847,24,Average,20357,0.017088298918057254,1,29223,5,0,Car,1
28,2069175,Self-Employed,7,731113,36,Bad,77137,0.03727909080716189,1,215332,3,0,Car,1
32,1738085,Salaried,1,995603,180,Bad,226063,0.1300643351364662,0,89020,5,1,Business,0
37,1991986,Self-Employed,3,1846913,180,Bad,299883,0.15054465716894738,1,869601,5,0,Education,1
58,124226,Business,7,792923,24,Average,351041,2.8258027642943966,1,1417564,0,1,Education,1
38,2208039,Salaried,13,51628,60,Average,364686,0.16516276879042047,0,1047491,3,0,Personal,0
25,841491,Self-Employed,3,1411171,180,Good,388774,0.4620055805640458,0,1332518,0,0,Education,0
64,745608,Salaried,19,1965641,24,Average,631944,0.8475541470127104,1,1358942,5,1,Business,1
48,2462719,Salaried,2,893047,24,Average,685948,0.27853267931392933,0,1117029,3,1,Home,0
22,1769026,Self-Employed,1,1387296,12,Average,113506,0.06416295511600445,0,1045827,5,0,Home,0
59,1080050,Self-Employed,13,1540735,36,Bad,461210,0.42702613117343535,0,551756,4,0,Car,0
40,716887,Business,9,1350614,120,Average,137075,0.1912083895950274,1,1452816,5,1,Personal,1
64,1491914,Business,41,695398,36,Bad,53621,0.03594105562314207,1,505787,5,0,Car,1
60,241710,Business,17,261820,24,Average,29145,0.12057788019577098,1,332765,4,0,Education,1
24,1333034,Business,2,1500866,180,Bad,198311,0.14876653651254468,1,652891,4,0,Education,1
31,492468,Business,3,638370,12,Good,665587,1.3515307562506473,1,492937,4,0,Education,1
38,1725860,Business,8,786285,180,Bad,289141,0.16753434952177493,0,815920,0,0,Personal,0
57,1468030,Salaried,16,153197,36,Good,25809,0.017580691415916967,0,830427,4,0,Car,0
50,1634549,Salaried,20,109760,36,Average,222037,0.13583983359334373,0,366563,3,1,Personal,0
41,2146455,Business,20,135894,12,Average,319239,0.14872841558364114,1,1493973,5,1,Car,0
50,379553,Salaried,28,1476684,24,Good,519817,1.3695468892436913,1,1471024,0,0,Car,1
59,2433573,Salaried,9,581464,180,Good,598203,0.24581253744492668,0,1094239,4,1,Education,0
55,1437002,Self-Employed,15,1997226,60,Good,267519,0.18616453827862572,0,1212051,2,0,Personal,0
21,238781,Salaried,0,1748058,120,Average,132412,0.5545309110401957,0,516686,1,0,Business,1
44,561627,Salaried,22,1086362,180,Bad,682720,1.2156089083877584,1,1122639,3,1,Car,1
43,1477381,Business,10,1859879,12,Good,46185,0.03126137992746629,1,1300549,1,1,Education,0
42,2048150,Self-Employed,4,1084267,24,Average,273722,0.13364346671705357,1,1340922,3,1,Education,0
48,2241533,Business,24,480442,12,Bad,346149,0.1544250499880885,1,390874,0,0,Business,1
63,1698666,Self-Employed,15,323985,24,Good,736065,0.43331918498446137,1,363716,5,1,Education,0
41,1531209,Self-Employed,9,1498537,36,Good,277160,0.1810071773303466,1,78755,0,0,Business,0
41,841197,Business,0,127974,24,Good,726182,0.8632711918002658,0,166494,3,0,Personal,0
61,1592258,Salaried,36,449796,60,Average,213623,0.1341634746608435,1,310345,1,1,Personal,0
52,1787363,Business,16,1854314,120,Bad,69936,0.039128011977414785,1,51922,5,1,Education,1
21,757869,Business,0,1262221,180,Average,24780,0.032696900523836545,0,844642,1,0,Home,0
42,972646,Salaried,11,1049681,180,Good,740042,0.7608536293228684,1,491759,2,1,Business,1
57,1475225,Self-Employed,27,953385,60,Average,747984,0.5070301092849503,1,102594,5,1,Personal,1
36,1313712,Self-Employed,11,1727874,36,Good,449051,0.34181819012219566,0,948699,4,1,Car,0
45,2372216,Business,8,1235290,180,Average,190948,0.0804934793064884,1,1357418,4,0,Personal,0
41,151649,Salaried,9,479516,36,Bad,361098,2.381127596439169,0,797468,3,0,Home,1
48,850116,Self-Employed,19,620980,180,Average,433446,0.5098662889931621,1,1105353,4,0,Business,1
22,553022,Salaried,0,1411107,24,Average,737398,1.3333948135972644,0,660878,5,1,Education,1
26,2293029,Self-Employed,0,73613,180,Bad,132031,0.0575792728398669,1,1491509,0,1,Business,1
27,1378339,Self-Employed,2,1051803,180,Good,142714,0.10354049073523224,1,631228,3,0,Home,0
61,335327,Business,11,1691444,24,Bad,623878,1.860500763431625,0,1385906,4,0,Personal,1
51,992379,Business,10,1904508,36,Good,431649,0.434963421270078,0,1259730,2,0,Car,0
53,1459808,Self-Employed,7,1776764,60,Good,168039,0.11511026442500355,1,205020,5,1,Business,0
54,1145324,Business,0,92440,180,Average,623027,0.54397398118438,0,772489,5,1,Education,0
63,1871249,Self-Employed,16,1115925,60,Bad,749578,0.40057608550434204,0,1442007,3,1,Personal,0
53,2116512,Salaried,17,393742,120,Average,303876,0.14357388780508318,0,151567,1,1,Business,0
29,1724097,Salaried,4,1191843,12,Bad,650448,0.37726857754025583,0,1209304,2,0,Home,0
62,1173319,Business,10,99612,120,Average,294212,0.2507517130876487,0,931025,4,0,Home,0
34,251361,Business,5,1114367,36,Bad,173152,0.688855117320836,0,1112983,0,0,Business,1
49,271032,Salaried,17,1179562,24,Bad,629440,2.322374028254862,0,1481475,1,0,Education,1
60,261302,Salaried,38,1654858,60,Average,667070,2.55286008962775,1,1291449,0,0,Personal,1
36,599194,Business,3,618765,36,Bad,248637,0.41495172690025783,1,981408,1,0,Car,1
64,2195626,Business,16,1621016,60,Good,670073,0.3051852614310172,0,328807,1,0,Home,0
56,1757252,Business,17,186581,60,Bad,202089,0.11500279128844851,1,157105,3,0,Personal,1
63,936919,Self-Employed,4,691563,60,Average,675001,0.7204467830764633,0,195729,3,1,Personal,0
60,1748848,Business,31,97455,24,Good,492926,0.2818573816264297,1,323282,4,1,Home,0
53,1626113,Self-Employed,10,131774,180,Average,270326,0.16624049728370827,0,1319912,0,0,Business,0
62,1579265,Self-Employed,3,1825007,120,Average,178076,0.11275871195859342,0,1338428,3,0,Education,0
29,1368499,Salaried,4,93524,120,Good,289812,0.2117734746072342,0,535225,0,0,Car,0
59,1471246,Self-Employed,20,78341,12,Good,724776,0.49262700280782223,0,1200896,1,1,Car,0
54,493977,Self-Employed,20,1179856,12,Average,392346,0.7942580438804967,0,241586,2,0,Car,0
58,2059058,Self-Employed,13,723883,180,Bad,739254,0.35902516635026,1,1249685,4,0,Personal,1
44,797906,Business,23,569705,24,Average,616600,0.7727717641278996,1,423787,4,1,Education,1
30,1084631,Business,6,1638135,36,Bad,391248,0.3607195804660014,0,935266,5,0,Education,0
32,2445782,Self-Employed,6,78026,180,Average,613669,0.25090901359605494,1,904606,4,1,Personal,0
64,680283,Salaried,11,1246762,36,Good,390979,0.5747290837356163,1,892168,0,1,Personal,1
54,662139,Business,22,1666343,36,Good,300169,0.45333162171142055,1,1119636,4,0,Business,1
49,1679572,Business,21,1874354,60,Good,388670,0.23141000718635035,1,1121069,4,0,Personal,0
35,655549,Self-Employed,8,505278,180,Average,748879,1.1423674776904889,0,864679,2,0,Home,0
43,1771156,Business,9,822982,24,Good,522089,0.29477285187027463,0,1362279,0,1,Business,0
22,1848147,Business,1,1866643,120,Average,243554,0.13178273601464818,1,629430,5,0,Car,1
41,2304687,Business,14,1745025,36,Average,788037,0.3419278444631117,1,897179,4,0,Education,1
63,436865,Salaried,27,292273,180,Average,279880,0.6406541136183636,0,134806,3,0,Business,0
55,204027,Business,28,1694706,12,Bad,310385,1.5212862940380731,1,659651,4,0,Personal,1
29,2055538,Salaried,4,1604801,60,Average,188983,0.09193841615264901,0,505710,2,1,Personal,0
31,803174,Self-Employed,1,785346,60,Good,601495,0.7488965667507081,1,1099343,1,1,Education,1
50,1989719,Salaried,2,1007980,180,Average,106537,0.053543714693524716,1,783819,5,0,Personal,0
47,842716,Business,1,1107208,24,Bad,29884,0.035461489444261834,1,238024,3,1,Business,1
64,2155071,Self-Employed,27,1204212,120,Average,528790,0.24536999227868025,1,1361887,3,0,Home,0
35,1130260,Salaried,4,1110452,24,Bad,105722,0.09353768731293037,0,385210,3,0,Personal,0
43,540169,Self-Employed,19,1876458,36,Bad,149346,0.27647962678416055,0,1405417,4,0,Personal,0
44,1370467,Self-Employed,12,328925,120,Average,3503,0.002556061141157619,1,1343337,3,1,Home,0
37,2218079,Self-Employed,3,1049127,24,Good,786409,0.3545449217341124,1,616065,5,0,Car,0
60,268517,Business,33,1850749,24,Average,618666,2.3040019663486246,1,283265,3,1,Car,1
26,1185540,Salaried,5,54200,36,Bad,227893,0.19222700859776254,1,1013141,2,1,Home,1
63,1310135,Business,30,515204,60,Average,595804,0.4547650014960279,1,770362,0,0,Education,1
42,1908442,Business,7,533705,120,Bad,62959,0.032989719892079564,0,550680,1,0,Education,0
29,221439,Self-Employed,3,693486,60,Bad,530834,2.397191112716763,1,918640,0,1,Personal,1
44,637602,Business,3,129756,180,Bad,484666,0.7601375777717483,1,801880,3,1,Business,1
41,683556,Salaried,13,1354512,36,Average,672495,0.9838170042878648,1,1281541,4,1,Personal,1
31,2171821,Self-Employed,10,92148,24,Average,22297,0.010266495136341744,0,587448,1,1,Business,0
62,434516,Self-Employed,25,470622,36,Bad,672446,1.5475712112529545,0,1058466,2,0,Business,1
29,2148137,Self-Employed,6,197267,12,Bad,509917,0.23737627657068586,1,1095899,0,1,Home,1
42,2289843,Business,17,1683308,60,Bad,167999,0.07336700666071576,1,930911,1,1,Education,1
48,192189,Salaried,19,698879,120,Good,485057,2.5238409906863,0,650518,4,1,Business,1
41,1966391,Self-Employed,16,446234,180,Bad,2653,0.0013491714775080452,1,1291355,3,1,Education,1
37,1193492,Business,4,920627,12,Bad,493438,0.413440212887717,1,1288279,5,1,Home,1
62,247956,Business,7,819348,36,Bad,165927,0.669176510443343,0,564873,1,1,Personal,1
50,1527922,Self-Employed,20,993523,120,Bad,532284,0.34837095848416444,1,1024538,5,0,Car,1
55,1450491,Business,31,624297,24,Bad,393347,0.2711817783207353,0,209636,2,1,Car,0
26,1566169,Salaried,3,732263,180,Average,536051,0.34226871923226726,1,1301702,3,0,Home,0
34,1394764,Salaried,9,1390714,24,Bad,350762,0.2514846587059469,1,382273,5,1,Personal,1
43,1107547,Salaried,0,1022255,12,Good,525451,0.4744272934446182,1,1248109,1,1,Business,1
55,1442910,Self-Employed,11,1041964,120,Good,276356,0.19152671231974808,0,315782,3,1,Business,0
37,1902420,Self-Employed,7,1183166,120,Good,726523,0.3818939130718174,0,1016691,0,1,Personal,0
31,2373118,Business,8,804004,180,Good,307893,0.1297419134902211,0,274550,1,1,Personal,0
29,1066175,Salaried,0,908069,180,Bad,349341,0.3276579101386638,1,933686,1,0,Car,1
33,1754389,Self-Employed,5,347320,24,Bad,388077,0.22120338123222316,1,396055,4,1,Education,1
59,1552278,Salaried,4,1768150,36,Good,155010,0.09985962575026783,1,617612,5,0,Education,0
32,1315105,Business,1,796550,36,Good,643376,0.4892198803746618,1,781058,5,0,Business,1
55,444707,Self-Employed,29,1364164,24,Good,281622,0.6332739685366577,0,63332,3,0,Personal,0
25,125283,Self-Employed,4,1902213,24,Good,488878,3.902158296350691,1,1035831,1,0,Education,1
25,1481691,Business,4,1146172,12,Average,156914,0.10590190133981961,0,285159,3,1,Education,0
40,1944957,Salaried,18,1781423,60,Average,116581,0.05994011181732459,0,403751,1,1,Education,0
41,2316048,Business,0,1357506,120,Bad,574827,0.24819293546898188,1,1249179,5,1,Personal,1
22,1919398,Self-Employed,1,1318267,36,Average,537583,0.2800788163378224,0,719057,1,0,Business,0
63,1737129,Salaried,17,101055,120,Good,789793,0.45465394069528475,1,469839,2,0,Personal,0
57,851003,Salaried,5,183527,60,Average,790224,0.9285784790670785,1,945231,0,1,Business,1
26,602127,Salaried,0,968812,12,Good,368579,0.6121273217654718,1,565145,5,1,Car,1
58,581965,Self-Employed,34,58438,180,Good,723754,1.2436362261712883,1,1000791,0,1,Education,0
24,563918,Business,3,919685,180,Bad,194174,0.3443295934345181,0,1277706,3,1,Education,0
27,1690161,Self-Employed,5,1861095,60,Average,654814,0.3874267673749617,0,182851,4,1,Personal,0
55,771936,Business,31,1735101,180,Good,641125,0.8305405752023806,1,1300944,5,0,Personal,1
52,1203991,Self-Employed,22,612164,180,Bad,558777,0.46410358208360186,0,664215,2,1,Business,0
28,164459,Business,6,802617,180,Average,382709,2.327064331752402,0,1497303,4,1,Education,1
30,405343,Self-Employed,0,1591112,60,Bad,242168,0.5974382253098602,0,588245,5,1,Home,1
47,1847039,Salaried,16,1697104,24,Average,11452,0.006200190575190575,0,885710,0,1,Business,0
37,1856251,Self-Employed,10,712955,12,Average,733733,0.39527661114977924,1,1243498,1,1,Car,0
38,752203,Business,14,389720,36,Good,416903,0.554241934368868,1,1315249,5,0,Home,0
43,2331164,Business,9,900059,120,Bad,114621,0.04916897774288821,1,795251,3,1,Business,1
50,182793,Self-Employed,13,211987,120,Bad,771502,4.220608991542392,0,322259,0,1,Home,1
59,1802950,Business,29,147139,36,Good,521687,0.2893517350166477,0,15155,4,0,Home,0
58,1660771,Salaried,16,654500,36,Bad,271929,0.16373650326474676,0,1462573,2,1,Business,0
23,2320449,Salaried,2,278819,12,Bad,742569,0.3200107737723286,1,523824,0,1,Education,1
27,1608136,Salaried,6,1996906,36,Bad,126356,0.07857290765649942,1,366114,3,1,Car,1
43,695395,Business,16,969900,12,Good,110402,0.1587613388630363,1,133162,1,0,Home,0
34,461165,Salaried,6,845977,180,Bad,551563,1.1960183534779234,0,1188603,2,1,Personal,1
33,2331531,Salaried,6,1071748,12,Good,572990,0.2457568671585893,0,1231339,1,1,Business,0
27,260082,Salaried,1,1946602,120,Average,90630,0.34846568210917284,0,119158,1,0,Education,1
44,996886,Salaried,11,1095027,36,Good,597432,0.5992976134707344,0,1324128,4,1,Car,0
62,299580,Salaried,6,769965,36,Bad,704955,2.353136547377838,0,790136,4,0,Car,1
57,931105,Self-Employed,20,915511,12,Good,532947,0.5723805882466658,1,401761,3,0,Business,1
50,1046719,Business,28,1130644,36,Average,123869,0.11834014827269948,1,349350,2,1,Education,1
33,2319177,Salaried,3,726446,36,Good,739855,0.31901604792732596,1,1493990,4,0,Business,0
56,845611,Self-Employed,19,1401934,120,Good,404385,0.478215777448759,1,1428132,3,1,Education,1
49,320257,Salaried,24,1314101,60,Good,35074,0.1095179511518838,1,700668,5,0,Personal,1
62,2275626,Self-Employed,4,286309,36,Average,405839,0.17834161749706784,0,10292,0,0,Car,0
32,188867,Business,0,1147937,24,Good,32209,0.17053709469047165,1,764969,2,1,Personal,1
53,1875817,Self-Employed,2,549642,60,Average,12261,0.006536348409067404,0,1044816,3,1,Personal,0
31,413712,Business,2,1659832,120,Average,183985,0.4447165063703582,1,127678,3,0,Business,1
26,1462562,Self-Employed,5,1482351,120,Bad,222474,0.1521124218238804,1,52266,4,1,Home,1
33,831206,Salaried,1,1783826,24,Good,240543,0.28939000754324734,1,1497703,4,0,Business,1
21,1353137,Business,0,851798,60,Good,228570,0.16891846951308737,0,584533,4,1,Car,0
50,1597403,Salaried,18,1130730,24,Average,508401,0.318267013228964,0,1474141,4,0,Education,0
27,2446237,Self-Employed,4,64741,60,Good,620490,0.2536507077398029,0,89109,4,0,Home,0
59,724190,Salaried,28,1007798,180,Average,724350,1.0002195553383015,0,1052392,5,1,Personal,0
61,2092054,Business,29,1776476,24,Good,406713,0.19440836880483545,0,443101,0,1,Home,0
40,1543237,Self-Employed,18,956949,60,Average,786017,0.5093297339749281,0,984825,4,1,Personal,0
30,316156,Business,8,877014,36,Average,14033,0.04438617522306955,0,435981,3,0,Car,0
28,1257931,Self-Employed,7,77631,120,Bad,499927,0.39741973334011693,0,1339622,5,0,Car,0
34,759488,Salaried,7,948920,60,Bad,193636,0.2549556346438197,0,401389,0,1,Car,0
29,230942,Self-Employed,2,1013010,180,Good,398604,1.7259843337966512,0,449444,5,0,Business,1
34,520092,Self-Employed,12,1054024,120,Average,293808,0.5649143518563027,1,895240,3,0,Education,1
43,2222901,Business,17,1633598,36,Average,132666,0.05968144344644973,1,1457030,3,1,Personal,1
45,1078180,Self-Employed,22,621722,36,Good,564103,0.5231987950075173,1,1198371,1,1,Home,0
59,2058240,Self-Employed,12,291231,12,Good,638637,0.3102829066178353,1,719500,4,1,Business,0
34,1220409,Salaried,12,1156669,12,Average,96651,0.0791955162609287,0,1127990,3,0,Home,0
42,1917459,Salaried,14,413922,180,Bad,705738,0.368058786102448,1,789405,5,1,Business,1
46,465102,Salaried,20,1015277,180,Bad,184939,0.39763020234227686,0,684303,3,1,Education,0
38,2172584,Self-Employed,15,348214,24,Bad,33563,0.015448417438213005,1,234813,1,1,Education,1
39,1705591,Salaried,10,427104,24,Good,317604,0.18621334996880848,0,259563,2,0,Car,0
54,2286339,Salaried,31,624395,12,Average,234762,0.10268026627710664,0,150865,4,0,Business,0
52,456059,Business,26,1098783,12,Bad,73,0.0001600666578958909,0,810859,1,1,Education,0
53,1602121,Business,25,1955513,120,Good,564760,0.3525074869454386,0,419673,3,0,Car,0
23,1600479,Salaried,0,181351,12,Bad,588593,0.3677602969109267,0,1233655,3,1,Home,0
53,1077733,Business,16,1502857,120,Bad,130351,0.12094913958360783,0,614191,3,0,Home,0
53,1163402,Salaried,22,332079,120,Average,724171,0.6224592853894996,1,108507,1,1,Home,1
30,1062162,Self-Employed,7,144358,36,Average,701359,0.6603120236724496,0,1412716,5,0,Business,0
48,1977854,Salaried,12,1335366,36,Good,498724,0.2521539748869356,1,568905,2,0,Home,0
37,864128,Salaried,14,1523871,24,Average,142089,0.1644303107522141,1,1143593,1,1,Personal,1
43,1264080,Salaried,1,144056,12,Bad,131896,0.10434141483022054,1,1473365,2,1,Car,1
24,326534,Business,0,591022,36,Average,292803,0.8966971381322063,0,979761,5,1,Car,1
42,1587202,Business,3,1733181,12,Bad,707514,0.445761506247153,0,526797,0,1,Car,0
61,2148270,Self-Employed,20,234345,36,Good,383069,0.17831502636306126,0,293315,5,0,Personal,0
38,1567589,Salaried,9,180467,60,Average,638735,0.4074630483736181,0,1152960,2,0,Education,0
59,1578126,Salaried,37,1913888,180,Average,402889,0.2552956764569645,0,979850,3,1,Personal,0
47,1594513,Salaried,14,311871,24,Bad,545117,0.34187031283513347,1,357708,1,0,Home,1
40,1739932,Self-Employed,13,657559,60,Bad,484645,0.27854233467610534,1,792045,3,1,Business,1
55,961551,Business,22,698353,36,Good,335455,0.34886828793450586,1,359696,2,1,Business,0
44,1379125,Salaried,22,1536215,120,Bad,166325,0.12060174342300849,1,416854,4,1,Education,1
39,1419870,Self-Employed,17,856214,12,Average,677999,0.47750746370620994,0,693015,5,0,Personal,0
28,1210562,Self-Employed,1,297295,12,Good,542904,0.4484723223822304,0,839541,1,0,Education,0
52,451049,Self-Employed,10,1765481,60,Bad,782807,1.7355215608025718,1,388487,4,1,Home,1
28,2076945,Salaried,1,1763867,60,Bad,422051,0.20320749793205986,1,1278055,1,1,Home,1
40,795959,Salaried,2,1017019,60,Average,140833,0.17693477059148702,0,1311088,5,1,Business,0
26,1747879,Self-Employed,0,1154265,120,Bad,768529,0.4396920841247683,1,313388,3,1,Personal,1
49,1169170,Self-Employed,5,463222,180,Bad,284568,0.24339296818001815,1,158864,4,0,Home,1
57,669497,Business,17,433024,60,Bad,122841,0.18348225088051048,1,1499594,0,1,Business,1
61,2320306,Business,37,884196,36,Average,616515,0.2657040641604753,1,1382609,3,0,Education,0
48,2291171,Salaried,4,682702,24,Average,108505,0.04735785877271545,0,311152,1,0,Car,0
58,1084679,Salaried,1,1873275,24,Bad,32034,0.02953313419626065,1,287347,4,0,Business,1
47,412569,Self-Employed,6,1668080,120,Good,297086,0.7200862883874252,0,1052103,1,1,Education,0
37,649711,Self-Employed,9,1666110,12,Good,714927,1.1003752431846725,0,931811,0,1,Personal,0
59,2001276,Salaried,22,469787,12,Bad,448470,0.22409191731079706,0,1335092,0,0,Education,0
48,140459,Self-Employed,22,1845646,120,Average,89606,0.6379467464046704,1,519809,0,0,Car,1
24,1989104,Salaried,0,1580705,24,Bad,435108,0.21874561674723053,0,1334622,5,1,Home,1
64,1644119,Self-Employed,40,1101342,12,Average,685101,0.41669768630027004,0,621808,5,0,Home,0
47,1925516,Self-Employed,24,1890613,12,Good,623725,0.3239259897471692,0,1230309,5,0,Car,0
23,572175,Business,1,1660337,120,Good,644593,1.1265642040211403,1,1151454,4,1,Personal,1
32,608016,Salaried,11,1655940,24,Good,151818,0.24969367632812897,0,71712,0,1,Personal,0
60,1247085,Business,3,1793583,24,Bad,278238,0.22311051523311143,0,664218,4,0,Car,0
53,1699646,Business,4,1496908,60,Good,397599,0.23393033965288088,1,974680,1,0,Home,0
28,1583962,Business,1,1430007,24,Good,570908,0.3604301363100022,0,655304,1,0,Business,0
27,1181140,Business,2,1286831,180,Bad,230921,0.19550671765690972,0,1257021,1,1,Personal,0
24,1576284,Salaried,3,1509188,180,Bad,384228,0.24375541225095715,1,290403,2,1,Education,1
39,1882532,Business,14,962414,180,Good,118891,0.06315480259841394,1,1364249,4,0,Home,0
26,1868986,Salaried,3,1462265,60,Bad,590701,0.316054097754559,1,1233404,1,1,Car,1
30,2322660,Salaried,8,194018,120,Average,445426,0.19177400404105463,0,707368,4,0,Education,0
40,2308731,Salaried,3,117647,24,Bad,299012,0.12951351651036153,1,241297,4,1,Business,1
61,2256393,Salaried,35,333794,36,Good,392606,0.17399709447906705,0,929535,3,1,Home,0
49,124460,Salaried,22,81135,36,Bad,94832,0.7619414917122633,1,373242,2,1,Personal,1
22,580511,Self-Employed,1,497364,60,Good,168184,0.289716663910479,0,1029388,5,0,Education,0
55,1015058,Self-Employed,28,749798,24,Average,268626,0.26464077457566504,1,222287,1,0,Personal,1
23,1131833,Business,2,1220360,60,Good,361352,0.3192623653291914,1,545714,0,0,Home,0
34,204059,Business,7,266170,12,Bad,331827,1.6261246692149367,0,1489606,5,0,Business,1
64,2264600,Salaried,1,1511804,60,Average,702899,0.3103853614831045,0,539008,3,1,Education,0
60,554414,Salaried,7,932657,180,Average,63402,0.11435837774951976,0,785692,4,0,Home,0
21,288476,Business,0,1441281,12,Average,173348,0.60090752469001,0,917611,4,1,Personal,1
22,669230,Salaried,1,439950,36,Average,187925,0.2808073744342387,0,1363466,4,1,Car,0
62,2281922,Salaried,12,1310279,24,Average,723714,0.31715092928201344,1,738633,3,0,Home,0
34,903440,Self-Employed,0,898312,36,Good,108942,0.12058562761707738,0,223419,5,0,Personal,0
22,770687,Business,0,104741,12,Good,269149,0.34923211468194654,1,944119,2,1,Business,0
23,1743276,Self-Employed,0,1553641,12,Average,80387,0.046112579928491,1,424117,1,1,Personal,1
29,186138,Business,5,1768970,12,Bad,377274,2.0268401570869083,1,1002731,1,0,Car,1
29,787519,Salaried,5,1756237,24,Average,188065,0.23880663348232425,0,1429858,1,0,Car,0
46,463238,Business,12,508479,120,Bad,210668,0.45477172690554984,1,979418,3,0,Education,1
37,675924,Self-Employed,10,1379493,180,Good,673574,0.9965218034545252,1,366988,1,1,Business,1
62,475670,Self-Employed,29,1991366,24,Average,510170,1.072527019725819,0,959059,3,0,Education,0
51,591133,Self-Employed,30,1643015,24,Good,501379,0.8481647139227315,0,1131601,3,0,Car,0
60,1109543,Business,22,332674,36,Good,156453,0.14100657567433109,0,102095,4,1,Personal,0
29,269363,Salaried,8,477120,120,Good,282659,1.0493570039054958,1,787054,2,1,Business,1
34,892944,Business,11,655119,60,Good,63532,0.0711488389542469,1,1151848,5,1,Home,0
35,368447,Salaried,6,936424,60,Good,790590,2.145730198019802,0,1334842,2,1,Car,1
49,1366308,Business,8,1419619,180,Good,280978,0.20564747798631203,0,303890,1,0,Business,0
21,1712194,Self-Employed,0,388071,36,Average,499435,0.29169282704364863,0,945957,1,1,Car,0
36,1467563,Business,3,1865629,36,Bad,645072,0.43955289173078654,1,745004,0,0,Home,1
40,2326587,Self-Employed,14,986424,120,Bad,623257,0.2678845588475484,1,1439849,5,0,Home,1
37,721803,Salaried,8,1336495,180,Good,599777,0.8309416406669955,1,1002319,5,0,Personal,1
51,140954,Business,28,581712,120,Average,255101,1.8098045475506368,0,1382618,4,1,Business,1
52,714362,Business,10,1629508,36,Average,23778,0.03328559849824249,1,1309569,5,1,Car,1
21,1828286,Business,0,705429,60,Bad,424390,0.23212438747308273,1,1466945,1,0,Education,1
25,526354,Self-Employed,0,444722,36,Bad,143352,0.2723485100360023,0,555153,0,1,Personal,1
52,1728799,Self-Employed,20,248087,120,Average,529811,0.3064617075428043,1,1130715,4,0,Personal,0
58,257989,Business,1,1266201,120,Bad,204265,0.7917554943990077,0,118600,2,1,Home,1
22,1604769,Salaried,1,540845,180,Average,450183,0.2805280507487054,0,1407938,2,1,Home,0
45,1887795,Salaried,4,165197,180,Bad,83915,0.04445130723870588,1,1475574,5,0,Home,1
47,1949162,Salaried,4,420431,60,Average,139284,0.07145836443642732,1,255874,0,1,Home,0
64,956550,Business,23,817283,36,Good,485834,0.5079018264577634,1,1335809,3,0,Personal,1
61,815109,Self-Employed,6,555125,120,Bad,237521,0.29139748009471117,1,588460,0,0,Car,1
48,725182,Business,18,146195,36,Bad,31363,0.043248393853689344,1,537100,3,1,Home,1
31,930753,Salaried,5,583373,24,Average,68342,0.07342649078059293,1,1218103,5,1,Business,0
29,1163417,Salaried,3,1797304,36,Good,442347,0.3802133025275524,0,1443971,0,0,Car,0
54,2323669,Salaried,12,1626254,180,Good,794791,0.3420412537064213,1,746533,0,0,Home,0
63,1821430,Business,1,764154,180,Bad,362311,0.19891557791648434,0,1367205,1,0,Education,0
49,2446149,Salaried,8,1008125,180,Average,573682,0.23452445679946038,1,1118750,4,0,Home,0
58,806729,Salaried,36,1004443,12,Bad,416082,0.5157636383920271,0,1104636,1,0,Business,1
35,1477861,Self-Employed,13,557207,120,Good,527789,0.3571300973974566,1,623973,2,0,Home,0
50,179198,Salaried,29,461504,180,Good,765522,4.271909999497765,0,223132,1,1,Personal,1
48,1671815,Salaried,24,1780249,36,Average,255765,0.15298633342425244,1,1175465,1,0,Home,1
51,138774,Business,29,164049,24,Average,626528,4.514703656998739,1,190603,4,1,Car,1
29,403051,Self-Employed,2,1151803,12,Average,232406,0.5766154243124957,1,1315415,0,0,Business,1
50,772965,Salaried,29,1160506,120,Average,753601,0.974947151621158,0,320807,5,0,Education,0
31,1252990,Salaried,10,1889051,60,Bad,463891,0.3702269210233753,0,1343350,0,0,Personal,0
63,366713,Business,17,1335480,120,Average,264174,0.7203815507452674,1,343349,1,0,Car,1
60,1051866,Self-Employed,12,384279,60,Bad,32879,0.031257754069668506,0,1178346,2,0,Car,0
33,449063,Salaried,1,1888978,60,Average,704873,1.5696493150196853,0,1041062,3,1,Business,1
27,363700,Business,6,1026135,36,Bad,603765,1.660058674570595,1,637323,0,0,Education,1
30,1651853,Business,4,1243363,60,Good,702840,0.4254855453326989,0,253571,2,0,Car,0
49,2449414,Self-Employed,20,1670192,12,Bad,344519,0.1406535846314324,0,1409674,0,1,Home,0
45,1673891,Salaried,3,1556058,120,Good,582429,0.3479489716182406,0,691512,0,0,Car,0
30,1621148,Salaried,8,1415599,12,Good,535542,0.33034717968551935,1,517176,2,0,Car,0
59,1145313,Self-Employed,21,1056540,12,Good,323122,0.28212525124114435,1,589027,5,0,Business,0
37,200727,Business,8,251729,120,Good,743002,3.7015364074767847,1,359173,1,1,Education,1
47,1255990,Business,21,762151,12,Average,468558,0.3730584056732891,1,1024822,1,1,Education,0
53,997993,Self-Employed,9,1743588,180,Average,739357,0.7408431313214308,1,258595,5,0,Education,1
23,1073945,Self-Employed,1,1660781,12,Bad,477649,0.44476072353731005,0,1055184,4,0,Personal,1
62,1997140,Self-Employed,23,802131,180,Good,85424,0.042773144209647694,1,348079,0,1,Personal,0
44,1749722,Business,14,730370,180,Good,405107,0.2315263616012363,0,863326,1,1,Car,0
28,231258,Salaried,5,1460449,12,Good,103232,0.4463912755827881,0,592375,3,1,Business,0
26,2447084,Salaried,0,716770,36,Good,596262,0.24366215313321768,0,809334,2,0,Education,0
36,191629,Salaried,1,1227094,180,Average,28691,0.14972081615613422,1,425118,5,0,Business,1
40,2240270,Business,13,1602384,120,Average,152399,0.06802703780033754,0,214298,2,0,Personal,0
55,1134807,Self-Employed,1,1547656,120,Good,484845,0.42724848608751437,0,173876,0,1,Personal,0
39,2475679,Business,5,1147591,24,Average,531912,0.2148549085503781,1,345843,0,0,Car,0
44,2412115,Salaried,5,1382811,120,Bad,415042,0.1720655225536417,0,1355490,4,0,Education,0
39,2047357,Self-Employed,17,1922615,120,Good,241053,0.1177385684379576,0,859319,1,1,Car,0
62,1374625,Self-Employed,9,1749413,60,Average,227889,0.16578254739834689,0,457475,2,1,Education,0
48,244565,Business,11,1544960,180,Bad,707944,2.8946950925312596,0,916031,2,0,Personal,1
61,302305,Self-Employed,3,1964406,12,Average,382407,1.2649666232228272,0,775392,0,0,Personal,1
25,1397407,Salaried,0,858866,36,Good,299989,0.21467531315120567,0,38108,0,1,Business,0
50,1707840,Salaried,3,1176792,60,Bad,373548,0.2187252794610271,1,1274436,5,0,Education,1
46,544086,Self-Employed,13,1187109,120,Bad,119194,0.21907158230209506,0,946520,3,0,Business,0
24,2042120,Self-Employed,1,423673,24,Good,491494,0.240678196835545,0,1049791,5,0,Car,0
45,807100,Salaried,14,182041,60,Bad,600,0.0007434013834699746,1,808757,4,0,Car,1
49,1574500,Salaried,4,329309,36,Average,263578,0.1674041489970473,0,14852,2,1,Home,0
64,1367886,Business,2,1977936,36,Average,544663,0.39817835830006426,1,1057227,4,0,Home,1
34,777337,Self-Employed,13,258077,60,Good,46828,0.06024149083153017,0,1101492,2,0,Personal,0
39,643091,Business,9,355579,60,Average,72150,0.11219234572969342,1,457569,0,0,Personal,0
24,482087,Salaried,2,1725984,12,Average,644825,1.3375670002157283,0,870989,5,0,Home,0
52,916371,Salaried,15,220482,180,Bad,16620,0.01813673922817371,0,1048358,5,1,Car,0
49,2190643,Self-Employed,10,1014682,60,Bad,715566,0.32664641082713575,1,1069461,0,0,Personal,1
41,1133410,Salaried,11,264691,60,Good,206936,0.1825780762671264,0,659470,4,1,Business,0
48,2248049,Self-Employed,13,1240156,12,Good,292510,0.13011721269544715,0,654852,2,0,Business,0
28,2018636,Self-Employed,0,1978208,60,Good,589343,0.291950955025594,1,1101693,0,1,Home,1
63,1669473,Self-Employed,0,364023,180,Good,784846,0.47011573705250875,1,1462653,1,0,Education,1
55,2099636,Salaried,27,85280,60,Average,709101,0.3377255211257946,0,956950,1,0,Personal,0
25,1361945,Business,4,1578370,24,Good,742442,0.5451332137984912,0,966113,1,0,Home,0
33,2325965,Salaried,0,503992,180,Good,739943,0.3181228788382977,0,435111,0,0,Education,0
47,2305007,Salaried,18,1862951,120,Good,816,0.0003540117865100685,0,781472,2,1,Personal,0
51,1790974,Business,15,1525237,36,Bad,141518,0.07901729504878628,1,931319,1,1,Car,1
21,1768906,Business,0,1625310,180,Good,657080,0.37146102084507554,1,1337199,0,1,Education,1
59,178656,Business,28,620553,36,Good,499937,2.798306251644212,1,1438199,2,0,Home,1
33,168625,Salaried,2,830564,12,Average,179202,1.0627186792072396,1,806809,0,1,Personal,1
50,1732565,Self-Employed,29,1475412,60,Average,507794,0.2930878246485271,0,1375801,3,1,Home,0
47,909681,Salaried,9,1914116,36,Bad,358036,0.3935836918835373,1,545829,5,0,Education,1
55,925855,Business,32,1222394,180,Bad,65552,0.07080150692980335,0,1433412,3,0,Personal,0
40,673406,Salaried,6,1864979,24,Bad,176733,0.2624460393194606,1,1245103,5,0,Education,1
49,369377,Self-Employed,9,1010275,36,Good,616407,1.668770202881601,1,1093732,4,0,Car,1
43,1987657,Self-Employed,21,542844,24,Average,64127,0.03226259245805868,0,1477837,0,0,Car,0
38,326804,Salaried,11,1527327,24,Good,719161,2.200581386453696,1,959891,2,0,Home,1
45,961048,Business,3,1709506,12,Average,421705,0.4387965650034494,0,1357223,3,0,Business,0
30,619634,Salaried,3,1018479,120,Good,245441,0.3961057719463878,0,463675,2,1,Home,0
40,753726,Business,12,1841522,120,Average,398736,0.529019127615171,1,1137417,5,0,Education,1
34,596242,Salaried,7,1552261,24,Bad,418528,0.7019419934489797,0,116536,2,0,Personal,1
45,2262252,Self-Employed,11,1658309,24,Average,327973,0.14497626923248638,0,642172,3,1,Car,0
44,1261627,Self-Employed,6,62454,12,Bad,482209,0.382211713753975,1,812155,1,0,Car,1
22,1008627,Self-Employed,0,1530260,120,Average,794081,0.7872882767482164,1,1487364,2,1,Education,1
28,2477069,Business,4,230957,60,Average,546622,0.2206728110227002,1,1414372,3,1,Car,0
55,1179270,Business,25,1701231,12,Good,211808,0.1796092670811035,1,706933,1,0,Personal,0
21,1250460,Business,0,1940943,60,Average,278639,0.22282902065718163,1,1386988,5,0,Home,1
58,1264980,Self-Employed,22,858109,60,Bad,142532,0.1126752101414962,0,613789,1,1,Education,0
26,683012,Salaried,1,125153,36,Bad,759738,1.1123331473925093,0,68108,3,1,Personal,1
58,2436052,Self-Employed,3,1464732,12,Bad,427345,0.17542516521602772,1,57676,4,0,Car,1
59,2138492,Self-Employed,34,314101,24,Average,751002,0.35118281892903086,1,308153,1,1,Business,0
32,208618,Salaried,9,1154507,36,Average,385334,1.8470704969346032,0,428873,5,1,Car,1
56,488529,Salaried,14,1598242,120,Good,164311,0.33633758418111476,1,53569,4,0,Business,0
29,1612088,Salaried,2,1741201,12,Average,459245,0.284875710956405,1,1012879,5,1,Personal,1
56,962496,Salaried,17,1817157,60,Good,336232,0.34933303688219286,1,941995,4,1,Home,0
41,436962,Salaried,7,1796907,60,Good,428341,0.9802683522403499,1,358873,3,0,Personal,1
64,1998315,Business,20,171859,180,Good,82554,0.041311784522568,1,657961,0,1,Education,0
56,1359050,Self-Employed,31,679013,36,Good,726154,0.5343096028037211,0,1084409,5,0,Home,0
42,2008486,Business,2,1411909,180,Good,542857,0.2702815601992943,0,1467364,2,1,Business,0
38,1517342,Self-Employed,16,1810023,24,Bad,206720,0.13623814786768715,0,521476,4,0,Car,0
37,1318776,Self-Employed,8,1691898,12,Bad,136550,0.1035429037661409,1,136870,1,0,Personal,1
34,1249807,Self-Employed,4,789089,24,Average,418691,0.33500425665382205,1,303851,2,1,Home,0
48,513050,Self-Employed,5,1600730,24,Good,46804,0.09122679811558695,1,1077584,1,0,Business,0
33,722390,Salaried,8,874128,120,Average,59075,0.08177704318021681,1,807965,2,0,Business,1
23,485003,Business,2,1417567,60,Good,301468,0.6215783787350208,0,837748,4,0,Education,0
64,1220601,Salaried,42,251713,24,Average,628228,0.5146870150958298,0,1148083,4,0,Personal,0
37,666816,Business,7,576479,120,Bad,681614,1.0221904960431423,0,47378,0,1,Personal,1
51,2063169,Salaried,24,1726858,24,Average,217816,0.10557346219652283,0,1241118,3,0,Business,0
24,406963,Self-Employed,3,1133792,180,Good,361172,0.8874789907706824,1,1402396,5,0,Home,1
56,2120910,Self-Employed,29,1839421,12,Bad,616626,0.2907363863924512,0,779786,0,1,Home,0
33,525480,Self-Employed,1,594318,36,Bad,239358,0.4555026727893111,1,210899,1,1,Business,1
28,904311,Salaried,5,1882198,36,Average,791722,0.8754965100540522,1,124605,3,1,Business,1
45,394880,Salaried,24,349695,180,Average,691023,1.7499525173406671,0,804572,1,0,Education,1
44,1801488,Salaried,9,741781,36,Bad,310861,0.1725578118989347,0,403835,3,0,Business,0
56,1267294,Self-Employed,26,1825809,120,Bad,532434,0.42013422289206537,0,275931,4,0,Personal,0
64,827382,Self-Employed,14,896695,60,Good,544642,0.6582707162221124,0,499840,4,0,Education,0
44,470634,Business,8,853159,24,Average,468368,0.9951831036790719,0,754267,3,1,Personal,0
49,566619,Business,23,1035188,12,Average,726940,1.2829409480780771,1,1237491,4,1,Personal,1
25,2337738,Business,1,327955,60,Average,69769,0.0298446490390929,0,815351,3,0,Car,0
28,401085,Salaried,6,742950,180,Bad,361626,0.9016171095475783,1,800854,1,0,Personal,1
55,1026448,Salaried,9,694085,60,Bad,600321,0.5848522430242515,1,1280847,0,0,Business,1
27,706322,Salaried,0,1977971,24,Bad,787756,1.1152914459815126,1,1255433,2,0,Personal,1
35,1719594,Self-Employed,2,809018,36,Average,192986,0.11222758847286715,1,447044,3,0,Business,0
53,1216139,Business,8,1523720,24,Good,234238,0.192607758975118,1,651769,3,1,Education,0
40,1787549,Salaried,13,1670857,12,Bad,635606,0.3555738301026545,1,916572,2,1,Education,1
62,1750178,Self-Employed,26,1256837,180,Average,276784,0.15814610962650105,1,1249754,5,0,Personal,1
23,231115,Salaried,2,1478894,36,Bad,694692,3.0058152616002354,0,151534,3,1,Education,1
44,2464559,Salaried,8,871863,60,Bad,794559,0.3223938552926283,0,278856,5,1,Personal,0
50,1555287,Self-Employed,9,619484,180,Average,202208,0.1300132194165968,0,1230966,5,1,Business,0
29,1249136,Self-Employed,0,1462905,36,Bad,93553,0.07489410689139782,0,1126548,4,1,Business,1
48,925015,Business,12,1520839,24,Bad,35497,0.038374471360495384,0,74323,0,1,Car,0
35,2384792,Salaried,2,298396,24,Good,76798,0.03220321428316839,1,1211946,4,1,Car,0
26,1716665,Business,0,259971,120,Bad,479720,0.2794486522130688,0,1338509,3,0,Education,0
53,1256280,Self-Employed,18,389464,12,Bad,686832,0.5467184491367775,0,255475,4,0,Home,0
56,661646,Self-Employed,4,318368,24,Good,186717,0.282200327364894,1,50822,5,0,Car,0
35,324792,Salaried,3,1547581,120,Bad,587977,1.810313030145354,1,37573,1,0,Education,1
61,1970316,Self-Employed,13,1046736,60,Good,472800,0.23996138692403304,1,851666,0,1,Car,0
57,1312496,Self-Employed,11,147412,120,Good,598597,0.456074947218927,1,868211,2,0,Car,0
58,897398,Salaried,9,806046,24,Bad,715388,0.7971794040332115,1,542555,2,1,Business,1
36,582928,Self-Employed,3,1091682,36,Average,627075,1.0757313497870238,0,971578,0,0,Home,0
47,399179,Salaried,23,479082,12,Bad,658115,1.6486672678991934,1,1482108,0,0,Car,1
46,1162641,Business,21,1008021,24,Bad,287762,0.24750697119147597,0,543228,4,0,Education,0
54,700234,Salaried,23,319740,24,Average,256406,0.3661713567588024,1,805287,2,0,Car,0
24,597521,Salaried,1,1730654,120,Bad,634852,1.0624746871244908,1,489027,3,0,Home,1
61,1583757,Salaried,7,908518,180,Average,370048,0.23365185842786587,0,785866,2,0,Business,0
24,1846236,Business,0,1459456,36,Bad,315346,0.17080472333725302,1,426220,2,1,Personal,1
44,2018099,Business,13,1730373,36,Good,180904,0.08964075120162529,0,136479,0,1,Education,0
36,1156703,Salaried,11,327289,36,Good,660345,0.5708850319528591,1,876321,2,1,Education,0
57,2379796,Salaried,12,1711305,36,Good,617591,0.2595141518373206,1,213441,0,0,Education,0
61,2164753,Business,27,1252660,180,Good,646562,0.2986768935407903,0,12708,3,0,Education,0
60,368885,Self-Employed,24,1602006,120,Good,656897,1.7807588252197155,0,625760,0,0,Home,1
60,292216,Self-Employed,22,775956,120,Bad,713852,2.442883199813837,0,1273165,3,0,Personal,1
38,1137558,Business,6,72871,24,Bad,233688,0.2054293447636562,1,281805,5,0,Personal,1
23,2075917,Business,2,328057,120,Good,715327,0.3445834565719841,1,744831,0,1,Home,0
27,1552153,Self-Employed,6,637014,120,Bad,773099,0.4980813759459435,1,447097,3,1,Car,1
33,1600957,Salaried,5,1212988,60,Good,522812,0.32656197101985185,1,557948,5,1,Home,0
46,215839,Self-Employed,23,661547,120,Good,606813,2.8114019644180877,1,451111,0,0,Car,1
38,2377624,Business,3,1247209,180,Average,87101,0.036633615477629985,1,1394123,5,1,Personal,0
38,522953,Business,3,1210833,60,Bad,75224,0.14384439166733595,1,12974,0,1,Home,1
52,148612,Business,18,558994,12,Average,304720,2.0504262749557576,0,407799,2,1,Business,1
48,2298146,Salaried,13,680671,12,Average,107083,0.046595365744662984,1,298561,0,0,Car,0
33,2104029,Salaried,9,1656353,180,Good,132876,0.06315309192359425,1,78147,2,1,Personal,0
53,1890126,Self-Employed,16,884309,60,Average,253444,0.13408834432818537,1,960160,5,1,Car,0
36,133229,Salaried,7,1771212,36,Good,748036,5.6146213315319375,0,1183938,2,1,Personal,1
47,232203,Self-Employed,17,991224,24,Bad,466102,2.0072953092969974,0,1494864,0,0,Education,1
40,122523,Self-Employed,17,149964,24,Good,400846,3.27157128399334,0,680646,1,0,Education,1
61,983016,Salaried,39,1350613,24,Good,378016,0.38454675758404994,1,711439,5,1,Home,0
30,2232258,Self-Employed,5,741455,180,Bad,687783,0.3081107523813321,1,651222,4,0,Car,1
39,690151,Self-Employed,12,909555,120,Good,724034,1.0490935330188131,1,1425749,0,1,Home,1
40,1425499,Business,2,197563,60,Average,760484,0.5334857944580849,1,676837,1,1,Business,1
40,2263533,Self-Employed,4,1333178,120,Average,204410,0.09030569012879859,0,1192520,4,1,Business,0
37,541323,Self-Employed,0,498291,24,Good,603901,1.1155998995056564,1,289361,0,0,Home,1
64,1236851,Salaried,23,522597,60,Bad,651499,0.5267396584231582,0,711552,2,1,Car,0
50,1026958,Business,13,1509193,180,Good,641860,0.6250103460800285,0,985854,5,1,Car,0
45,1423050,Business,18,784549,24,Good,157304,0.11053995956574993,0,1040107,0,0,Car,0
34,1524872,Business,3,140319,36,Good,149689,0.09816489635530304,1,943056,0,1,Business,0
54,341161,Business,10,480690,12,Average,367037,1.075843734061824,0,1097633,3,0,Home,1
28,2230323,Self-Employed,1,688333,60,Bad,550263,0.24671886237156573,0,515030,1,0,Home,0
22,697884,Self-Employed,1,1137794,180,Bad,16582,0.02376036166417103,1,1147,4,0,Personal,1
51,1266141,Self-Employed,2,276200,180,Average,180080,0.14222733311113603,0,1075434,5,1,Home,0
58,2443216,Self-Employed,9,1037008,120,Average,470033,0.1923828296872525,1,1348542,5,0,Home,0
39,540220,Salaried,17,1056711,12,Bad,37631,0.06965852863920506,0,669791,5,1,Car,0
51,2301216,Business,21,1459728,36,Bad,99373,0.04318280283867189,0,1075435,0,1,Car,0
37,1944901,Self-Employed,0,884230,60,Bad,532739,0.273915600888888,1,1268214,3,1,Personal,1
31,2439923,Business,3,1578217,12,Bad,773609,0.3170627445772901,0,547143,1,0,Business,0
60,1383961,Self-Employed,26,596912,36,Good,510588,0.3689320949563644,1,411830,5,1,Education,0
56,2074736,Business,33,388297,180,Good,590934,0.2848235704091651,1,904865,1,1,Personal,0
60,1563632,Self-Employed,16,1732270,180,Good,33510,0.021430860054757094,1,509220,5,0,Education,0
35,1624650,Self-Employed,13,1058656,120,Good,14295,0.008798812791177921,1,1023916,3,1,Business,0
52,1121234,Salaried,2,1857363,36,Average,371656,0.3314702091889747,0,473620,5,0,Business,0
49,2324125,Business,24,794560,180,Good,37473,0.01612348039650174,0,786573,5,1,Education,0
36,1539786,Self-Employed,11,668426,12,Bad,169229,0.10990416206916931,0,771334,4,1,Education,0
60,222808,Self-Employed,13,1199818,60,Bad,228009,1.0233383750207576,0,1310805,3,1,Home,1
25,986407,Self-Employed,3,1713435,180,Bad,608716,0.6171036731251166,1,574584,4,0,Home,1
52,738288,Business,23,1414536,36,Bad,390996,0.5295974882464726,1,634044,4,1,Home,1
58,1649544,Self-Employed,36,1091793,120,Good,341122,0.20679763207429927,1,1478826,1,1,Car,0
55,2013576,Salaried,31,1031332,36,Average,256569,0.12741951263845386,0,1296361,5,1,Business,0
57,1182037,Business,24,205328,180,Bad,678243,0.573791197914111,1,1097492,0,0,Personal,1
36,2387508,Salaried,11,831563,12,Bad,272274,0.11404103607567552,0,1164279,5,0,Education,0
43,499415,Business,19,329455,24,Bad,370151,0.7411676838547423,1,575177,3,1,Education,1
21,1175795,Self-Employed,0,1170612,60,Average,673465,0.5727736784272102,1,903886,3,1,Education,1
30,2344453,Salaried,9,460004,120,Average,516675,0.22038180318317185,1,190270,5,0,Education,0
35,2303493,Salaried,1,1791770,24,Average,599851,0.26040918708709465,0,688285,5,1,Home,0
50,2322499,Self-Employed,17,1931861,36,Average,672549,0.28957976318622175,0,222489,2,1,Car,0
22,202423,Salaried,0,1188222,180,Average,251746,1.2436568786309923,0,520604,5,1,Home,1
32,1207304,Business,10,739927,36,Average,3387,0.0028054219936138754,0,16025,3,0,Business,0
54,2321048,Business,18,1657090,12,Average,464050,0.199931151819716,0,804838,4,1,Education,0
34,2259732,Self-Employed,3,651829,60,Average,662221,0.29305276331318786,0,302183,1,0,Personal,0
35,1295857,Self-Employed,13,644542,60,Bad,102454,0.0790626750770532,0,1327627,1,0,Personal,0
25,1192462,Business,1,281688,120,Good,285543,0.23945648628091606,1,744551,2,0,Car,0
33,651180,Self-Employed,11,1095933,60,Average,564832,0.8673963153101826,0,1418337,3,1,Personal,0
33,233204,Business,12,567130,60,Bad,782513,3.3554726528161916,0,490888,5,1,Business,1
43,811588,Self-Employed,9,255956,36,Average,408853,0.5037685330875603,1,1304105,0,1,Business,1
57,568915,Business,27,786532,24,Average,471178,0.8282031090705834,1,766020,4,0,Home,1
25,362208,Business,4,1148979,12,Good,681607,1.8818058082488287,0,1262963,5,1,Education,1
35,491854,Self-Employed,4,863039,180,Average,253064,0.5145093574325766,1,1002044,4,1,Car,1
46,984726,Salaried,15,631245,24,Average,129658,0.13166898033668215,0,867046,2,1,Car,0
30,377626,Salaried,4,1079259,120,Good,379144,1.0040171915673402,1,679031,4,1,Car,1
43,185258,Self-Employed,16,1466151,60,Good,796214,4.297842479987477,1,1220510,1,0,Home,1
62,215615,Salaried,33,137087,24,Bad,266918,1.237932249925794,0,948219,4,0,Home,1
35,1661749,Self-Employed,12,939106,12,Bad,20148,0.012124567474048442,1,1493976,5,1,Car,1
61,1444786,Salaried,13,695757,180,Good,343228,0.23756304562541053,1,957499,3,0,Personal,0
32,971059,Self-Employed,7,901413,120,Bad,48294,0.04973328115667415,1,1002940,0,0,Personal,1
59,1542843,Salaried,35,408550,36,Average,143943,0.09329718364267547,1,216027,1,0,Personal,0
49,1818766,Business,6,1239959,36,Bad,791387,0.4351228057249774,0,567648,2,1,Car,0
62,1146788,Self-Employed,24,194545,36,Average,458890,0.4001520767987834,0,1168964,3,0,Education,0
43,331455,Salaried,18,1534188,120,Average,313257,0.9450937681019502,0,469398,3,0,Business,1
29,309278,Business,4,533920,12,Good,563894,1.8232534378344472,1,702481,2,0,Personal,1
41,313850,Salaried,13,707869,60,Good,701600,2.235455678012815,0,919459,3,0,Home,1
45,1775694,Salaried,19,95601,24,Bad,596539,0.33594677013788965,0,88062,5,0,Business,0
50,2332444,Salaried,25,199826,12,Good,42970,0.018422728081476734,1,391340,5,0,Home,0
31,201628,Business,2,174409,120,Good,251991,1.249775577917859,0,3740,1,0,Home,1
31,1341320,Self-Employed,7,1828838,120,Average,90358,0.06736493352448818,1,475866,0,1,Business,1
45,1878496,Self-Employed,9,1797558,24,Good,199183,0.10603317439420984,1,1049658,1,0,Education,0
23,1179831,Business,1,1578026,60,Average,322659,0.2734787664684464,1,821350,3,0,Personal,1
28,278083,Salaried,5,1943897,60,Good,759064,2.729621265516894,0,1441326,5,0,Education,1
52,2368817,Business,31,414873,12,Bad,470518,0.1986298651901497,0,607448,0,0,Education,0
36,1569309,Salaried,5,867412,180,Bad,200198,0.12757071579229087,1,484044,0,1,Business,1
30,892255,Business,0,313002,36,Average,620342,0.695251138686655,0,763326,5,1,Education,0
35,1017271,Business,8,912072,120,Good,205087,0.20160488050393602,0,70909,3,0,Home,0
25,928027,Business,4,1047607,12,Average,626493,0.6750798467287625,1,515806,4,1,Personal,1
26,442068,Salaried,4,1892678,120,Average,507736,1.1485446842008826,1,1381190,2,1,Car,1
42,1284831,Self-Employed,8,1533039,24,Average,264617,0.20595455281313044,0,418781,0,0,Car,0
60,1429877,Business,37,1588749,120,Average,303358,0.21215656160875263,0,763865,2,0,Education,0
23,2311525,Self-Employed,0,463951,24,Good,541094,0.23408518874544348,1,1357012,4,0,Car,0
60,216780,Salaried,8,1517716,24,Bad,655914,3.025698746661377,0,311302,5,1,Personal,1
64,2081131,Salaried,37,424339,180,Good,205611,0.09879767357380502,0,972750,4,1,Car,0
63,2050410,Business,25,1647330,120,Good,632000,0.3082308863930207,1,771224,3,1,Education,0
61,1859798,Salaried,23,411514,180,Bad,224616,0.12077434174338195,1,841328,5,0,Home,1
54,2113325,Salaried,9,212408,36,Good,444731,0.21044126651543585,0,110464,3,0,Education,0
49,1400074,Self-Employed,8,1867488,36,Average,703187,0.5022495223470171,0,544805,5,1,Car,0
40,706718,Salaried,16,1257860,36,Good,497869,0.7044794324193916,0,1167364,2,1,Home,0
63,677203,Self-Employed,14,1603730,12,Good,686466,1.013676824117991,1,462742,0,0,Personal,1
31,455534,Self-Employed,0,1483591,36,Average,322809,0.7086370970397444,1,463275,0,1,Business,1
61,2278476,Business,7,690446,180,Average,657957,0.2887705252236472,1,787734,4,0,Business,0
59,722078,Salaried,28,1017744,24,Good,710217,0.9835724345951067,0,1492270,4,0,Personal,0
24,2437726,Self-Employed,3,1233004,120,Good,754766,0.3096187555046156,0,1328171,0,1,Car,0
23,2006650,Self-Employed,2,1286344,120,Average,686218,0.34197177286932307,0,644997,2,0,Business,0
24,2123639,Self-Employed,2,1084966,12,Good,286796,0.13504925505264545,1,1362986,3,1,Business,0
49,2150097,Business,22,489515,60,Bad,328692,0.1528730318338978,1,500586,5,1,Business,1
36,287396,Salaried,0,892541,36,Bad,616125,2.1438115220409397,0,622230,4,0,Education,1
51,721243,Business,11,1969322,180,Average,431526,0.5983079235321195,1,1151401,1,1,Personal,1
33,2024735,Salaried,6,1543810,36,Good,144096,0.07116779669053151,1,484974,5,0,Home,0
33,1106374,Self-Employed,11,401143,36,Good,246414,0.22272195232177155,1,730480,4,1,Business,0
32,2238907,Salaried,7,647417,180,Bad,473382,0.21143432423306363,0,1211009,4,0,Personal,0
49,2408933,Business,6,677229,120,Bad,714966,0.2967976706709275,0,389746,3,0,Home,0
43,2015593,Salaried,3,1030691,24,Bad,35076,0.0174023141565216,0,771885,2,1,Home,0
22,190655,Business,0,1164677,24,Bad,454251,2.382568605236657,1,826839,2,1,Home,1
53,2210261,Salaried,5,1384295,180,Good,463836,0.20985566417013005,1,1418207,4,1,Car,0
50,1387181,Business,29,1029762,120,Good,22901,0.01650900891159199,0,240168,1,0,Home,0
23,1146139,Business,0,746270,180,Average,705616,0.6156455581342594,1,862307,5,1,Home,1
63,1468730,Salaried,31,1110235,24,Average,335894,0.22869674569407195,0,1044395,1,0,Home,0
27,230265,Self-Employed,6,976614,36,Average,261501,1.1356474685798164,1,731067,0,1,Car,1
45,1980834,Salaried,12,207318,12,Average,736543,0.3718346051034034,0,130868,4,1,Personal,0
45,1179678,Salaried,19,335013,120,Bad,422757,0.3583661318036517,0,1328870,1,1,Education,0
42,1572348,Salaried,8,1462865,36,Bad,52396,0.03332339067217265,0,928967,0,0,Business,0
31,1649759,Salaried,7,66351,12,Average,558676,0.3386407719910775,1,233688,0,0,Business,0
40,2257748,Self-Employed,6,1574600,120,Good,714617,0.316517469390973,0,573832,5,1,Business,0
22,2208436,Self-Employed,0,1494155,60,Average,227781,0.10314127140597626,0,875706,4,0,Personal,0
30,1963904,Business,9,1112361,12,Average,118459,0.06031809074267849,0,1010490,4,1,Car,0
32,1077157,Self-Employed,0,475119,12,Average,331686,0.30792697078794384,1,995042,0,0,Car,0
30,1706814,Business,3,888333,24,Good,581875,0.34091275270020477,0,1204232,4,0,Education,0
27,429711,Business,5,485499,180,Bad,174328,0.40568566854079013,1,1228796,2,0,Home,1
64,1305395,Salaried,13,205021,36,Good,500104,0.3831052033252745,0,2966,0,1,Business,0
35,884422,Self-Employed,3,593679,12,Good,523538,0.5919543024095936,1,1367685,2,0,Business,0
59,1668614,Self-Employed,34,1725288,24,Good,516758,0.3096927691528603,1,176344,5,0,Personal,0
31,1992033,Salaried,5,1468101,180,Average,399533,0.20056535179620427,0,1215883,0,1,Home,0
33,318079,Self-Employed,9,301450,24,Average,518740,1.6308475855130784,0,587072,3,1,Education,1
61,467820,Self-Employed,3,408725,120,Average,372396,0.7960224102808553,1,1326265,0,0,Home,1
39,2461596,Business,7,1224736,180,Good,785616,0.3191489102399784,1,1175712,1,1,Car,0
62,305594,Business,15,1567750,12,Bad,141987,0.4646247484415648,1,1031495,4,1,Business,1
43,1349730,Business,17,1948019,120,Bad,668410,0.49521719512999257,1,440398,5,1,Car,1
35,994179,Self-Employed,1,407974,36,Good,775579,0.780119294292784,0,408233,0,0,Home,0
38,312979,Self-Employed,5,1921218,36,Good,64904,0.20737427311649306,0,817169,2,0,Home,0
34,1308002,Business,7,1047554,120,Good,799971,0.6115972211072911,0,901358,1,1,Business,0
40,1260728,Self-Employed,8,1336581,120,Average,352784,0.2798254026043662,1,1358360,5,0,Car,1
49,1849750,Self-Employed,8,1196551,24,Good,75992,0.041082286210414265,0,1169896,5,0,Home,0
22,684012,Business,0,622864,120,Average,504229,0.7371628901789878,0,1058735,3,1,Education,1
35,2121670,Self-Employed,1,559404,36,Good,383539,0.18077213667906097,1,20705,5,1,Personal,0
56,1641442,Self-Employed,1,761345,120,Average,327042,0.1992405462754418,1,874601,3,1,Personal,0
24,329082,Business,2,490851,12,Average,121106,0.3680105019098525,1,110530,2,0,Home,1
35,2303452,Business,13,1229122,24,Good,699299,0.3035872665949772,0,13301,0,1,Personal,0
30,1018791,Self-Employed,3,623377,60,Bad,137472,0.13493627747371398,0,1387139,4,0,Car,0
52,1001937,Business,13,1956684,120,Average,753842,0.7523838800404815,0,1105340,3,0,Personal,0
39,1746199,Salaried,12,1241306,120,Good,440305,0.2521503836902989,1,92856,2,0,Personal,0
21,2245033,Business,0,1547717,120,Average,341221,0.1519892349069101,0,202529,0,0,Personal,0
32,2317173,Self-Employed,7,214156,180,Good,88164,0.03804807062395832,1,211191,2,1,Business,0
49,1007653,Salaried,16,472108,36,Bad,157010,0.1558173738207758,0,762003,4,1,Car,0
23,1080196,Self-Employed,2,675220,180,Bad,545245,0.5047644087143364,0,276255,0,1,Car,0
62,2117816,Salaried,21,1855275,120,Average,724144,0.3419294490506026,1,862351,2,1,Personal,1
53,676523,Business,18,524971,60,Bad,556956,0.8232612590240701,1,330212,5,0,Home,1
23,2234001,Salaried,1,1486747,120,Bad,581585,0.2603332494778429,0,48287,1,1,Car,0
56,2246203,Business,18,453518,36,Bad,333955,0.1486752761547927,1,894199,2,1,Education,1
23,1399386,Business,2,610079,36,Good,538027,0.38447334440008374,1,1284765,5,1,Home,0
54,1470006,Business,11,414841,60,Bad,720150,0.4898956263473575,0,793571,2,0,Business,0
36,1700088,Business,14,618461,24,Good,301774,0.17750482474741028,1,1387114,4,0,Home,0
55,2076248,Business,13,477009,24,Good,328465,0.15820115988014924,1,948618,1,1,Business,0
23,1226280,Self-Employed,1,1750133,180,Average,707909,0.5772812267335138,0,1475786,0,0,Personal,1
22,633815,Salaried,1,373844,24,Bad,588564,0.9286038850391912,1,169477,3,1,Personal,1
29,1491460,Salaried,3,450509,12,Average,435592,0.29205725124559073,0,1466026,1,1,Personal,0
49,1453042,Business,9,515699,180,Bad,787275,0.5418112196266731,1,835577,0,0,Car,1
57,1886625,Salaried,34,693687,180,Bad,108805,0.05767173780070878,1,894628,3,1,Personal,1
40,770895,Business,7,1105979,120,Average,545301,0.7073600070567236,0,189508,4,0,Personal,0
31,2027050,Business,2,904758,12,Good,715216,0.3528357204628793,1,967908,5,0,Home,0
38,1408008,Self-Employed,17,1075168,120,Bad,191016,0.13566390555742186,1,988832,3,0,Personal,1
38,1736279,Salaried,12,1605623,180,Good,346907,0.19979899555371253,1,1289955,2,0,Business,0
59,188225,Salaried,5,982403,180,Bad,756996,4.021739823403781,0,509102,2,1,Home,1
52,866852,Business,17,1292663,180,Bad,39818,0.04593397035022086,1,1389313,1,1,Home,1
53,896029,Business,14,1255212,60,Average,257168,0.28700824749171344,1,640053,1,1,Car,1
59,358401,Salaried,14,215909,12,Good,709907,1.9807562457798784,1,733144,2,0,Personal,1
44,476833,Salaried,10,367716,180,Good,310063,0.650253547356103,0,747634,4,1,Home,0
57,552391,Self-Employed,13,1703613,120,Bad,571830,1.035188778983041,1,875861,1,1,Education,1
25,812137,Self-Employed,4,1821293,24,Bad,617310,0.7601048097737084,1,1262840,0,0,Education,1
29,2205604,Business,5,1053638,60,Average,575209,0.2607942038578984,0,674585,1,0,Personal,0
26,1736948,Salaried,4,406000,120,Average,464115,0.26720128224835615,0,343980,5,1,Business,0
60,1700311,Salaried,27,838892,12,Good,315634,0.1856329897101238,1,906603,2,1,Education,0
29,1662450,Business,5,1410046,12,Bad,386736,0.23263001435831793,0,125899,1,1,Business,0
41,939893,Self-Employed,3,1104552,180,Average,576737,0.6136191953560721,0,1298322,4,0,Business,0
37,2089103,Salaried,15,1452041,60,Average,107435,0.05142635311597699,1,324035,0,0,Home,0
50,1833458,Self-Employed,1,719536,12,Good,349113,0.19041222083504458,0,739501,0,1,Business,0
37,2009163,Self-Employed,11,1053086,60,Bad,368655,0.18348676364896047,0,1228925,1,1,Personal,0
42,2108461,Business,11,1077422,24,Bad,185898,0.0881675837648485,0,1322484,4,0,Personal,0
28,148293,Self-Employed,0,1089207,120,Bad,42604,0.28729415890056237,1,385699,4,1,Home,1
48,392248,Self-Employed,14,100710,180,Bad,17822,0.04543542494690873,1,1407549,3,1,Car,1
52,131984,Business,24,400441,24,Average,213349,1.6164639921203168,0,740677,0,0,Home,1
57,260254,Business,10,314720,12,Good,366726,1.4091026109008473,1,1486242,1,1,Car,1
60,1352420,Self-Employed,36,195929,24,Average,27083,0.020025568961144494,0,813997,1,0,Education,0
25,650039,Self-Employed,2,1446996,180,Bad,396423,0.6098440095994093,1,1425310,0,1,Home,1
41,670706,Salaried,14,164915,36,Good,102202,0.15237950401591158,0,998136,1,0,Car,0
50,335865,Self-Employed,27,82720,60,Average,334247,0.9951796252076721,0,1284508,4,1,Personal,0
45,311113,Salaried,18,1528844,12,Bad,423528,1.361327359103094,0,1447296,1,0,Personal,1
34,1447768,Self-Employed,9,1556575,60,Average,509087,0.35163551643943197,0,374251,4,1,Home,0
40,1171208,Self-Employed,1,1275694,180,Bad,551982,0.47129248494504394,0,635102,5,0,Education,1
44,1755104,Salaried,17,1056942,120,Average,211262,0.12037000635289627,1,1213670,1,0,Car,0
61,940861,Salaried,3,550249,120,Average,682656,0.7255644292149114,0,1317680,3,1,Home,0
61,2368054,Business,21,917561,60,Good,210427,0.08886068946878345,1,16625,2,1,Education,0
40,1553239,Business,10,1507367,24,Average,358243,0.23064239911410986,1,437064,2,0,Home,1
57,352204,Salaried,1,809371,36,Bad,749160,2.1270566857369997,1,1040186,4,0,Home,1
34,1510512,Business,13,56902,180,Good,738157,0.48867967372674054,0,334689,0,1,Education,0
35,2487087,Business,8,1325835,120,Bad,145635,0.05855643226134338,1,707615,4,1,Personal,1
62,162094,Business,24,144209,180,Average,423838,2.614750609210648,1,257079,5,1,Business,1
35,1520081,Salaried,13,844813,12,Good,666321,0.4383454313648869,1,1043938,3,1,Car,0
42,1838285,Self-Employed,5,948765,36,Bad,755233,0.41083541951578806,1,741205,4,1,Car,1
36,1683215,Business,7,734837,180,Bad,525201,0.31202234294350817,0,799487,5,0,Home,0
60,540525,Salaried,21,1193164,36,Average,78133,0.1445499383933428,1,131613,1,0,Personal,1
62,1490045,Salaried,17,857550,180,Good,79284,0.05320909555812371,0,348753,0,1,Education,0
21,1688248,Self-Employed,0,1793855,180,Good,293225,0.17368587216696116,1,381646,4,1,Business,1
47,937320,Salaried,24,1632265,60,Average,579705,0.618470086555193,1,1114552,5,0,Car,1
46,2060601,Salaried,1,1904171,36,Bad,529324,0.25687832973082625,1,196593,3,1,Car,1
56,2440277,Salaried,10,127083,180,Good,680492,0.278858392363493,1,875385,5,0,Car,0
37,1468542,Self-Employed,10,310387,120,Bad,581197,0.3957643732597547,0,42786,4,0,Business,0
43,697659,Salaried,3,1891423,180,Bad,624486,0.8951150990453802,1,38227,0,1,Business,1
39,1549209,Business,17,595748,24,Average,64042,0.04133848864905339,1,977426,0,1,Personal,0
41,572113,Business,5,1092210,24,Average,386573,0.6756922571375635,0,1128511,0,0,Car,0
55,2077633,Self-Employed,5,610482,60,Bad,568952,0.27384611534081554,0,273560,0,0,Personal,0
51,218694,Business,30,455915,180,Good,541953,2.4781224993712705,0,736832,4,0,Education,1
44,2234493,Business,2,797206,24,Good,694565,0.310837710909047,0,49914,4,1,Personal,0
21,1949371,Salaried,0,302022,120,Average,489138,0.25092080936835043,1,1288755,5,0,Personal,0
52,843785,Business,1,788622,12,Good,529802,0.6278866916493044,1,1350703,0,0,Home,1
57,806831,Salaried,9,1762677,180,Average,67541,0.08371135502806036,0,1301207,5,1,Home,0
24,2158980,Self-Employed,1,1450942,36,Average,1823,0.0008443798254824846,1,544293,2,1,Home,0
40,1584807,Salaried,12,129331,24,Good,99070,0.06251230432960965,1,599309,1,1,Business,0
39,1149322,Business,6,271120,36,Bad,140258,0.12203531992311996,0,898514,5,1,Personal,0
53,782270,Business,31,1113203,12,Average,28586,0.036542323568175224,1,700614,5,0,Personal,1
25,1914988,Self-Employed,3,1203241,12,Bad,47733,0.024925991741989117,0,770865,0,1,Personal,0
33,1334486,Salaried,12,425891,120,Bad,758470,0.5683607258819307,0,1244485,2,0,Education,0
29,271131,Salaried,5,1475122,12,Good,31430,0.11592139622029123,1,903640,5,0,Home,1
63,1026137,Business,11,268764,60,Bad,547509,0.5335627371757015,0,496679,3,1,Business,0
21,1680581,Self-Employed,0,1612934,60,Good,705681,0.4199027479765938,0,311092,0,0,Home,0
23,1521491,Salaried,1,1709783,60,Good,93653,0.0615533962715545,0,1425768,5,0,Business,0
39,650331,Salaried,1,549272,24,Bad,446165,0.6860572753608926,0,1191201,5,1,Car,1
45,2291056,Self-Employed,8,1366890,60,Good,565184,0.24669137433071286,1,1416007,0,0,Personal,0
52,688295,Salaried,18,569651,120,Average,60849,0.08840527912409778,1,258540,5,1,Car,1
59,262681,Salaried,2,673853,60,Bad,775304,2.951492679361357,0,281414,3,0,Education,1
57,2107611,Self-Employed,8,860786,60,Good,562927,0.2670923300873216,0,1151640,0,0,Home,0
53,2262984,Salaried,4,106316,36,Average,328827,0.14530675192279224,1,285913,4,1,Home,0
39,258210,Business,1,1014908,180,Bad,453702,1.7570978773173878,0,1261512,5,0,Car,1
62,1504821,Business,15,313338,180,Bad,694615,0.46159279967996214,0,1232327,5,0,Car,0
46,1410540,Business,15,417906,120,Bad,15084,0.010693769270088568,0,752052,5,0,Education,0
30,1676605,Salaried,0,1397966,60,Good,416070,0.24816206073460312,0,582081,2,1,Education,0
23,1401555,Business,0,1244966,120,Bad,495888,0.35381247698985985,0,238069,2,0,Education,1
59,1659999,Business,34,444466,12,Good,174420,0.1050722891566265,1,805135,2,1,Business,0
34,396038,Business,7,600060,12,Average,98290,0.24818262847850844,0,895186,4,1,Car,0
61,2317362,Salaried,22,323814,60,Average,107036,0.046188706732609434,0,909829,4,0,Personal,0
52,2095129,Salaried,13,1348513,180,Average,797460,0.38062554590884573,0,891194,0,0,Car,0
40,2142679,Self-Employed,2,901029,180,Good,397677,0.18559794276326844,1,767800,5,1,Business,0
49,1170694,Salaried,5,612682,180,Good,697669,0.5959442895032439,1,1423573,1,0,Personal,0
45,2180050,Salaried,3,473138,60,Bad,779660,0.35763383517174596,1,366808,4,0,Home,1
52,802877,Self-Employed,9,149692,180,Good,29927,0.03727465443068561,1,681192,1,1,Education,0
27,1372098,Business,1,1345346,12,Average,338555,0.24674239978310603,0,917929,0,1,Education,0
44,585670,Self-Employed,0,877608,180,Good,104617,0.1786275912585735,1,533089,5,0,Car,1
41,260087,Business,7,1698569,60,Bad,147345,0.566519793300729,0,1159846,1,0,Car,1
53,1117517,Salaried,19,873526,12,Good,548307,0.49064713051601855,1,1180382,5,0,Car,1
57,631158,Self-Employed,20,441744,36,Bad,279603,0.4429993076229603,0,899148,5,0,Education,0
26,439137,Self-Employed,5,693975,180,Average,592788,1.3498900117958363,0,1270648,2,0,Home,0
43,420037,Self-Employed,13,1790942,60,Good,530074,1.261966774434694,0,1077454,4,0,Car,0
58,331203,Self-Employed,13,651772,24,Good,450680,1.3607323583048514,0,1428405,4,1,Personal,1
32,621687,Business,7,282531,180,Bad,475556,0.7649431869362123,1,992961,3,0,Business,1
32,318693,Business,1,535105,120,Average,280905,0.8814254425875605,0,1100585,4,1,Education,1
49,1706546,Business,2,228278,12,Good,125362,0.07345944764486416,0,172681,4,0,Home,0
22,2006477,Salaried,0,474851,12,Bad,389484,0.19411326712777313,0,40816,3,1,Home,0
24,2298606,Self-Employed,2,66456,36,Bad,619778,0.269631998858439,1,396673,0,1,Personal,1
50,750180,Salaried,16,1582930,120,Average,767496,1.0230810964287285,1,932727,0,1,Personal,1
44,1526919,Business,20,1824221,24,Bad,267189,0.17498559191051266,1,1344335,1,1,Personal,1
44,743987,Self-Employed,14,1836394,60,Good,319558,0.42952036860809584,0,226785,2,1,Car,0
54,1637714,Self-Employed,5,796141,24,Good,149339,0.09118741661400183,0,204939,4,0,Education,0
59,2228262,Self-Employed,14,670217,36,Good,385891,0.1731801856423591,1,600898,0,1,Home,0
27,2097344,Self-Employed,4,1424254,180,Good,742243,0.35389647387530426,1,578313,1,0,Education,0
43,2168358,Self-Employed,18,1456373,12,Bad,656174,0.302613174294478,0,631379,3,1,Personal,0
31,2143650,Salaried,3,234059,24,Good,6086,0.002839081548255756,0,1322230,1,0,Personal,0
37,826863,Salaried,1,1466388,24,Bad,554429,0.6705201822790688,0,623956,4,0,Business,1
31,133594,Salaried,6,1237874,24,Good,32212,0.24111680826378232,1,786499,4,0,Car,1
61,689951,Self-Employed,10,1789842,12,Bad,658550,0.954486688929085,1,361300,2,1,Personal,1
34,1523890,Business,4,1995500,120,Bad,771742,0.5064286093952914,0,1309678,3,0,Car,1
63,600603,Salaried,18,313362,12,Bad,743179,1.2373860313950622,0,139747,3,1,Business,0
44,2241536,Salaried,15,1716964,180,Good,339421,0.1514233314016231,0,320609,1,0,Personal,0
55,1852830,Business,15,1922697,60,Average,305833,0.16506254483004656,0,170396,4,0,Business,0
29,1154573,Salaried,8,75927,120,Average,521217,0.451436633771417,0,1419521,2,0,Business,0
38,2045956,Business,6,1220838,36,Average,603922,0.2951782466591429,0,206866,1,1,Education,0
39,402875,Business,7,915051,36,Average,716618,1.7787557461849304,0,1453617,2,0,Education,0
29,458829,Self-Employed,1,1303596,12,Bad,354416,0.7724342349018155,1,769172,1,0,Business,1
25,2274120,Self-Employed,2,694813,60,Average,48145,0.02117081720805533,0,1362134,5,1,Personal,0
36,1527635,Self-Employed,3,418014,60,Average,35048,0.022942638167731056,0,342040,0,1,Business,0
32,2052582,Salaried,10,1691908,60,Average,198726,0.09681752211725421,0,1371847,0,0,Car,0
41,1688689,Business,0,1090841,36,Good,425173,0.2517768210861674,1,101122,3,0,Car,0
57,1998110,Salaried,5,646187,12,Bad,169227,0.08469349300414242,0,1160685,5,1,Car,0
22,1952322,Self-Employed,0,995471,180,Good,441890,0.2263406208911128,1,733079,3,1,Business,0
54,357021,Self-Employed,24,1019156,60,Bad,336284,0.9419139436785409,1,1116763,4,1,Business,1
61,799135,Self-Employed,17,245624,12,Average,110946,0.1388324390341569,0,384444,2,0,Business,0
44,316398,Self-Employed,3,1320036,12,Bad,759479,2.4003836927423916,1,1097369,1,0,Personal,1
43,1436651,Self-Employed,0,164329,24,Bad,148344,0.10325673858387417,1,1440917,3,0,Personal,1
22,671352,Salaried,1,918228,60,Bad,488693,0.7279225683060924,0,750637,2,0,Car,1
41,1437269,Salaried,2,1431384,12,Good,537089,0.3736869203420373,0,900333,3,1,Personal,0
54,1741306,Salaried,9,1962914,36,Average,342273,0.1965609740269809,0,63275,5,0,Car,0
27,1354211,Business,2,803929,180,Bad,331168,0.2445466441000375,1,1063908,5,1,Education,1
47,316274,Business,22,1122512,24,Bad,374586,1.1843680341474982,1,488042,2,0,Home,1
30,769594,Salaried,6,1951360,12,Good,584503,0.7594942794586763,1,714841,4,1,Education,1
52,2016651,Salaried,11,651607,36,Bad,73095,0.03624571815067746,1,118060,2,0,Home,1
53,441688,Business,16,1528622,36,Average,635218,1.4381567120756913,1,634367,4,0,Education,1
64,1611874,Salaried,38,1382353,24,Good,692321,0.4295128344319504,0,811800,5,1,Home,0
24,2131215,Salaried,3,421534,180,Bad,323405,0.15174670235208446,1,625742,2,1,Home,1
38,1041809,Business,7,987036,60,Average,340282,0.32662577629318207,0,874506,4,0,Car,0
27,138330,Salaried,2,346484,36,Bad,356612,2.5779615559780527,1,585277,1,0,Home,1
57,914713,Self-Employed,14,121734,36,Average,87951,0.09615136534479629,1,41051,1,0,Personal,0
60,701571,Salaried,39,1403844,36,Average,344653,0.4912582030069615,1,127211,0,1,Home,1
38,1149193,Business,0,332312,60,Bad,230653,0.20070849656367853,1,925997,0,1,Personal,1
63,2113971,Business,34,1358164,12,Average,295769,0.13991150308518752,1,1393980,2,1,Education,0
25,886647,Salaried,1,768204,24,Good,158755,0.1790507619709287,0,937540,5,0,Personal,0
53,808708,Self-Employed,31,1199182,36,Bad,361521,0.4470347182979292,0,1157103,5,0,Car,0
30,513073,Business,0,1588740,180,Average,659705,1.285789184406148,0,410860,3,1,Car,1
26,2062598,Salaried,1,463136,120,Good,511396,0.2479376747491878,1,1043765,2,0,Home,0
60,2143737,Business,18,818922,180,Bad,349912,0.16322517024002,1,810471,0,0,Business,1
41,1448506,Self-Employed,18,1274006,120,Bad,313413,0.21636968271468485,0,778599,1,1,Personal,0
35,136791,Business,0,1217939,180,Average,735750,5.3786040119305225,1,864861,0,0,Home,1
58,138476,Salaried,8,1175174,12,Average,631762,4.562216108090152,1,766771,4,1,Home,1
57,126326,Business,18,251541,180,Average,473291,3.746554576614659,1,1475534,2,0,Business,1
24,1280901,Self-Employed,0,704066,60,Bad,14963,0.011681611864139489,0,661598,4,0,Personal,0
49,2015502,Business,16,508007,180,Good,704148,0.34936589030132925,0,827760,1,1,Personal,0
48,847485,Salaried,2,1572293,120,Average,251976,0.29732172566862464,1,406021,0,0,Business,1
42,2113411,Self-Employed,12,1040579,24,Good,302776,0.14326406777287154,0,902599,4,0,Car,0
62,827578,Self-Employed,18,862928,180,Average,84392,0.10197455469508047,1,525246,0,1,Business,1
52,2151537,Business,13,1374304,180,Good,693855,0.3224925611353367,0,1468384,5,0,Education,0
54,376987,Business,23,567495,120,Average,645822,1.7131102316254099,1,1038989,5,0,Education,1
54,1721722,Salaried,0,376741,24,Average,660128,0.38341126882779636,0,1160043,5,1,Personal,0
38,2398246,Salaried,11,1760537,36,Bad,598721,0.24964943143888016,0,674433,5,1,Education,0
40,2483877,Self-Employed,9,603986,12,Bad,468196,0.18849395984826953,1,60393,0,1,Personal,1
43,1237240,Business,2,1685441,60,Average,153278,0.12388693876132459,0,423666,5,1,Business,0
48,2441242,Business,0,127641,12,Good,356041,0.14584414578966534,0,1135164,0,0,Car,0
21,1368287,Salaried,0,481850,60,Bad,529818,0.3872123412614888,1,485772,0,1,Business,1
48,1715992,Self-Employed,19,447681,180,Average,352419,0.20537321539190428,1,292142,1,0,Home,0
52,1791368,Self-Employed,10,871752,120,Average,204159,0.11396814391674748,1,966479,0,0,Education,0
60,1376054,Business,22,1998313,180,Bad,108291,0.078696709070495,1,396774,2,1,Car,1
63,1504554,Salaried,14,992820,120,Average,466405,0.30999531422912424,0,720918,4,0,Personal,0
61,1488280,Salaried,29,1032774,120,Bad,232130,0.15597188971706283,0,17011,3,1,Home,0
38,1237642,Business,10,782643,36,Good,512313,0.4139424696782513,0,1092458,0,0,Business,0
21,1478462,Business,0,787753,12,Good,586412,0.39663623641579127,1,164445,2,0,Home,0
26,158451,Salaried,2,1505461,180,Average,204012,1.2875318708504784,0,1019562,2,1,Home,1
59,244779,Self-Employed,31,972351,12,Good,81472,0.3328376501348149,1,764120,4,0,Education,1
30,1404049,Business,3,1954597,12,Good,459461,0.3272397706634379,1,656282,3,1,Car,0
42,1050294,Salaried,7,856775,12,Bad,711153,0.6770983390380798,0,1312210,1,1,Business,1
21,238888,Salaried,0,1621049,36,Good,83401,0.3491203027347429,0,427264,2,0,Education,0
37,480058,Business,11,571387,24,Good,128272,0.26720048993977824,0,1086198,2,0,Personal,0
22,2110767,Salaried,0,1007352,120,Average,696189,0.32982734246492273,0,629050,1,1,Education,0
62,374946,Self-Employed,24,529888,36,Bad,83451,0.22256745620047633,1,664941,2,0,Business,1
38,465681,Business,13,1595250,60,Average,513558,1.102808354198788,1,549228,5,0,Car,1
64,655304,Self-Employed,31,1153193,120,Good,83292,0.12710417286607,0,994089,5,1,Business,0
39,971695,Self-Employed,2,1405723,60,Average,85895,0.08839698835849895,0,795608,2,0,Car,0
63,934380,Self-Employed,5,1034076,60,Good,512522,0.5485150061912646,0,1076325,5,0,Home,0
25,2345542,Self-Employed,2,1930426,24,Good,125400,0.0534631000156467,0,159752,3,0,Education,0
45,1137137,Self-Employed,7,1857793,24,Bad,440292,0.3871931111263541,1,1311800,5,0,Car,1
56,1466738,Self-Employed,3,397631,12,Bad,627712,0.4279643481219222,0,598063,0,1,Business,0
44,172420,Self-Employed,15,1370895,12,Good,156002,0.9047737804559769,0,1182953,1,0,Home,1
46,1589354,Self-Employed,8,1083578,24,Average,469946,0.29568346908022436,0,744624,3,1,Business,0
25,1682795,Self-Employed,1,1178888,36,Average,240600,0.14297633224704598,0,884847,0,1,Business,0
60,2185776,Self-Employed,20,775911,120,Good,653211,0.29884613114695596,1,700611,5,1,Personal,0
53,2085378,Self-Employed,19,1612274,24,Good,143864,0.0689869803042996,1,39130,4,1,Personal,1
57,1237696,Self-Employed,21,1481932,12,Bad,578743,0.467596673499249,0,1079664,3,1,Business,1
50,2446975,Business,24,668267,180,Bad,668825,0.2733271597269446,0,1003517,1,0,Personal,0
52,1035477,Self-Employed,27,1101795,60,Average,401293,0.38754372376815344,0,920214,2,1,Car,0
39,879334,Self-Employed,4,792498,180,Good,290432,0.3302859547271518,1,265746,0,0,Car,0
21,2055646,Business,0,1432372,36,Bad,212147,0.10320205755171,0,1340330,5,0,Business,0
42,447729,Salaried,19,1584568,60,Bad,129213,0.2885958055077837,0,829166,2,0,Home,0
25,1926286,Salaried,1,974043,24,Average,283898,0.14738094582998276,1,266367,0,0,Education,0
27,2066177,Self-Employed,0,857673,36,Bad,187803,0.09089391136678447,1,828324,2,1,Education,1
50,2473074,Self-Employed,12,250748,36,Bad,179973,0.07277296483123237,0,275677,0,0,Business,0
62,1542074,Salaried,37,886376,12,Good,58594,0.03799685488708396,1,1190162,1,1,Personal,0
27,204195,Self-Employed,2,805581,180,Bad,259207,1.2694029265999334,1,454394,5,0,Education,1
54,759759,Business,10,1531626,36,Good,231765,0.3050502790354849,0,917671,2,0,Personal,0
64,1823749,Salaried,39,766838,24,Average,420226,0.23041864290610006,0,1306550,0,0,Business,0
43,1017765,Business,2,893709,12,Average,765042,0.7516875195280645,1,626593,0,1,Personal,1
47,586492,Business,6,502310,12,Bad,61541,0.10493049362907997,1,104330,1,0,Car,1
31,2101318,Salaried,7,1407316,60,Average,214224,0.10194739589752912,1,407638,1,1,Car,0
47,1418750,Business,20,997142,36,Good,179062,0.12621101236228205,0,1118840,4,1,Personal,0
58,406173,Salaried,11,810943,36,Bad,450442,1.1089877737127438,0,1299381,0,0,Home,1
30,864719,Self-Employed,9,637470,12,Good,512118,0.5922356369691923,0,168531,3,0,Car,0
52,338362,Self-Employed,21,1442802,60,Bad,53901,0.15929933237381155,0,762205,1,1,Home,1
26,1121599,Business,2,1216883,180,Average,86985,0.07755438659058488,0,1360663,4,1,Home,0
60,1345443,Salaried,22,1161572,120,Bad,664564,0.49393657409747266,1,1002448,2,1,Personal,1
37,379894,Business,3,1515405,120,Bad,472406,1.2435172876715934,0,1465496,5,1,Education,1
34,2444520,Self-Employed,5,1811257,180,Average,447416,0.18302808607494064,1,830248,4,0,Car,1
36,2029647,Self-Employed,2,1856628,180,Good,414036,0.20399399304707022,0,1254094,4,0,Education,0
46,798759,Self-Employed,14,431887,24,Average,269802,0.33777605288196705,1,752780,2,0,Personal,0
43,1092666,Business,1,1072998,120,Good,571755,0.5232655511697526,1,98041,3,1,Home,1
29,322643,Salaried,6,369992,24,Good,177997,0.5516823495865412,0,595952,1,1,Car,1
47,1117857,Salaried,8,1642044,36,Good,5444,0.004870028214674851,0,1413955,4,1,Education,0
53,1099202,Salaried,17,1454792,24,Bad,222175,0.20212372055025324,1,120919,4,0,Home,1
44,1074371,Salaried,12,141679,36,Average,265961,0.2475501967661108,1,288993,2,0,Business,0
34,2010361,Self-Employed,12,1882085,36,Average,101627,0.05055159220080761,0,1362475,3,0,Education,0
50,1210454,Business,11,1179962,180,Bad,455181,0.37604124069048417,0,850988,2,1,Home,0
23,2194189,Business,2,1688641,24,Good,774346,0.35290745104115867,1,1483045,3,1,Home,0
43,669651,Self-Employed,0,1150801,24,Good,708582,1.0581346729345988,0,674020,1,1,Car,0
22,182402,Business,1,718105,120,Bad,363049,1.9903674829909597,1,583892,0,1,Personal,1
22,477787,Salaried,0,623967,12,Good,34179,0.07153591132468794,1,191766,5,1,Car,1
58,2411276,Self-Employed,5,124953,60,Bad,151094,0.06266140306567848,0,331472,0,1,Business,0
54,2337552,Salaried,21,1055503,12,Good,527426,0.22563167551708987,1,82728,4,1,Car,0
59,2397786,Self-Employed,38,799558,180,Average,103988,0.04336832254074278,1,124467,4,0,Home,0
23,1226260,Business,1,1241817,180,Average,570419,0.46516932365948194,1,902075,0,0,Business,1
22,285850,Business,0,950273,12,Average,776867,2.7177340642502563,0,1214304,5,1,Personal,1
55,1644705,Salaried,17,1181683,12,Average,246136,0.14965349430232516,0,262146,3,0,Car,0
36,1824699,Salaried,10,1516633,60,Good,231858,0.12706636707403957,1,535209,4,1,Education,0
45,1517986,Self-Employed,23,923733,12,Average,788907,0.5197060317380847,1,447495,1,1,Personal,1
61,881088,Self-Employed,2,826755,60,Average,767077,0.8706010403035335,1,1266906,3,0,Business,1
33,1321066,Business,1,120482,12,Average,403730,0.3056090266428576,1,1351726,4,1,Car,0
34,631229,Business,10,525891,36,Average,453804,0.7189202034123854,1,244671,4,1,Home,1
56,1644616,Self-Employed,22,1183983,36,Good,36828,0.022393055647606706,0,1423771,3,0,Education,0
31,1936466,Salaried,0,358296,180,Bad,34369,0.01774830141696192,1,1077891,4,1,Education,1
24,721873,Business,1,110044,12,Average,524519,0.7266074134821312,0,1322565,0,1,Business,0
63,1624942,Salaried,38,209484,24,Good,769053,0.4732799858210411,0,607898,2,1,Car,0
48,1609652,Business,1,621923,36,Average,663242,0.4120403590090535,1,1458347,4,1,Car,0
42,1190777,Self-Employed,9,1789903,180,Average,403306,0.33869117501331064,1,687626,1,0,Business,1
29,1185059,Self-Employed,3,1118402,120,Bad,183273,0.154652928965622,0,799628,0,0,Car,0
64,2244932,Business,1,1050144,12,Average,608208,0.2709247892921526,0,915859,3,0,Business,0
31,2008662,Business,0,1030905,36,Average,415790,0.20699838648892324,1,45170,0,1,Home,1
24,433473,Salaried,0,1462250,120,Average,451553,1.0417072304221244,0,747468,4,1,Home,1
38,2139082,Salaried,4,1084908,36,Bad,646477,0.3022215594252303,1,1053877,5,0,Car,1
61,811240,Business,36,663770,120,Bad,548779,0.6764685216846782,0,910623,0,0,Personal,1
26,1149875,Business,0,1739605,36,Good,239166,0.2079928618390157,0,1065904,5,1,Home,0
23,734561,Self-Employed,0,891320,24,Bad,656134,0.8932316128522848,1,65592,2,1,Education,1
58,2139276,Self-Employed,33,1674996,120,Average,37674,0.017610622654289275,0,61486,5,0,Education,0
58,2047535,Business,3,1673428,36,Good,66107,0.032286123418587026,1,835309,3,0,Personal,0
33,1974057,Salaried,0,570887,120,Average,513873,0.2603130201848173,0,513978,3,1,Personal,0
51,1381783,Salaried,21,618148,120,Good,588079,0.4255940146940477,1,1099097,5,0,Business,0
55,2186109,Business,22,1878215,12,Average,273639,0.12517165192968333,0,663217,5,1,Car,0
39,1444511,Self-Employed,17,1561861,180,Good,216314,0.1497488425156731,0,551253,3,1,Business,0
32,2045774,Self-Employed,9,1750238,12,Average,215945,0.10555657391453117,0,1166453,4,1,Personal,0
39,1661300,Salaried,7,217922,24,Average,547128,0.32933706775593347,1,1339358,0,1,Car,0
49,2286022,Self-Employed,7,311736,60,Bad,336784,0.1473231021735127,1,1406607,1,0,Education,1
39,1161829,Self-Employed,11,172847,120,Average,454409,0.39111487911312326,0,385175,1,1,Car,0
24,2346301,Self-Employed,2,74996,24,Bad,726700,0.30972142546014964,0,712169,5,1,Education,0
59,139939,Salaried,36,1615912,24,Bad,57512,0.41097613262826926,0,1171071,0,1,Personal,1
49,318052,Self-Employed,6,496759,120,Good,514482,1.6175983248075005,0,417504,1,0,Personal,1
42,2470378,Business,21,1976042,60,Average,580623,0.2350339765679679,0,1192916,2,0,Business,0
41,714202,Salaried,6,275365,120,Average,266446,0.37306760122822225,0,663190,2,1,Home,0
49,625574,Salaried,15,476114,24,Good,457103,0.7306925628421852,1,569479,1,1,Education,1
62,827528,Salaried,34,1794839,120,Bad,709346,0.8571856696260796,1,416815,5,1,Business,1
59,2266309,Salaried,6,1680219,180,Average,526438,0.23228861011953353,1,1071802,0,1,Home,1
63,879472,Business,24,1130011,12,Average,458166,0.5209551629214314,1,159066,2,1,Personal,1
41,1370737,Business,20,1846695,120,Average,617996,0.4508491046429004,1,489897,2,0,Business,1
56,659767,Business,14,1557505,12,Good,375936,0.5698002934364808,0,10802,1,1,Car,0
62,1540605,Salaried,30,66625,36,Good,94111,0.0610870008295437,1,1221987,4,0,Car,0
49,2146953,Salaried,25,1436452,60,Good,711907,0.3315893121138133,0,984340,1,1,Business,0
24,1746933,Business,1,1915599,60,Bad,634568,0.3632466939220371,1,1107708,0,1,Business,1
50,943005,Self-Employed,6,1753405,36,Average,122809,0.13023140891998566,0,1335352,5,1,Education,0
34,2217884,Salaried,13,1907555,36,Bad,741169,0.33417828246279674,0,625416,3,1,Car,0
34,2010679,Business,6,996991,120,Bad,161761,0.08045089223546263,0,153679,1,1,Education,0
61,1943172,Business,38,1115045,120,Average,312874,0.16101191196048936,0,1300715,0,0,Business,0
51,2157317,Self-Employed,3,1315282,24,Bad,45699,0.021183246976106445,0,632055,2,0,Home,0
58,637720,Self-Employed,36,440682,24,Bad,215400,0.33776526098403536,1,47971,5,0,Business,1
56,2423917,Self-Employed,6,888045,12,Good,7985,0.003294253353455026,1,663667,4,0,Home,0
60,600383,Salaried,4,1443989,24,Good,445113,0.7413805164694596,1,584875,2,0,Home,1
33,748553,Business,7,751752,120,Good,438794,0.5861888387477724,0,321127,1,1,Education,0
47,2165875,Salaried,21,570823,180,Good,712940,0.32916935226208704,0,936945,3,0,Car,0
28,1263226,Business,5,126559,24,Good,225111,0.17820312580399247,0,599035,2,1,Home,0
43,2095113,Self-Employed,1,1484412,12,Average,359584,0.17162980152869964,1,580223,3,0,Education,1
55,1454510,Self-Employed,12,739846,24,Average,273668,0.18815120683171183,0,789025,0,1,Car,0
37,1224178,Business,16,1057752,24,Good,232078,0.18957848484576192,0,1110636,4,0,Personal,0
45,2091028,Salaried,16,594474,180,Bad,93846,0.04488029577782039,0,308070,3,1,Education,0
23,1491334,Self-Employed,0,812457,24,Good,775022,0.5196833709394603,1,1186626,2,1,Home,1
54,265312,Salaried,6,331328,120,Average,167143,0.6299842073324715,0,256722,5,1,Personal,1
30,1382740,Business,7,1427967,24,Bad,234872,0.16985972065629065,0,1072447,4,0,Personal,0
38,755507,Self-Employed,10,98164,12,Average,184373,0.24403844830233432,0,138523,5,0,Personal,0
48,1619968,Business,5,891674,24,Average,749839,0.46287243768244946,1,134284,4,1,Personal,1
59,1788717,Self-Employed,23,824954,24,Bad,422564,0.23623846799775033,1,473457,2,1,Business,1
32,1288057,Business,3,820112,24,Bad,265842,0.20638977437351425,0,1446029,1,1,Home,0
45,2200329,Business,4,237899,180,Average,271493,0.12338740098076198,1,235803,5,1,Home,0
34,2101452,Self-Employed,8,112586,12,Average,108553,0.0516561636163169,0,429647,2,1,Business,0
35,1333476,Salaried,8,241239,180,Bad,710105,0.5325213708222939,1,546235,5,0,Business,1
25,948281,Business,1,264554,12,Good,150651,0.1588672989680285,0,110994,2,0,Personal,0
63,1177826,Salaried,19,1781058,60,Good,201020,0.1706702257632063,0,659758,5,1,Business,0
33,371191,Salaried,1,1154064,36,Average,456927,1.2309721114679195,1,447478,0,1,Home,1
41,1202330,Salaried,10,1942207,24,Average,119424,0.0993270571914057,1,336082,2,1,Business,1
36,1332921,Self-Employed,2,1256081,120,Average,227339,0.17055686679340576,1,1036617,5,0,Home,1
42,2039929,Business,20,310388,120,Good,442628,0.2169819552631708,1,1106629,2,1,Education,0
30,1733911,Self-Employed,3,1831053,60,Bad,513572,0.29619265568264136,1,1010910,0,1,Personal,1
44,500753,Self-Employed,9,1677958,24,Good,796934,1.5914680661562364,1,49130,5,0,Business,1
61,1762369,Self-Employed,29,287296,36,Good,722384,0.4098934956904623,1,436243,1,0,Business,0
44,2193707,Business,11,530346,120,Bad,246030,0.11215257454501693,1,982344,1,1,Education,1
27,2102829,Business,3,172882,60,Average,281579,0.13390478545579054,1,951055,3,1,Home,0
24,2439368,Business,3,415933,60,Bad,124939,0.051217753443615954,0,700489,5,0,Education,0
64,770347,Self-Employed,1,1335010,180,Average,112873,0.14652209131457472,1,394678,4,1,Home,1
53,1496064,Salaried,27,1025719,36,Bad,271557,0.18151417217834787,1,411266,4,1,Business,1
45,1817715,Salaried,15,1426311,36,Bad,417159,0.22949624693846563,1,1248463,5,1,Car,1
64,399190,Salaried,5,276858,24,Good,702763,1.7604680466242977,0,52175,5,0,Car,0
36,1299645,Salaried,6,1024991,24,Good,155363,0.11954255235656479,1,781515,4,1,Education,0
29,357807,Salaried,4,487945,12,Average,595258,1.6636240665384787,1,561302,4,0,Business,1
39,2078690,Self-Employed,0,1673990,24,Good,58477,0.028131646310105736,0,528849,5,1,Car,0
40,973363,Business,12,181124,120,Bad,543823,0.558704657250525,0,1112414,2,1,Business,0
40,1432832,Self-Employed,7,732925,180,Average,112844,0.07875586338393938,0,1413766,4,1,Business,0
42,1928518,Self-Employed,19,647043,36,Average,130788,0.06781784364063823,1,105315,3,0,Education,0
26,1944770,Business,1,785095,12,Bad,89538,0.04604038213239502,1,795133,3,0,Education,1
29,330869,Business,2,1624415,24,Good,671845,2.03054069574153,0,156381,4,0,Business,1
23,2201300,Business,0,1889942,180,Good,226756,0.10300999272702824,0,72404,3,1,Business,0
58,1161639,Salaried,36,1258633,12,Bad,19088,0.016431941048861955,0,448809,3,0,Car,0
51,970272,Salaried,29,212399,24,Average,160367,0.1652802870944569,1,26999,4,0,Home,0
45,1831008,Salaried,2,1115349,180,Average,116336,0.06353655279684589,1,1090301,3,1,Personal,0
22,1856223,Salaried,1,753641,12,Bad,207805,0.11195038960815074,0,158212,2,1,Education,0
30,1540750,Salaried,1,1465088,36,Average,510523,0.3313468561759817,1,811212,3,1,Education,1
22,540794,Salaried,0,1732802,12,Bad,45763,0.0846217143279801,0,1220009,3,0,Home,1
27,2199414,Self-Employed,5,1229623,120,Good,152746,0.06944846697871934,1,170164,2,0,Business,0
55,1789908,Salaried,19,1012322,180,Average,404640,0.22606735873164502,0,911607,3,0,Education,0
39,1524659,Salaried,16,1338091,60,Good,577301,0.37864245143179465,1,629298,2,1,Home,0
50,2183772,Salaried,9,1989700,120,Average,8735,0.003999957871079091,1,1119688,0,1,Personal,1
36,980174,Self-Employed,10,503935,120,Good,745233,0.7603060677940163,1,123124,1,1,Home,0
23,1923718,Business,2,1614723,12,Bad,698378,0.36303534975742296,0,512822,2,0,Home,0
45,2483339,Salaried,22,1389984,60,Average,185593,0.07473523561010574,0,129960,4,0,Business,0
38,1392758,Salaried,8,124732,12,Bad,334434,0.24012338100130748,0,1141816,1,0,Car,0
40,989166,Self-Employed,19,542278,120,Bad,704517,0.7122326159283519,0,1286728,2,1,Home,0
49,203454,Business,28,100636,120,Good,487779,2.397478557912069,0,133338,0,1,Home,0
64,1161797,Salaried,38,1494344,120,Bad,62751,0.054011971099967464,0,1005744,2,0,Home,0
64,1928960,Salaried,42,399503,180,Bad,2526,0.0013095132561000455,1,900637,5,1,Car,1
38,2324892,Self-Employed,9,203509,60,Bad,456022,0.19614752162787708,0,1146069,1,1,Personal,0
25,2480041,Salaried,4,317743,24,Average,99181,0.039991661431540274,1,1269893,5,0,Home,0
44,2487060,Business,13,1501446,120,Bad,574787,0.23111093776951994,1,29817,3,1,Education,1
41,2135196,Salaried,18,337951,180,Average,538577,0.2522376155455445,0,1268776,1,0,Education,0
64,1368603,Business,15,1248049,60,Average,217009,0.1585623014400075,0,658397,5,1,Car,0
42,2276698,Self-Employed,0,1732793,24,Bad,773465,0.3397308998686256,0,112331,2,1,Home,1
25,1291405,Business,2,1750846,60,Bad,721483,0.5586802291455979,0,815875,2,1,Home,1
56,2364069,Salaried,1,71964,12,Good,47531,0.020105580630015187,0,81684,1,1,Business,0
58,600162,Salaried,14,1783287,36,Good,519709,0.8659464178898066,0,615759,4,0,Car,0
21,1725802,Self-Employed,0,1464043,60,Good,413824,0.23978634873157598,0,51879,1,0,Home,0
33,187644,Salaried,4,113297,180,Average,337530,1.7987689520104453,1,694744,1,1,Business,1
33,473059,Self-Employed,12,1241609,60,Bad,519385,1.097926267281106,1,1243737,4,1,Personal,1
32,2030057,Salaried,9,221167,24,Average,562049,0.2768635181851947,0,1444871,2,0,Business,0
57,1442887,Salaried,23,1869788,120,Good,620060,0.42973536407538215,0,117260,1,0,Car,0
43,2324153,Self-Employed,10,1081766,12,Good,148036,0.06369457445590955,1,143271,0,1,Business,0
22,1074224,Self-Employed,0,1538646,60,Bad,516828,0.4811170844096907,0,820022,0,1,Personal,1
56,2219291,Salaried,9,158879,60,Bad,774729,0.3490883579087385,0,1293222,1,1,Education,0
46,1670177,Salaried,1,1138397,60,Good,507280,0.3037281056270649,1,305712,5,0,Personal,0
57,2434126,Self-Employed,20,254474,120,Bad,561071,0.23050194176392605,1,6611,1,0,Car,1
30,498580,Salaried,3,1465969,12,Average,128205,0.25713976264639044,0,1092949,0,1,Education,0
28,1169024,Business,4,401160,36,Good,791340,0.676923076923077,1,793801,5,0,Car,0
59,1917780,Self-Employed,35,430024,24,Average,167732,0.08746149847141045,0,1259436,0,0,Business,0
63,1272923,Self-Employed,8,667452,12,Average,162122,0.12736188492007378,1,1149276,3,1,Personal,0
27,735834,Self-Employed,3,1914597,36,Average,504926,0.6861945952557299,0,1345565,3,0,Personal,0
40,614606,Self-Employed,14,1646212,36,Average,387531,0.6305346343273018,0,231120,5,0,Education,0
36,2176154,Business,6,770064,24,Good,80556,0.03701758376586227,1,1355180,1,1,Personal,0
60,2367096,Salaried,17,1153422,24,Average,307427,0.12987511707378277,0,87991,5,1,Business,0
22,569391,Self-Employed,1,1073729,120,Bad,518751,0.9110612723747435,1,200086,0,0,Personal,1
60,1597357,Business,17,161058,180,Good,690519,0.43228819087518267,1,125251,5,1,Business,0
22,1851237,Salaried,0,1013836,120,Good,152958,0.08262470843835315,0,1432884,0,0,Home,0
23,367932,Self-Employed,0,386251,180,Good,701393,1.9063063112033984,1,795785,1,1,Car,1
50,2037725,Salaried,24,1890298,36,Average,293618,0.14409101125470256,0,1369431,2,0,Education,0
55,1897855,Self-Employed,29,968653,60,Average,281531,0.14834160231334728,1,1478105,2,0,Business,0
44,1035698,Salaried,19,995780,180,Good,715110,0.6904612247380755,0,248418,2,0,Business,0
30,1514330,Salaried,2,908296,12,Average,205134,0.13546179798207922,0,723449,4,0,Personal,0
55,1444995,Salaried,15,559508,24,Average,468500,0.3242223507885143,0,960809,5,1,Personal,0
41,2462596,Self-Employed,6,1433626,180,Bad,478242,0.1942022994424179,1,1041835,5,0,Personal,1
21,1086012,Self-Employed,0,1141765,180,Good,659663,0.6074172224457718,1,828270,0,1,Education,1
42,602768,Salaried,8,335508,180,Good,795798,1.3202371057569318,0,841323,0,0,Home,0
63,483118,Business,33,1507077,60,Good,772201,1.5983660340413024,0,663028,5,1,Education,0
34,581818,Self-Employed,0,114849,120,Bad,63698,0.10948078354264815,0,194886,1,1,Business,0
45,1559659,Salaried,14,483756,60,Bad,455401,0.29198735621866306,0,1480446,0,1,Education,0
24,463331,Self-Employed,2,1122505,24,Good,471383,1.0173763089965726,0,314744,4,1,Home,0
38,1028942,Business,7,1410449,24,Good,225624,0.21927745268688353,0,575962,4,1,Education,0
48,1234157,Salaried,14,1399212,180,Average,623572,0.5052610767827134,0,1463723,4,1,Personal,0
23,177969,Salaried,2,1850397,12,Bad,716353,4.0251334494577735,0,663089,4,1,Business,1
22,484491,Self-Employed,0,1994097,60,Good,793383,1.6375564508805098,1,82172,4,1,Car,1
45,2404222,Business,20,699584,36,Good,381495,0.15867704451708514,1,1234674,1,0,Education,0
47,939470,Salaried,17,1325388,120,Bad,251269,0.2674579630451605,0,1452163,5,1,Home,0
33,607081,Self-Employed,11,905591,12,Bad,611202,1.00678656260604,1,719836,0,1,Home,1
35,645038,Business,11,683151,120,Average,42732,0.06624715714863752,1,225867,1,1,Home,1
59,2392454,Salaried,5,1217129,36,Good,696826,0.29125981470915857,1,1438265,0,0,Business,0
44,2035187,Business,15,1577599,180,Average,15386,0.007559989543963506,0,1301152,4,0,Education,0
39,2491427,Self-Employed,18,479077,24,Bad,203561,0.08170454855608912,1,707977,4,0,Car,1
35,2402790,Salaried,9,1665661,12,Bad,206360,0.08588345802860091,0,475022,1,0,Personal,0
46,1419752,Self-Employed,11,1340836,12,Average,474989,0.33455748992958634,1,553185,4,0,Home,1
57,965502,Business,0,1962129,60,Average,341772,0.3539833641117635,1,715290,3,0,Business,1
37,2487096,Salaried,12,1148640,120,Average,517188,0.20794846361038594,1,318935,0,1,Business,0
28,1915836,Business,3,251800,180,Average,609041,0.3178981301645182,0,1044146,5,1,Education,0
60,184567,Salaried,31,516409,120,Good,515503,2.7930247930302112,0,820924,1,0,Education,1
58,546538,Self-Employed,3,870484,180,Average,611184,1.1182806716446585,1,867897,4,1,Car,1
46,347592,Salaried,14,861095,24,Average,317399,0.91313403894785,1,1192034,0,1,Education,1
45,1011289,Business,22,1346069,36,Good,496232,0.4906920863451631,0,990234,5,1,Personal,0
39,885086,Business,5,1290298,180,Good,101659,0.11485763546408433,0,1077318,4,0,Home,0
56,399127,Self-Employed,27,858600,12,Average,334118,0.8371199214287146,1,900272,3,0,Car,1
39,1774339,Self-Employed,12,93200,60,Bad,648161,0.36529695548767427,1,36678,5,0,Business,1
45,148701,Salaried,16,399884,24,Average,519558,3.493954351656333,0,603756,0,0,Car,1
53,2014565,Self-Employed,12,791939,120,Bad,368819,0.18307615635327906,0,1276447,5,1,Home,0
29,835815,Self-Employed,7,1327146,24,Average,699338,0.8367128650324952,1,1393845,5,1,Car,1
48,346993,Salaried,17,1382876,120,Average,554144,1.5969843858971624,1,341902,5,1,Car,1
58,1621917,Self-Employed,5,1013116,36,Bad,490849,0.30263490509384566,1,1009106,0,1,Business,1
53,2399757,Business,18,1073079,180,Good,398409,0.1660204903994486,0,204342,4,1,Personal,0
22,930737,Salaried,1,1346129,60,Bad,495060,0.5319004918677437,1,358219,1,0,Home,1
32,1208769,Business,8,306961,120,Average,690902,0.571574410351018,1,1081819,4,1,Car,1
37,2359155,Self-Employed,7,1292923,60,Good,239393,0.10147400171925892,1,193608,0,1,Home,0
62,1540972,Business,31,276308,120,Average,495086,0.321281424139164,0,743640,5,1,Personal,0
25,2424037,Self-Employed,0,1652620,120,Bad,562270,0.23195593468419223,0,1496852,3,1,Personal,0
21,656022,Self-Employed,0,310310,60,Good,215438,0.3284000713389622,0,914989,0,1,Business,0
26,2305127,Salaried,2,245664,180,Good,10428,0.0045238268764250834,0,173718,3,1,Personal,0
48,1137809,Salaried,6,1002061,60,Bad,553264,0.48625341665128624,0,436718,3,1,Education,1
44,1291212,Salaried,6,1408862,60,Good,383574,0.29706485297158564,1,29563,4,0,Business,1
47,521202,Self-Employed,9,351308,12,Good,774342,1.4856821622285368,1,312757,0,1,Car,0
49,1735194,Business,5,925348,180,Average,532421,0.3068364074354756,1,1114323,4,1,Business,0
35,1325684,Business,14,454764,60,Good,672837,0.507539121284468,0,964431,0,0,Education,0
26,809679,Business,5,124592,36,Bad,725513,0.8960490564173501,0,1171764,5,1,Car,0
41,1174297,Self-Employed,4,330529,36,Average,615299,0.523971768665194,0,1328211,1,1,Business,0
60,2114450,Salaried,32,1913958,120,Bad,423589,0.20033048767741604,1,159532,4,0,Personal,1
38,954049,Business,15,1503055,120,Average,3856,0.004041716891148263,0,173839,5,1,Business,0
44,1447088,Business,0,80825,36,Average,473828,0.3274352855974995,1,870531,0,0,Car,0
53,1984137,Salaried,2,69556,36,Good,497452,0.2507144160335622,0,805448,0,1,Car,0
60,970090,Self-Employed,23,1300812,60,Good,345261,0.3559057861582058,0,436167,4,1,Home,0
30,1511427,Business,8,1821766,36,Bad,385736,0.25521295093117236,1,3914,2,1,Home,1
33,1512538,Business,6,290011,120,Bad,228471,0.1510513117347718,1,1084475,2,0,Business,1
60,669813,Business,33,1790502,12,Good,371929,0.5552720606018985,0,97403,4,0,Home,0
27,431121,Self-Employed,1,227859,24,Average,260916,0.6052022397372437,0,121223,5,0,Education,0
46,2499724,Self-Employed,13,852676,24,Good,291408,0.11657602336256988,1,37035,5,1,Business,0
56,305128,Business,14,208033,12,Average,746906,2.4478368165595534,0,7237,1,0,Car,1
61,1878724,Business,11,1517804,12,Average,430457,0.22912187786929966,1,483300,3,0,Education,1
45,1473454,Salaried,1,1973402,36,Good,153879,0.10443413609509622,0,828625,1,0,Personal,0
25,610206,Self-Employed,0,653316,12,Good,772908,1.2666324706206256,0,170945,0,1,Personal,0
60,445243,Self-Employed,26,603607,36,Good,307994,0.6917420560411819,1,1495780,0,1,Business,1
24,635499,Business,1,1993013,60,Bad,545822,0.8588859166011015,0,1204996,3,1,Business,1
45,511643,Business,18,455604,36,Good,600873,1.1743966507962569,0,850710,0,1,Car,0
56,276236,Business,16,1355457,60,Bad,255986,0.9266897627761669,0,67037,1,1,Business,1
43,1421424,Salaried,2,1073436,24,Good,54879,0.03860843871467014,1,700460,2,1,Home,0
22,767982,Salaried,0,133189,12,Bad,535964,0.6978852396472318,1,1139839,1,0,Personal,1
40,1375841,Business,14,1132919,180,Good,719212,0.5227431638225901,0,156480,1,0,Education,0
52,1904232,Self-Employed,28,53187,120,Average,511187,0.2684477162196013,0,1357106,3,1,Personal,0
64,1168457,Business,18,1275715,36,Average,341714,0.29244868022641807,0,1035735,0,0,Car,0
49,2371964,Salaried,28,1776271,180,Good,54914,0.02315126909545461,1,1317590,2,0,Home,0
24,2158198,Self-Employed,1,1974965,120,Bad,576332,0.2670430298596191,1,1087387,3,1,Home,1
40,1512667,Salaried,13,279962,12,Average,635113,0.4198627854889507,0,417015,1,1,Home,0
35,771592,Business,2,1224532,24,Good,379227,0.49148579626823985,1,339881,2,0,Personal,1
55,2422342,Salaried,29,1272551,36,Average,6132,0.002531433409719433,1,428621,2,1,Home,0
24,1602466,Self-Employed,3,987992,60,Average,187715,0.11714125782309402,0,277335,3,0,Education,0
31,750657,Self-Employed,8,1822337,12,Good,194626,0.2592738637302207,1,208468,2,0,Education,0
32,1624781,Self-Employed,9,537702,36,Good,164986,0.10154346860071074,1,545356,0,0,Business,0
38,383036,Salaried,12,676215,180,Average,728934,1.903038087704321,1,452766,0,1,Personal,1
52,1610167,Salaried,0,1541234,60,Bad,735267,0.4566399282559335,1,240594,3,0,Education,1
22,1224668,Salaried,0,1747948,36,Bad,611882,0.49963051240784245,1,487186,0,1,Business,1
48,764449,Self-Employed,4,1393967,24,Bad,482694,0.6314265157956701,1,727993,3,0,Car,1
51,557553,Self-Employed,20,1791448,120,Bad,796833,1.4291584312909602,1,381729,3,0,Car,1
55,1310661,Self-Employed,10,1353299,120,Good,154254,0.11769167031622188,1,28784,2,0,Home,1
44,226594,Business,22,1127486,12,Bad,113260,0.4998345064983782,0,234758,4,1,Personal,1
52,1581979,Self-Employed,11,271789,120,Bad,133241,0.08422420005309801,1,1250603,4,0,Car,1
53,1897683,Business,29,201416,60,Bad,468267,0.2467570997068005,1,429141,5,1,Car,1
49,2485844,Self-Employed,17,548356,120,Average,125039,0.05030040086972438,1,891913,2,1,Home,0
46,607281,Salaried,11,844861,24,Average,254595,0.4192368619521079,0,260425,0,0,Personal,0
59,1072057,Salaried,29,1302674,24,Good,233953,0.2182279316977253,0,571992,5,0,Education,0
62,891107,Salaried,3,154169,24,Good,680265,0.763392316082899,0,396357,3,1,Education,0
57,813533,Self-Employed,9,1994075,120,Average,34128,0.041950305703265016,1,524911,5,1,Education,1
21,236199,Salaried,0,1810634,24,Bad,22871,0.09682895850973751,1,1373413,4,0,Home,1
62,1453023,Business,17,247004,120,Good,620964,0.42735976831766026,0,54827,4,1,Home,0
38,940711,Salaried,13,1291774,36,Good,569497,0.6053893221304714,0,585988,4,1,Personal,0
51,381787,Salaried,16,1793692,60,Bad,369994,0.9691085104822572,1,400855,4,0,Home,1
38,623447,Business,5,1567996,12,Bad,725973,1.1644483581629903,1,93011,3,1,Business,1
31,1660154,Self-Employed,3,198072,60,Average,145164,0.08744002819013887,1,1108138,0,1,Home,0
25,2430877,Business,0,1688861,120,Average,417929,0.17192512335049312,1,410361,5,1,Business,0
51,1460172,Self-Employed,16,1038736,180,Good,581261,0.3980768032281106,1,477483,2,1,Home,0
21,582077,Business,0,613703,12,Bad,85676,0.14718989551228528,0,1033528,5,1,Home,1
54,1864776,Business,31,1488269,36,Average,499109,0.267650770038455,1,165887,2,1,Home,1
23,2476746,Self-Employed,0,170004,36,Good,298759,0.12062556248175531,0,50450,3,0,Car,0
61,955805,Salaried,4,1006027,180,Bad,446767,0.4674243518036087,1,721831,5,1,Personal,1
23,258639,Self-Employed,0,948436,120,Good,109285,0.4225371172285803,0,32378,2,1,Education,1
28,643928,Self-Employed,4,391296,180,Average,408056,0.6336971933241087,1,274068,2,0,Home,1
29,2182827,Self-Employed,6,231691,180,Good,626106,0.2868324943605268,1,118463,2,1,Home,0
48,660174,Self-Employed,19,1794860,24,Average,362162,0.5485848449274814,1,309665,4,0,Home,1
44,2390612,Salaried,1,1208662,60,Good,720567,0.3014151600447249,0,1023818,3,0,Education,0
24,2360546,Salaried,2,375351,12,Bad,489625,0.20742014456818694,0,1453457,1,0,Business,0
57,1108111,Self-Employed,11,1654584,60,Bad,206076,0.18597037122601326,1,116199,4,1,Car,1
39,347342,Salaried,10,951299,12,Average,328268,0.9450831022936982,1,129238,5,1,Education,1
51,2412780,Salaried,20,965024,24,Bad,76764,0.03181556883944295,1,1151644,5,0,Personal,1
39,2132237,Self-Employed,6,201382,12,Good,165480,0.07760859716410645,1,1177089,2,0,Business,0
52,1376825,Business,6,1251647,36,Average,743009,0.5396535219410441,1,625878,3,1,Personal,1
42,2044202,Self-Employed,8,66740,60,Bad,473218,0.23149266486743245,0,324629,3,1,Personal,0
45,1428897,Self-Employed,9,1243908,12,Good,342968,0.24002273080373826,1,584073,4,1,Business,0
60,255025,Self-Employed,19,1516236,60,Average,552165,2.1651321826009897,1,1182218,4,1,Car,1
56,1834328,Self-Employed,33,1582782,36,Bad,564797,0.307903871115814,0,1149844,2,1,Personal,0
45,2226454,Salaried,18,468174,180,Good,357970,0.16078025381155245,1,1140235,0,0,Personal,0
25,1902859,Self-Employed,2,176323,120,Average,181330,0.09529340046035967,0,545708,1,1,Car,0
48,657841,Self-Employed,15,1169115,180,Good,260175,0.39549770309588017,0,428842,3,1,Home,0
43,367541,Salaried,13,1246368,120,Good,478738,1.302539573708583,1,554954,3,1,Personal,1
30,728122,Business,6,449442,180,Good,243363,0.33423336441782503,1,1361523,0,0,Personal,0
42,1630209,Self-Employed,0,841975,36,Bad,7130,0.0043736696499224025,1,575506,5,0,Business,1
24,282258,Self-Employed,1,746382,180,Average,467957,1.6578993052480169,1,1316853,5,1,Home,1
33,713149,Business,2,187045,180,Good,517121,0.7251223445277992,0,1327981,5,1,Home,0
24,1381098,Salaried,0,155388,36,Average,656352,0.4752389220468627,1,431756,3,0,Personal,1
57,1917147,Business,26,1622312,180,Average,769693,0.4014781331436071,1,789381,5,1,Home,1
29,1456197,Business,6,352149,12,Average,209237,0.1436871908902498,0,1376321,4,1,Business,0
26,1278404,Business,3,1853659,180,Average,660837,0.5169230408203973,0,329095,1,1,Home,0
63,2203680,Business,38,1579118,36,Bad,1282,0.000581753892691365,1,212434,5,1,Business,1
51,2451164,Salaried,5,1429639,120,Bad,216001,0.08812177066823326,0,706134,3,1,Home,0
50,1349108,Salaried,5,1444733,60,Good,576870,0.42759332270409584,0,468398,3,1,Car,0
35,1717646,Salaried,4,896269,180,Bad,85050,0.04951541265463742,0,926925,2,0,Personal,0
31,2303763,Business,7,1825974,24,Good,245100,0.10639110603343051,1,1356330,2,1,Education,0
58,2303922,Salaried,36,594617,36,Bad,243040,0.10548963658941726,1,692057,3,0,Personal,1
59,2415687,Salaried,17,795254,60,Average,675725,0.27972362324936,1,673489,0,1,Home,0
41,1477078,Business,3,1607705,24,Good,55434,0.03752947540382065,0,1316691,2,0,Business,0
21,1471774,Business,0,1590225,36,Bad,7272,0.004940972635083488,0,1350576,4,1,Business,1
54,1670595,Salaried,26,1118532,12,Bad,582448,0.3486468302330426,1,1465474,1,1,Car,1
61,561664,Salaried,15,1384457,24,Average,166434,0.2963225410164422,0,244111,0,0,Home,0
51,546389,Salaried,28,969915,120,Good,551891,1.0100679002177932,0,622271,5,1,Personal,0
55,1897794,Self-Employed,31,421695,12,Bad,469261,0.2472664328865868,0,1092487,2,1,Car,0
34,1684618,Self-Employed,1,1617330,12,Bad,601816,0.3572416077463213,0,817359,3,0,Personal,1
47,2393993,Business,17,1639063,120,Bad,799366,0.3339047633369173,0,1026416,5,0,Business,0
58,499374,Self-Employed,8,1663883,12,Average,674089,1.3498653316645808,1,1292346,4,1,Education,1
57,2262761,Self-Employed,28,315179,12,Good,461076,0.20376690080529902,0,350816,2,0,Business,0
46,1096078,Self-Employed,1,1532379,12,Average,696608,0.6355454305757158,1,875470,4,0,Education,1
21,2190979,Business,0,588651,24,Average,144061,0.06575185533414271,1,965364,5,1,Education,0
32,224826,Business,5,1513410,36,Good,222227,0.9884355526693858,1,1459796,3,0,Personal,1
40,2187641,Salaried,12,210096,36,Average,672881,0.3075827763409187,1,666113,1,1,Home,0
46,1914720,Salaried,9,81325,120,Bad,156407,0.08168657470200619,1,664896,5,0,Home,1
28,2487296,Self-Employed,5,1441497,36,Average,683551,0.2748167991196869,1,228914,0,0,Car,0
60,323075,Self-Employed,11,1622860,36,Average,329502,1.019890056828734,1,211207,5,0,Education,1
36,1332851,Self-Employed,9,1806237,60,Bad,460299,0.3453489209604667,0,565699,5,0,Personal,0
24,1773557,Self-Employed,2,1745649,60,Average,424787,0.23951119726560957,0,649873,3,0,Personal,0
62,507002,Business,1,1618632,24,Bad,269583,0.5317187472263478,1,880341,1,0,Home,1
32,1996134,Salaried,7,1630375,120,Average,453106,0.22699166138562774,1,1071250,4,0,Personal,1
38,481556,Business,16,650954,120,Average,543526,1.1286846624594804,0,64333,2,1,Personal,0
23,1236972,Salaried,2,1274120,60,Average,24285,0.019632603136851008,0,151301,5,1,Business,0
51,189141,Business,20,1175689,12,Average,548805,2.9015501580822876,1,769948,5,1,Business,1
31,1804911,Self-Employed,5,722571,180,Good,731814,0.40545688654072887,1,1370245,5,0,Education,0
63,2200216,Self-Employed,35,1475792,12,Bad,320085,0.1454788323151762,0,1409032,4,0,Car,0
28,1575055,Business,2,1292759,12,Good,282251,0.17920061254964903,0,477226,0,1,Home,0
51,1437650,Salaried,28,788522,24,Average,796631,0.5541198802769239,0,565360,3,0,Business,0
24,524950,Salaried,3,1109687,120,Average,436469,0.831447125541241,1,1310265,4,1,Education,1
21,254504,Salaried,0,721434,60,Good,620587,2.4384078898253474,1,1086782,0,0,Business,1
58,1846972,Self-Employed,8,1902741,180,Good,65843,0.03564914051261172,0,318351,1,0,Car,0
56,355112,Self-Employed,6,1521778,180,Bad,237431,0.6686068941435543,1,548381,4,1,Home,1
49,488000,Business,8,160520,36,Average,513279,1.051799074182225,1,25443,0,1,Business,1
44,891072,Salaried,5,1647557,180,Bad,35294,0.03960842714345514,1,514506,0,1,Home,1
23,1644755,Self-Employed,1,1838361,12,Average,306918,0.18660397043695234,1,994751,4,0,Home,1
38,2184786,Self-Employed,0,1081101,12,Good,756373,0.3461998812698904,1,310636,4,1,Business,0
44,917955,Self-Employed,17,1430299,36,Bad,166499,0.1813801532971079,0,463993,3,1,Business,0
25,925542,Salaried,0,1930606,180,Average,659465,0.7125168684761269,1,110748,3,0,Business,1
41,1017164,Business,5,70382,12,Average,98440,0.09677879203472396,0,1069746,2,0,Business,0
31,1024952,Business,0,1526884,180,Average,503467,0.4912098408414825,0,1221987,4,0,Business,1
26,1077056,Business,3,1388234,24,Good,737490,0.6847269921647601,0,1059158,0,0,Education,0
31,2338394,Self-Employed,6,1340747,180,Average,483559,0.20679098270394866,1,672547,1,1,Business,0
40,1973539,Self-Employed,19,1703529,120,Average,67259,0.03408038347335245,1,127362,2,1,Personal,1
24,2245489,Salaried,3,910562,120,Average,431579,0.1921981393816049,0,206417,5,0,Personal,0
63,644557,Business,28,1705938,180,Bad,514760,0.7986247940449114,0,318311,4,1,Personal,1
49,1725608,Business,4,449988,36,Bad,239551,0.13882113503116872,1,956330,2,0,Education,1
64,1542898,Business,12,655401,12,Good,528451,0.34250524499659407,1,568038,4,1,Education,0
27,1228071,Self-Employed,5,1964839,36,Good,603561,0.49147036981545056,0,1321573,4,0,Car,0
54,1220974,Self-Employed,7,1478884,24,Bad,430167,0.35231433895042896,1,682613,4,1,Home,1
35,1558968,Self-Employed,13,153512,180,Good,696306,0.44664518665861863,1,76652,4,0,Personal,0
48,231590,Business,7,306414,180,Good,8646,0.03733305698407969,1,1363506,0,0,Education,1
55,666295,Self-Employed,21,1095126,120,Bad,387892,0.5821616818951337,1,840923,1,1,Personal,1
63,2333026,Business,21,1820120,60,Good,319231,0.13683124970263955,0,789255,5,0,Home,0
50,1536567,Self-Employed,25,438990,12,Bad,765790,0.4983769022913402,0,986974,3,0,Home,0
25,560016,Business,3,132186,36,Average,357166,0.63777706748188,0,149336,4,0,Car,0
56,1095532,Salaried,10,896148,60,Average,720760,0.657908068492688,0,461389,5,1,Business,0
23,2172849,Salaried,2,166639,12,Average,288165,0.13262075154750674,1,688039,3,1,Personal,0
41,1262112,Self-Employed,6,1591105,24,Good,138851,0.11001471342106452,1,1095945,4,1,Business,0
60,314220,Salaried,16,458184,180,Good,447220,1.4232657906377995,0,831811,1,1,Home,1
45,1511273,Self-Employed,12,243611,60,Bad,313748,0.2076049743461477,1,454554,5,0,Business,1
30,1062464,Business,8,1892544,24,Bad,2217,0.0020866569722296736,1,475282,5,0,Home,1
27,1340687,Business,3,777491,60,Average,224721,0.16761617915577673,0,1173215,1,1,Personal,0
59,1051370,Salaried,36,1117764,60,Bad,581019,0.5526298518791178,1,1107505,1,1,Car,1
57,2237700,Salaried,12,1989093,180,Good,160243,0.07161055029246535,1,756870,1,1,Personal,0
34,1917464,Self-Employed,9,272084,60,Good,590483,0.30794981916227937,0,1318525,0,0,Personal,0
32,1071230,Salaried,3,1141294,24,Average,431824,0.4031100668296567,1,514703,0,1,Education,1
30,1239733,Business,0,1553845,60,Good,496410,0.4004165409676592,1,92550,2,1,Personal,1
61,2422155,Self-Employed,32,1781192,180,Average,794508,0.3280168577085869,1,296052,1,1,Business,1
23,2156490,Self-Employed,0,530059,60,Bad,532461,0.24691083802343713,1,170075,4,1,Car,1
55,855079,Business,12,1686405,24,Good,429707,0.5025342657996913,1,613520,5,1,Car,1
33,1977580,Salaried,5,52164,24,Good,368786,0.18648338550987292,1,1290199,2,1,Education,0
41,1231515,Business,15,1250546,36,Bad,103533,0.08406955329853612,0,1473524,2,1,Home,0
58,2335440,Self-Employed,33,356742,120,Average,660556,0.28283994329122425,0,117005,1,1,Home,0
41,338762,Self-Employed,18,1204729,36,Good,184561,0.5448086125108114,1,348093,2,1,Education,1
51,1076049,Salaried,13,1253063,60,Bad,529860,0.49241206263649456,0,1263760,4,0,Car,1
34,1517406,Self-Employed,8,1202302,120,Average,262105,0.1727321674409041,0,462928,2,1,Education,0
47,1274118,Self-Employed,25,1943060,12,Good,326273,0.25607733657531206,0,937551,5,1,Car,0
31,1872802,Business,5,486580,12,Good,372160,0.19871817804648967,0,114400,1,1,Car,0
23,1567608,Salaried,2,1267097,120,Good,648147,0.4134621579743418,1,1375882,3,1,Education,0
52,2355882,Salaried,4,902821,36,Good,590071,0.2504670223436393,0,387203,4,0,Car,0
26,273948,Self-Employed,1,1961039,180,Bad,435585,1.5900222304151503,1,470715,0,1,Car,1
52,2215419,Business,25,1697577,180,Good,455653,0.2056734163273781,0,1103509,1,1,Car,0
43,315715,Salaried,15,596038,120,Bad,452492,1.4332247969694283,0,933677,3,1,Personal,1
33,2107360,Self-Employed,10,625757,36,Average,23257,0.01103607782434998,0,1300821,5,1,Business,0
21,1831418,Self-Employed,0,1511051,24,Good,192048,0.10486295053180075,0,94543,3,0,Home,0
49,532438,Business,4,1662884,24,Average,630391,1.1839684921652998,0,714623,1,1,Home,0
56,481002,Business,7,1270341,36,Bad,355545,0.7391741839447987,0,840185,0,0,Home,1
62,1626054,Self-Employed,21,1934348,12,Bad,312736,0.1923280577840233,0,296132,5,1,Business,0
32,1575739,Salaried,11,683652,12,Good,796685,0.5055941970121974,0,1471430,3,1,Education,0
36,947009,Salaried,0,1836467,60,Average,469453,0.4957212701027444,1,27501,3,1,Business,1
52,964492,Salaried,21,1533433,24,Average,208239,0.21590514394609395,1,564220,4,1,Car,1
50,559875,Salaried,0,922621,12,Average,506760,0.9051289928484164,1,1426930,5,0,Business,1
36,1891545,Self-Employed,13,209223,24,Average,199092,0.10525358621994918,0,509962,5,1,Personal,0
63,2482680,Salaried,0,1049946,120,Good,354545,0.14280731193415505,1,998384,3,0,Personal,0
42,2051262,Self-Employed,13,843927,60,Good,92270,0.044982042770722236,0,1263904,0,1,Education,0
30,281899,Business,3,1098278,24,Bad,738994,2.621475700603051,0,1142426,0,1,Education,1
53,545341,Business,19,1735580,180,Bad,483530,0.8866546130684965,0,822098,4,0,Personal,1
52,168332,Business,27,1845285,180,Bad,162232,0.9637563638739879,0,656914,3,1,Personal,1
44,1496927,Salaried,8,1877506,60,Average,237650,0.15875847068128862,0,95256,0,0,Education,0
64,2304385,Business,2,1285838,180,Average,419812,0.18217954804446823,0,1203170,5,1,Home,0
44,1415415,Business,17,142516,180,Bad,795906,0.562312422637585,0,274184,1,1,Personal,0
22,1408597,Salaried,0,1600114,12,Average,383449,0.272220321198809,0,1030897,5,0,Car,0
48,2258442,Business,20,1013542,24,Bad,361975,0.1602763496798458,1,1028183,3,1,Business,1
23,1008431,Self-Employed,0,485347,24,Average,43513,0.043149166230345724,0,1309317,3,0,Education,0
34,1432936,Business,0,289723,120,Good,71872,0.050157124842194735,1,1155923,5,0,Education,0
60,930526,Self-Employed,27,1659227,120,Good,317152,0.3408305186200938,0,785570,3,0,Home,0
24,1222729,Self-Employed,1,683596,36,Good,668446,0.5466832415987176,1,242867,3,1,Car,1
21,1257412,Salaried,0,471953,24,Good,565774,0.4499508117062572,1,1475008,4,0,Business,0
57,1217670,Salaried,10,1302057,24,Good,334377,0.2746037312213233,0,1439069,4,0,Education,0
34,1576372,Business,4,717934,120,Good,50942,0.032315955678002606,0,373153,1,1,Personal,0
51,1178970,Self-Employed,17,536660,36,Good,763408,0.6475205921095599,0,788682,4,0,Personal,0
58,470586,Salaried,36,1677863,36,Average,702256,1.4922979172820328,0,670376,5,0,Car,0
22,2490672,Salaried,0,263889,60,Average,427722,0.1717294883752303,1,603680,0,0,Business,0
45,1214277,Self-Employed,10,1994602,36,Good,297415,0.24493155603576774,1,611358,2,1,Personal,0
64,2065256,Salaried,4,1125790,120,Average,166401,0.08057157051156345,1,889230,3,0,Personal,0
23,388905,Self-Employed,2,1153177,24,Good,126553,0.3254076820619893,1,614537,4,1,Personal,1
41,149153,Self-Employed,11,459631,24,Bad,533021,3.5736285986296044,0,904576,4,0,Home,1
32,1293547,Business,2,1214247,60,Average,276903,0.21406472740091592,0,217132,3,1,Home,0
30,2229847,Business,8,1869112,60,Average,600081,0.26911296195973894,1,313016,2,1,Personal,1
63,1069324,Self-Employed,15,1146589,60,Average,798216,0.7464671638650551,1,1113288,2,0,Personal,1
25,1553838,Salaried,4,1030490,12,Bad,24466,0.01574551803629591,1,758079,5,0,Business,1
30,913052,Salaried,4,817441,180,Good,466674,0.5111138126702393,0,447222,1,0,Education,0
62,1840875,Business,34,1462757,24,Average,324887,0.17648499953283112,0,462027,3,0,Personal,0
55,487921,Business,18,165684,24,Good,787277,1.613530441341034,1,817110,5,0,Personal,0
60,2238639,Salaried,10,1366233,60,Good,585130,0.2613774434478076,1,664004,2,1,Home,0
50,1277332,Business,16,1253168,12,Bad,709229,0.5552420551257973,0,1220486,3,1,Personal,1
36,1946660,Self-Employed,2,223292,180,Bad,797394,0.4096213978705075,0,1244754,0,0,Personal,0
31,1910458,Self-Employed,2,647820,180,Bad,278977,0.1460261643929548,0,264057,5,1,Personal,0
46,1749940,Business,16,101697,36,Bad,224438,0.12825460972684222,1,1119439,5,1,Business,1
28,1554520,Business,7,269474,24,Bad,568466,0.3656856356395314,1,767995,3,1,Education,1
29,1227804,Self-Employed,4,126057,60,Average,405917,0.330603801092193,0,1300045,0,0,Home,0
55,2107402,Self-Employed,3,514499,12,Average,348320,0.16528400120907108,1,1003774,5,1,Car,0
48,572602,Business,3,1949824,12,Bad,482009,0.841785670001729,0,1193949,5,1,Home,1
25,1895489,Business,0,1448598,12,Good,596671,0.3147845675788319,1,1385236,2,0,Home,1
42,1930290,Self-Employed,15,1711573,24,Bad,184824,0.09574929375933473,0,876407,0,0,Education,0
59,914664,Self-Employed,34,1280615,12,Good,168118,0.18380281305177307,1,88827,0,1,Education,0
49,2209097,Salaried,14,514345,180,Average,438759,0.19861454765700753,1,193087,4,0,Education,0
49,1620769,Self-Employed,17,1455825,60,Bad,440728,0.2719250726506537,0,894461,4,1,Car,0
51,1648840,Salaried,26,378792,60,Bad,66648,0.04042112004735447,0,108762,1,0,Education,0
50,362068,Self-Employed,27,828013,24,Good,720938,1.991161905603628,1,241113,5,1,Car,1
22,1052995,Business,0,1345187,36,Average,556632,0.5286173926586616,1,865324,0,1,Personal,1
22,608965,Salaried,0,896258,60,Good,317302,0.5210504363133573,1,142632,4,0,Business,1
63,1621252,Self-Employed,24,1805703,180,Bad,410112,0.25295990200172336,1,284641,2,0,Personal,1
37,2430303,Self-Employed,1,1890576,12,Bad,369377,0.1519879817504312,0,1353991,4,1,Car,1
64,2438536,Business,27,912354,180,Good,284087,0.11649894998517554,0,1387923,1,1,Business,0
62,1909111,Business,34,1354466,12,Bad,148688,0.07788333005082991,1,4967,1,1,Car,1
27,507994,Business,6,943213,12,Bad,647190,1.2740086024468744,1,1437267,1,0,Personal,1
34,1088111,Salaried,10,639374,120,Average,129174,0.11871388239445939,1,1492981,4,0,Personal,0
30,2443374,Business,9,1233318,120,Bad,75073,0.03072512405995805,1,21028,4,1,Car,1
60,2461861,Salaried,37,457471,180,Average,152913,0.0621127423064331,0,667938,3,0,Education,0
62,2410868,Self-Employed,24,1002105,60,Good,785558,0.32584018459733816,1,507802,2,1,Home,0
47,1100187,Salaried,24,415649,60,Average,684195,0.6218891680330998,1,807841,4,0,Education,1
50,1892117,Self-Employed,23,1095614,36,Bad,204445,0.1080508720914869,1,60965,3,0,Car,1
26,2290213,Business,2,632606,36,Good,680910,0.29731282753489413,1,1085663,5,1,Car,0
62,214266,Self-Employed,7,1870131,12,Good,356757,1.6650114109965604,0,508517,3,0,Home,1
44,2345172,Business,16,842470,180,Good,2775,0.0011832815745362922,1,67819,3,1,Home,0
24,2348975,Business,3,1519534,60,Good,48736,0.020747764132115442,1,1241905,2,1,Education,0
30,687384,Business,4,999132,180,Good,739653,1.0760389010525397,0,76061,3,0,Business,0
36,1329415,Salaried,15,1478618,60,Average,229109,0.17233807927691558,0,1027450,0,0,Car,0
42,1873489,Business,3,900259,60,Good,581513,0.31039023426866436,1,507055,4,1,Personal,0
30,394788,Business,9,653451,180,Bad,499349,1.2648503377753686,0,1013834,2,1,Car,1
29,544846,Salaried,5,121410,24,Good,782335,1.4358801645232515,0,1311826,4,0,Home,0
26,1921899,Salaried,4,560082,60,Average,318473,0.1657073729122223,1,825219,0,0,Education,0
54,667043,Self-Employed,32,296203,180,Average,172646,0.25882250646134286,0,552644,4,1,Car,0
33,915559,Business,0,914637,12,Average,666238,0.727683603477653,0,1483273,1,0,Personal,1
22,482324,Salaried,0,1887213,180,Good,24401,0.050590369564090604,0,1081890,1,1,Education,0
59,2272514,Salaried,5,146867,24,Bad,684879,0.3013749084164461,0,1399370,0,1,Personal,0
39,999803,Business,7,1872075,24,Bad,436173,0.4362585066673068,0,942425,0,1,Home,0
30,2062047,Business,9,884371,120,Average,433691,0.21032051630223933,1,1284995,4,0,Car,0
33,338251,Salaried,12,223398,60,Bad,727308,2.150195712072656,1,1141541,1,1,Education,1
55,2188299,Business,29,108989,12,Good,40708,0.01860256820362839,1,1338881,1,0,Personal,0
50,274722,Self-Employed,22,1291097,24,Bad,75387,0.27441095212268357,1,670952,2,1,Education,1
27,1658289,Salaried,1,1334193,120,Average,425904,0.2568332438837598,1,1150240,4,0,Education,1
31,1172051,Business,0,1617521,60,Average,576817,0.49214284007876785,0,1332145,0,0,Business,1
27,2009160,Self-Employed,1,1455849,36,Bad,236673,0.11779693115683611,1,767748,0,0,Education,1
22,891187,Self-Employed,1,1101038,60,Average,281760,0.3161622463498162,0,43627,5,0,Business,0
34,414158,Business,0,174024,120,Average,611038,1.475370570239932,0,237482,3,0,Education,0
41,1895388,Business,8,1176847,120,Good,274686,0.14492328487714132,0,1409326,3,0,Personal,0
29,1362141,Salaried,0,1067267,36,Good,105334,0.07732967634798721,1,168615,5,0,Home,1
52,1483511,Business,19,935879,60,Good,498064,0.3357330442894968,1,865164,1,0,Personal,0
34,1929953,Salaried,11,1833381,60,Bad,27092,0.014037640275364076,0,1299324,1,0,Personal,0
62,2347132,Self-Employed,38,200913,12,Bad,559800,0.23850374052088227,1,18737,0,1,Home,1
36,1314337,Business,10,792610,36,Bad,528254,0.40191640202139783,1,1439422,5,0,Business,1
27,1362778,Salaried,5,1301519,180,Average,369232,0.27094048264612236,1,1100680,3,1,Home,1
28,1443905,Business,0,1857151,12,Good,535094,0.3705878360502692,1,673615,2,0,Business,1
51,606506,Self-Employed,25,1265464,180,Average,355741,0.5865406334963982,0,205516,4,1,Business,0
34,1548480,Salaried,5,1905125,36,Average,332144,0.21449665833807455,1,1370838,5,1,Business,1
34,701017,Business,10,499685,60,Good,220933,0.31516023839616103,1,1461054,4,1,Business,0
30,693822,Salaried,2,491694,180,Average,617252,0.8896390001484529,1,660428,0,0,Home,1
25,2175164,Self-Employed,3,1822486,120,Average,380814,0.175073615105061,1,299086,4,0,Business,1
43,450784,Business,11,1112593,24,Good,304817,0.6761915325487761,1,783694,0,0,Personal,1
48,1146612,Salaried,9,1516113,24,Bad,321685,0.28055237468962935,1,1308376,3,1,Personal,1
27,1869565,Business,6,274318,36,Good,347428,0.1858335036045799,1,1089760,0,0,Education,0
26,2183966,Business,1,1998523,60,Average,211190,0.09670017907779742,0,364517,4,1,Business,0
56,474517,Self-Employed,28,1869594,12,Good,356228,0.7507154628486169,0,574656,2,1,Home,0
59,1813105,Business,9,1253273,24,Average,78448,0.04326718901156358,1,117399,5,0,Education,0
41,1884768,Self-Employed,11,1624168,120,Good,575070,0.3051143137434879,0,315376,3,1,Education,0
35,1578588,Salaried,2,1873795,36,Average,70672,0.04476909442546476,0,1495843,2,1,Home,0
60,2332758,Self-Employed,8,90353,120,Bad,177593,0.07613002457604921,0,1119733,1,0,Car,0
36,2174332,Self-Employed,15,1937387,60,Good,787259,0.3620691954728186,0,806047,1,1,Home,0
38,1145684,Business,0,845318,120,Bad,511183,0.4461811056267648,0,423008,4,0,Business,1
55,2280566,Salaried,26,1759459,12,Good,140510,0.06161187108293683,1,237967,4,0,Car,0
34,1478879,Self-Employed,7,1815864,60,Bad,590111,0.3990256139781456,1,1326516,3,1,Car,1
22,1988216,Business,0,710245,36,Average,218084,0.1096882281964192,0,1410292,3,1,Car,0
37,2100645,Self-Employed,16,377865,12,Bad,86177,0.04102404688843337,0,1010886,4,1,Education,0
37,1800839,Business,0,1223916,120,Average,623736,0.34635836609582193,0,1200196,4,1,Education,0
43,1759034,Self-Employed,21,1574244,36,Bad,489056,0.27802516720815673,1,845657,1,1,Car,1
62,1068124,Business,34,1407851,24,Average,385593,0.3609998829724985,1,1272582,3,0,Education,1
49,1959138,Self-Employed,27,205398,12,Bad,314837,0.16070171641726289,1,3386,3,0,Car,1
30,2244151,Salaried,1,328293,36,Good,797159,0.35521613509245364,0,257519,2,1,Business,0
63,1296874,Salaried,32,1586353,60,Average,274291,0.21150149397590362,0,148434,3,1,Personal,0
30,1586770,Business,4,1116474,60,Good,599563,0.3778509942518486,1,541065,2,0,Education,0
36,395680,Salaried,12,1653453,36,Average,131493,0.33232073311581806,1,760080,5,0,Car,1
45,379230,Business,9,610832,180,Average,610598,1.61009516627069,0,385299,0,0,Car,1
63,472449,Self-Employed,0,1045638,12,Average,356971,0.7555741348290824,1,1077170,4,1,Personal,1
32,2413350,Business,7,271421,24,Good,630379,0.2612048558208068,0,85640,1,0,Car,0
62,2268888,Business,37,545437,36,Good,458742,0.20218794308580101,0,850175,0,0,Business,0
47,1129835,Self-Employed,18,1228425,180,Bad,497560,0.4403824979908588,0,1229939,5,0,Home,0
49,2197147,Self-Employed,28,1211323,120,Average,436152,0.19850824796508929,1,178764,4,0,Home,0
48,2489346,Self-Employed,10,268753,180,Good,276408,0.11103634808646605,0,1004744,0,0,Personal,0
46,1414040,Salaried,0,1467044,120,Good,489535,0.3461957609432824,1,1095748,3,1,Education,1
37,2281959,Self-Employed,5,1950160,24,Average,153361,0.06720582306438325,0,837699,5,1,Personal,0
25,570720,Business,1,1533510,180,Bad,494268,0.866041375733502,1,1021213,5,1,Car,1
37,2421659,Business,5,1256200,180,Bad,135416,0.05591866736040567,0,1389658,3,1,Personal,0
27,228025,Business,0,355353,24,Good,2892,0.012682764246182452,0,1055263,5,0,Personal,0
53,2450982,Business,19,1063592,12,Good,690299,0.2816416923332394,0,516725,3,1,Car,0
42,2300095,Salaried,11,927743,180,Average,738997,0.3212896331283564,0,1498147,4,0,Car,0
34,969151,Salaried,1,462220,24,Bad,353642,0.3648983853925906,0,1119338,5,0,Car,0
45,363138,Business,22,633240,120,Average,220187,0.6063435764266576,0,741912,2,1,Education,1
21,2183566,Self-Employed,0,491642,120,Good,29735,0.013617626571568448,0,1024463,0,1,Business,0
55,2118599,Salaried,6,1561188,36,Average,600098,0.283252147644671,1,666086,4,0,Car,1
53,1421220,Business,17,75916,180,Average,604114,0.4250668967036091,1,526665,3,1,Education,0
50,1479724,Business,28,1042736,12,Good,51267,0.03464630252242815,0,1283344,2,1,Car,0
59,1082488,Salaried,38,1260508,120,Average,352440,0.325582985138879,1,730777,4,1,Car,1
39,683280,Salaried,17,1362285,120,Good,124542,0.18227054462219788,1,1113776,1,0,Personal,0
41,601458,Self-Employed,14,1682264,36,Bad,307421,0.5111254466222968,0,922460,5,0,Home,1
39,1020203,Self-Employed,16,1412123,12,Average,399886,0.39196670469827605,0,584132,1,1,Business,0
23,622020,Business,1,75608,12,Bad,767191,1.2333844034204633,0,1029018,0,1,Car,1
40,853996,Salaried,8,1009809,120,Average,172822,0.20236839239482107,1,89185,4,0,Personal,1
49,1915882,Business,27,296946,180,Average,103581,0.054064366143444044,0,209033,1,1,Business,0
21,1504197,Self-Employed,0,266261,12,Good,771754,0.5130667638169975,1,1032894,0,1,Home,1
25,1780440,Salaried,1,1557866,24,Bad,331892,0.18640999617510493,1,1264507,5,0,Personal,1
63,1791951,Self-Employed,25,792892,24,Good,390500,0.21791878353884478,1,949659,3,0,Education,0
50,652349,Self-Employed,25,282908,36,Average,286552,0.4392611328274699,1,1282476,2,0,Car,0
39,1579980,Business,10,336831,12,Bad,417430,0.26419937961279283,1,127757,1,0,Car,1
54,1930791,Self-Employed,22,66551,180,Average,150777,0.078090752395908,1,749375,5,1,Personal,0
41,791162,Self-Employed,19,506607,36,Average,517965,0.6546880984070287,0,1452823,5,1,Car,0
38,993326,Self-Employed,15,218333,24,Bad,765673,0.770816659569306,1,1059476,1,1,Education,1
25,998463,Salaried,2,1557414,120,Bad,272102,0.27252059162874176,1,273527,2,1,Business,1
64,1155839,Business,29,1385977,12,Good,700536,0.6060838870431894,0,602608,3,0,Car,0
58,2356550,Self-Employed,4,322581,24,Average,105264,0.04466867044252384,1,1494733,2,0,Education,0
57,934209,Salaried,30,1607613,120,Bad,691393,0.7400830648355294,0,892249,0,1,Personal,1
29,2167327,Business,4,1390023,36,Good,323010,0.14903604807394175,0,154654,2,0,Home,0
26,931453,Self-Employed,4,1460440,180,Bad,119733,0.1285441900512532,0,18289,2,1,Education,1
39,1226249,Salaried,4,319926,180,Average,628694,0.5126964322120285,1,249157,1,0,Business,1
41,1109070,Business,9,1461589,24,Good,133655,0.12051076982447471,1,567520,3,0,Car,0
48,1190811,Self-Employed,9,166502,36,Bad,331598,0.27846377093949337,0,538157,4,0,Business,0
34,1369071,Self-Employed,13,1296406,60,Bad,373758,0.27300098168686526,1,202354,3,1,Home,1
38,1804046,Salaried,16,572430,12,Good,407648,0.22596307080691358,1,59895,5,0,Home,0
63,794110,Salaried,25,1028638,36,Good,88209,0.11107892977178253,0,51527,2,0,Education,0
34,965438,Business,0,1259213,24,Good,461552,0.47807474112812925,0,525568,4,1,Car,0
55,2038546,Salaried,10,1029062,36,Bad,450174,0.22083081724385065,1,1257058,1,0,Home,1
23,2356046,Business,2,733763,24,Bad,636776,0.27027304633566307,0,451775,3,1,Business,0
22,277853,Self-Employed,1,1057876,120,Average,254341,0.9153764207101571,0,409589,3,1,Education,1
24,1513047,Salaried,3,645096,180,Bad,473369,0.3128578868614875,1,336438,5,1,Car,1
63,2382971,Self-Employed,32,1514340,36,Average,485334,0.20366752106193442,0,1462014,4,1,Car,0
57,2061604,Salaried,20,1138140,120,Bad,79850,0.038731958837895715,1,44404,0,0,Car,1
64,1052037,Self-Employed,42,1041563,60,Bad,249276,0.23694581374437046,0,217573,5,0,Car,0
57,507215,Business,6,496189,120,Good,543360,1.071259581716665,1,1073844,3,1,Car,1
64,772866,Business,42,1032259,12,Bad,794278,1.0277033435248237,1,169225,2,1,Business,1
34,2353678,Business,5,299510,36,Average,96236,0.04088747870886387,0,1078254,1,1,Education,0
55,1279599,Business,24,1415472,180,Average,56183,0.04390668959049703,0,1039648,2,0,Education,0
58,648714,Business,2,1898059,36,Bad,399205,0.6153780936158405,1,1285440,0,0,Education,1
52,158275,Self-Employed,22,1628646,12,Good,215370,1.3607243043796913,1,1204885,5,0,Personal,1
53,1793768,Salaried,12,1183908,180,Good,70859,0.039502856833850956,1,159670,2,0,Personal,0
46,524470,Self-Employed,20,1785488,180,Average,645224,1.2302377061839453,1,1083704,5,0,Home,1
47,1766518,Business,7,491594,36,Bad,375265,0.21243190704430578,1,781137,3,0,Personal,1
21,1163639,Salaried,0,1483268,24,Bad,272683,0.23433622082430994,1,1262095,5,0,Education,1
43,133467,Self-Employed,17,96436,60,Average,677391,5.0753064404951,0,1025281,5,1,Home,1
63,1394945,Salaried,31,249887,24,Average,522484,0.3745550006953674,1,184240,2,0,Education,0
51,2106400,Salaried,20,261090,180,Bad,396655,0.18830934850486683,1,540236,3,1,Home,1
39,1104930,Business,2,398285,120,Average,798624,0.722781784563923,0,1434580,3,0,Business,0
31,1951747,Business,3,1717982,60,Good,98275,0.05035229957965885,1,336599,1,1,Personal,0
35,1176150,Salaried,11,1501098,60,Good,722573,0.6143539392475966,0,34811,4,1,Home,0
22,319722,Self-Employed,0,1359839,24,Average,701781,2.194965642133972,0,660213,3,1,Car,1
52,1458182,Self-Employed,21,1483706,12,Bad,227713,0.15616215523017343,0,793031,5,1,Business,0
41,1360573,Business,2,339361,120,Good,612680,0.45030994271535396,1,531696,1,0,Home,0
62,1862249,Business,16,1207607,180,Bad,197523,0.10606685461135723,1,1392901,2,0,Home,1
25,1024439,Self-Employed,1,1418022,36,Average,494560,0.4827613134981063,1,70439,3,0,Personal,1
59,1409138,Self-Employed,33,563168,60,Average,744217,0.5281359752302647,0,559028,2,1,Education,0
23,864594,Business,0,1929804,24,Bad,93425,0.10805637321520481,1,1404480,3,0,Personal,1
23,1100442,Business,2,793009,180,Good,488260,0.44369403958224096,0,1349040,4,1,Education,0
36,2301943,Self-Employed,6,1099150,36,Average,394317,0.1712973903796096,1,1040413,2,1,Personal,0
32,920751,Self-Employed,6,136384,24,Good,693973,0.7537024084661234,0,23909,5,0,Personal,0
36,2458242,Business,4,315894,120,Bad,734020,0.29859537889460075,1,1167870,1,1,Home,1
43,1311647,Business,9,242200,36,Good,293250,0.22357370270072457,0,1135386,2,1,Education,0
30,2075663,Self-Employed,7,1745446,24,Bad,186120,0.08966769188076683,0,675201,5,0,Home,0
57,418210,Self-Employed,6,1024158,120,Average,176404,0.42180621743569635,0,440163,4,1,Home,0
33,1346948,Salaried,6,560054,24,Bad,308393,0.22895670140443328,0,67692,5,1,Personal,0
63,1134144,Business,19,1056250,12,Average,48128,0.04243549105273135,0,986082,4,1,Business,0
27,211569,Self-Employed,4,846828,120,Average,691162,3.2668242189346315,0,1123400,1,0,Personal,1
21,932304,Salaried,0,1574669,60,Bad,283359,0.303933798488692,0,1315688,5,1,Personal,1
35,1666921,Salaried,11,696899,120,Good,688642,0.4131219097234304,0,779483,4,0,Personal,0
22,1857515,Business,0,334235,12,Average,710361,0.38242523886739066,1,1333176,0,1,Personal,0
27,1557463,Business,1,1317386,60,Bad,51290,0.03293174031630908,1,68605,1,1,Education,1
22,1519510,Self-Employed,1,1735807,120,Good,325225,0.2140326723531452,1,902677,0,0,Home,1
38,1175310,Business,8,397970,60,Good,778105,0.6620417914917839,0,1159278,1,1,Car,0
62,916931,Self-Employed,25,1746304,180,Bad,69193,0.0754614300733315,1,441557,4,1,Car,1
26,1019261,Self-Employed,0,1784122,60,Average,748322,0.7341802205909767,1,230093,3,1,Home,1
61,866603,Salaried,22,1352226,36,Average,645709,0.7451027228122649,1,884604,5,0,Business,1
42,1420153,Self-Employed,7,830776,36,Average,83001,0.0584450700416997,1,1104502,1,1,Education,0
54,1362178,Salaried,1,843430,12,Good,157735,0.115796088472954,1,38099,2,0,Car,0
63,1507614,Salaried,30,532940,36,Average,213835,0.14183660947921053,1,344977,3,0,Home,0
49,2216130,Business,16,1814606,180,Average,419884,0.18946713890108483,1,1400029,0,0,Home,1
39,1800319,Business,4,709175,120,Bad,440737,0.2448103670458585,0,195320,0,0,Home,0
59,1561515,Salaried,25,194628,120,Good,312151,0.1999025306176818,1,407319,4,0,Education,0
42,1839909,Business,21,985892,120,Average,399928,0.2173628057894136,0,1366685,0,1,Business,0
30,1368962,Self-Employed,6,867116,36,Good,794968,0.5807081710754783,0,353985,4,1,Business,0
47,2307149,Business,3,119831,120,Bad,350507,0.15192206835272956,1,1392218,3,0,Car,1
63,2297761,Business,27,1677287,12,Good,310143,0.1349761202422183,1,927989,4,0,Education,0
33,901878,Salaried,0,214125,24,Average,530021,0.5876852659835743,1,317778,5,0,Business,1
38,1422617,Self-Employed,14,618054,36,Average,484827,0.3407991463625513,0,640029,3,1,Education,0
40,1979940,Self-Employed,14,1185050,24,Average,215906,0.1090466837143127,1,933090,2,1,Home,0
22,1205747,Self-Employed,1,1115998,12,Average,678311,0.562564482794083,0,1077019,1,0,Car,1
42,1803868,Business,20,193175,60,Good,367573,0.20376923157945506,0,1117579,5,0,Home,0
22,693622,Self-Employed,0,1061837,60,Bad,172652,0.24891331458155222,0,845320,2,0,Personal,1
29,476823,Salaried,7,1680835,180,Average,500379,1.0493997785346376,1,954295,1,1,Home,1
63,1068852,Self-Employed,36,1962095,12,Average,428244,0.40065752727456444,1,31792,4,0,Home,1
38,618454,Salaried,0,1931967,180,Bad,25544,0.04130292422245758,0,370667,2,0,Personal,1
63,224421,Salaried,3,1971359,120,Good,450754,2.0085107520653054,1,702407,4,1,Business,1
22,817551,Business,0,346871,36,Good,296438,0.3625922265495039,0,1072799,0,1,Car,0
38,1715144,Salaried,2,227911,12,Average,307223,0.17912363094665465,1,131448,2,1,Education,0
48,1335759,Self-Employed,8,1495387,36,Average,472813,0.35396553273043063,0,412099,1,0,Education,0
24,1120010,Business,1,960366,36,Average,707511,0.6317000458031216,0,359106,0,1,Home,1
54,1359168,Salaried,4,108150,60,Bad,84403,0.06209897371114262,1,46686,3,1,Home,1
23,1946533,Self-Employed,0,1124503,120,Good,261002,0.13408550788221527,0,680461,2,1,Home,0
38,1407093,Salaried,7,1277424,60,Good,575107,0.408719673312515,0,52336,5,1,Home,0
40,1620760,Business,5,254036,12,Good,88781,0.05477735458836929,1,1136808,0,0,Home,0
59,610641,Self-Employed,19,1219002,12,Bad,763527,1.2503676458546906,0,1364505,5,1,Car,1
41,2330481,Business,16,495104,12,Bad,784574,0.33665739533710193,0,1368346,5,1,Car,0
56,1546378,Self-Employed,34,729205,24,Average,60197,0.03892771435721773,0,632873,1,0,Education,0
56,1786343,Business,0,1800903,180,Good,797269,0.4463132520947813,1,809739,3,1,Home,1
33,799256,Business,9,1074237,120,Good,56615,0.07083453757677442,1,1163117,0,1,Business,0
63,903175,Salaried,12,1650601,60,Average,161207,0.17848902096601327,1,1247760,3,0,Car,1
51,1041788,Salaried,15,1924141,60,Good,212891,0.20435136097616696,0,262496,2,1,Home,0
44,243739,Self-Employed,14,1399313,24,Good,200652,0.8232214654960204,1,700516,1,1,Car,1
60,1235282,Salaried,5,393185,120,Bad,782823,0.6337195606189027,0,1185288,0,1,Car,0
24,731453,Salaried,1,1124757,120,Bad,302218,0.41317430761196194,1,571318,5,0,Car,1
62,1748761,Self-Employed,10,1713047,12,Average,2292,0.0013106414709377263,1,119362,1,0,Home,1
38,2049753,Self-Employed,11,930126,36,Average,291108,0.14202094495241868,0,320217,3,0,Home,0
36,1978580,Salaried,6,91204,36,Good,200074,0.10111994404070392,1,208567,3,1,Home,0
49,1043449,Salaried,4,858311,12,Average,6319,0.0060558723465427185,1,569533,5,1,Car,1
59,1718655,Self-Employed,3,916627,180,Good,545946,0.31765868213301557,0,588001,0,1,Home,0
60,1451665,Self-Employed,29,909104,12,Bad,534969,0.3685207203309852,1,441043,5,0,Car,1
56,1454509,Salaried,4,79563,12,Good,152802,0.10505393568968244,0,1258898,3,0,Car,0
46,167358,Salaried,18,1547738,120,Good,699700,4.1808328204637935,1,955208,3,0,Education,1
47,839862,Business,25,1955018,60,Average,42884,0.05106070871082546,1,245065,0,1,Car,1
45,349196,Salaried,7,1065733,180,Average,446380,1.2783042236903523,1,158203,2,1,Education,1
42,1617617,Business,8,823278,36,Good,413473,0.2556060825238097,0,712184,4,0,Business,0
41,2430789,Self-Employed,12,1143873,36,Good,226210,0.09306028081405633,0,227433,2,1,Education,0
53,861711,Salaried,24,1797056,36,Good,770298,0.8939158326679911,0,1004431,0,1,Education,0
62,2344708,Self-Employed,18,1255638,120,Bad,234481,0.10000430757079024,0,755285,1,0,Personal,0
45,1483454,Business,5,219348,12,Bad,610364,0.41144760036536326,0,5861,5,1,Car,0
51,1818873,Business,21,1196870,120,Good,576543,0.3169779764843524,0,627344,1,1,Home,0
61,268501,Salaried,15,626297,24,Bad,558158,2.0787852604449872,1,826503,5,0,Business,1
23,2300684,Salaried,1,1331307,36,Good,199115,0.08654596348478823,1,1198232,4,0,Education,0
41,380690,Business,7,884533,24,Average,229186,0.602026315305589,0,175061,0,0,Car,1
58,1975478,Salaried,18,1485988,120,Average,188091,0.09521285723614374,0,80396,2,0,Personal,0
37,722101,Salaried,5,579034,24,Good,471333,0.6527235764476487,1,1170459,1,0,Personal,1
59,1953979,Salaried,31,939013,180,Average,551832,0.282414354292265,1,1413911,2,0,Personal,0
42,340499,Self-Employed,0,897940,24,Bad,532956,1.565215859030837,0,486893,0,0,Car,1
49,125194,Self-Employed,21,621678,12,Good,529638,4.23050441311554,1,1447488,2,1,Business,1
30,886252,Salaried,9,608981,180,Average,422247,0.476440700341776,1,79147,1,0,Personal,1
49,923964,Self-Employed,11,1390118,120,Good,599618,0.648961811324022,0,464049,2,0,Business,0
25,1559433,Business,4,1265477,24,Average,794447,0.5094457347986513,0,11742,5,1,Education,1
60,2270483,Salaried,24,651314,60,Good,770500,0.33935495691667505,0,490942,2,0,Home,0
54,889547,Business,26,1010452,36,Good,25685,0.028874214769748233,1,64451,1,0,Business,0
48,1559430,Self-Employed,15,415484,24,Average,285665,0.18318540544596074,0,328065,0,0,Car,0
35,793640,Business,14,237232,36,Bad,485662,0.6119416713602246,1,553882,1,1,Business,1
29,1857514,Self-Employed,2,141514,60,Bad,528082,0.28429487783409557,1,648456,3,1,Business,1
22,933412,Self-Employed,0,516873,120,Average,763072,0.8175073627643926,1,1444747,1,1,Car,1
30,1370368,Business,0,1066124,60,Bad,274154,0.2000585243828487,0,668106,4,1,Education,1
55,2152010,Salaried,3,1370485,120,Bad,388977,0.1807504701416489,0,125076,3,0,Personal,0
48,435847,Self-Employed,19,760186,60,Average,462333,1.0607665975294138,0,1211711,2,0,Personal,0
52,2027491,Self-Employed,8,1531796,24,Bad,300140,0.1480351093863749,0,798899,3,1,Education,0
27,677025,Self-Employed,3,1190722,120,Good,99782,0.14738281838511372,1,353267,4,0,Personal,0
29,2107474,Self-Employed,8,856867,36,Good,544248,0.25824647979216836,1,1007259,5,1,Car,0
54,1351092,Salaried,15,1460162,120,Good,795984,0.5891407919366024,0,604618,3,1,Business,0
60,2262257,Salaried,39,997561,60,Good,301103,0.1330984352801493,0,792197,5,1,Home,0
52,823869,Business,4,1320444,120,Good,85903,0.10426766358770194,1,589679,0,1,Car,0
57,1326634,Self-Employed,14,1257458,36,Good,161799,0.12196195637835576,1,196451,2,0,Car,0
34,1056822,Self-Employed,6,1512547,36,Good,340792,0.3224683792839482,0,1096645,3,1,Business,0
32,1721434,Business,1,708111,60,Bad,237549,0.13799475437643594,1,1186151,3,1,Home,1
53,2176736,Business,16,230553,180,Average,177216,0.08141360210259668,1,1149886,4,0,Education,0
37,1023643,Business,5,1676238,36,Good,543587,0.5310312960365127,1,406713,4,0,Personal,1
47,2271978,Salaried,4,1448829,180,Bad,706584,0.31099935342712237,1,653153,2,0,Education,1
49,1169448,Salaried,18,1253529,180,Good,22388,0.01914405844119752,0,438517,5,1,Home,0
21,1124341,Self-Employed,0,873232,36,Good,604511,0.5376575810562978,0,520981,4,0,Car,0
39,133026,Self-Employed,5,1646449,12,Bad,13006,0.0977696257150804,1,1339252,1,0,Business,1
23,1164593,Business,0,1823845,180,Bad,734956,0.6310834505415621,0,1225756,5,1,Personal,1
50,892413,Business,14,1526337,60,Average,555405,0.6223624909515091,0,1363826,2,1,Car,0
42,1452832,Salaried,6,148643,12,Average,737286,0.5074815894187426,0,591120,4,1,Business,0
35,2336119,Business,13,1262985,60,Average,21102,0.009032926390767597,0,63673,2,0,Home,0
45,1609375,Business,15,176208,60,Bad,606317,0.3767404261030362,1,459483,5,0,Personal,1
56,1780477,Salaried,0,1289863,60,Good,9549,0.00536316652045125,1,244369,5,1,Personal,1
42,286086,Salaried,8,821968,12,Average,767913,2.684193968967482,1,350076,3,0,Personal,1
28,1758474,Salaried,4,943084,180,Good,193669,0.1101346337024979,1,367735,3,0,Education,0
63,1479654,Salaried,6,1053115,12,Average,569227,0.3847025151133203,1,931360,2,1,Personal,1
56,127954,Business,20,622626,60,Average,435960,3.407135321011293,0,1294207,2,1,Business,1
29,810442,Business,7,1251279,60,Good,446360,0.550760509992683,1,1444706,4,1,Education,1
51,1086689,Self-Employed,1,505889,12,Bad,317755,0.29240629802427553,1,1121599,5,0,Car,1
62,2004564,Self-Employed,39,84692,180,Bad,649025,0.32377348701588626,0,89541,1,1,Education,0
28,1687553,Salaried,6,1599885,60,Bad,124819,0.07396444795248033,1,1392003,5,1,Car,1
40,557000,Salaried,19,310069,24,Good,713982,1.2818325281283158,1,753960,4,0,Home,0
25,2290815,Self-Employed,1,133014,180,Good,373701,0.16313008115885344,0,1472570,3,1,Personal,0
36,1815794,Self-Employed,15,380879,12,Average,339113,0.18675731566614073,1,849674,3,0,Car,0
49,199027,Salaried,1,1198872,24,Good,379785,1.9081988463934723,1,202430,3,0,Personal,1
52,1322476,Salaried,26,1373525,24,Average,235781,0.17828741066952394,1,397505,0,0,Car,1
58,521633,Self-Employed,13,652057,24,Average,289854,0.5556654665915182,1,919406,0,1,Home,1
27,778963,Self-Employed,2,923804,12,Average,769014,0.9872266240801886,1,1384692,0,1,Business,1
57,2050505,Self-Employed,33,864124,24,Bad,384830,0.1876756273817292,1,1193740,0,1,Personal,1
64,378199,Self-Employed,4,483865,120,Average,667622,1.7652617662612375,0,1498926,2,0,Home,1
56,1434907,Business,2,1224942,60,Good,424763,0.29602106894658053,0,560668,3,1,Car,0
64,133460,Business,31,1905387,12,Good,44718,0.33506417605143074,1,664162,5,0,Personal,1
37,2027228,Business,15,899281,24,Good,203552,0.10040898191570859,0,1105023,5,0,Education,0
24,126182,Self-Employed,0,1779668,12,Good,519286,4.115340418281385,1,889155,3,0,Education,1
49,1441095,Self-Employed,19,547398,120,Average,501928,0.3482960191409871,0,48709,3,1,Education,0
52,1879748,Business,7,1022435,120,Bad,548076,0.2915687147592578,0,1163331,5,0,Car,0
53,388200,Self-Employed,28,697428,60,Bad,59657,0.1536755443700557,0,1033841,4,1,Home,1
42,774073,Salaried,18,925009,120,Good,337064,0.4354415727695285,1,1092158,0,1,Personal,0
46,1330205,Business,1,1084101,60,Average,793884,0.5968128244798174,0,1104325,3,1,Education,1
21,934375,Salaried,0,1683661,180,Good,681302,0.7291518617772716,1,289369,0,0,Home,1
54,1375760,Self-Employed,2,1888346,12,Bad,602159,0.4376915757896902,1,318747,5,1,Business,1
39,2265281,Self-Employed,11,388122,12,Bad,651522,0.2876118734885988,1,104374,1,0,Education,1
49,2017886,Self-Employed,12,1784808,180,Bad,681335,0.33764774737138403,1,1024133,3,0,Home,1
23,270165,Self-Employed,0,1521156,12,Bad,219323,0.8118082956404581,0,1075238,5,1,Car,1
27,825665,Self-Employed,1,1954702,12,Average,623546,0.7552036780005474,1,866400,3,0,Home,1
30,644197,Business,1,1513741,60,Bad,749260,1.1630896090953402,1,301780,0,0,Business,1
43,1524583,Self-Employed,20,330324,180,Bad,494993,0.3246741406180309,1,1119397,3,1,Business,1
49,1973603,Self-Employed,5,1832641,180,Good,363089,0.18397256997857725,0,19612,1,1,Business,0
51,2091902,Salaried,9,1076956,60,Good,699765,0.3345112082156773,0,1422577,5,1,Business,0
27,1978727,Business,0,1279765,24,Average,780289,0.39433868626713725,1,757877,1,1,Education,0
64,2343536,Business,21,1553177,60,Average,96755,0.041285885394597995,1,350882,2,1,Education,0
24,1925331,Self-Employed,0,1074771,120,Bad,315952,0.16410260671925672,0,22681,2,1,Home,0
50,2272831,Business,3,1529336,120,Bad,453829,0.19967555895024358,0,966834,2,0,Home,0
36,2094318,Business,15,826749,24,Average,700003,0.33423895786649505,0,596321,3,1,Home,0
59,2009925,Salaried,19,1937036,60,Average,287956,0.14326696604750622,0,558063,5,1,Home,0
21,933146,Salaried,0,516809,24,Good,618810,0.6631431060701047,1,165999,0,0,Car,1
26,570933,Business,2,1394774,180,Bad,614767,1.0767741980684282,1,987513,4,0,Business,1
42,1421201,Self-Employed,13,1973318,24,Bad,196781,0.13846096473266994,1,536611,5,0,Car,1
62,340317,Self-Employed,10,775877,180,Average,528122,1.5518485651655216,0,133501,5,1,Car,1
60,2176005,Business,38,541132,180,Bad,728358,0.33472242264037877,0,844468,2,0,Home,0
42,2447401,Business,21,1446264,12,Bad,529841,0.21649120169060906,0,667824,5,0,Business,0
24,2241881,Salaried,2,1343863,36,Bad,620527,0.2767884304347865,0,656523,0,1,Car,0
26,1750592,Salaried,3,144831,180,Bad,361504,0.20650373901872107,1,1006769,5,1,Car,1
23,314382,Self-Employed,1,1360725,60,Average,128804,0.4097040870530531,1,1020594,2,1,Car,1
62,324776,Salaried,4,1089226,36,Good,709862,2.185690489166413,0,451176,5,1,Home,1
43,1077222,Salaried,0,1665041,12,Good,16551,0.015364506699169996,0,626504,2,0,Business,0
44,1909461,Salaried,17,689425,60,Average,168509,0.08824946503255891,0,259772,3,1,Personal,0
35,466601,Salaried,6,1327896,60,Good,756373,1.621023913313702,1,1395597,0,0,Car,1
27,1413294,Self-Employed,2,818801,60,Bad,46274,0.032741925783364406,0,966974,1,1,Home,0
47,2184812,Business,1,1979459,60,Good,799026,0.36571825597888696,0,30504,4,1,Business,0
41,2458118,Business,12,1284944,180,Good,725185,0.2950162298896026,1,719810,3,0,Car,0
57,851499,Self-Employed,3,783332,120,Average,437308,0.5135736934820905,0,125721,4,0,Personal,0
64,1085453,Self-Employed,9,1906217,120,Average,528841,0.4872071962515224,1,555002,1,0,Home,1
47,1716240,Self-Employed,9,1657242,120,Good,627031,0.3653513696502997,1,800082,3,0,Car,0
36,2221910,Business,7,1978314,36,Good,360693,0.16233458495862346,1,140541,5,0,Business,0
39,875886,Self-Employed,16,1470138,180,Bad,484120,0.5527197001439683,0,1171862,2,1,Education,1
32,1457333,Business,6,1243732,24,Average,666268,0.457182773475401,0,551684,2,0,Home,0
55,907792,Self-Employed,29,951559,60,Average,659713,0.7267218407720702,1,344846,2,0,Home,1
43,578985,Salaried,10,650447,24,Bad,146967,0.2538351531815968,1,902871,1,0,Business,1
53,971808,Self-Employed,26,706711,60,Bad,65741,0.0676480666468411,1,651473,0,0,Education,1
46,2289590,Self-Employed,8,898762,12,Good,209294,0.09141108608480729,1,514592,2,1,Education,0
39,837777,Salaried,3,1341409,60,Good,740373,0.8837341157203937,1,936627,3,1,Home,1
51,1171912,Self-Employed,17,630325,120,Bad,40310,0.03439675129467802,0,1075260,2,1,Business,0
45,2109838,Business,4,234394,12,Average,235148,0.11145305400080291,1,452001,0,1,Education,0
47,1933578,Self-Employed,17,254537,36,Average,197216,0.10199531542285058,1,475747,4,1,Business,0
37,2479536,Business,4,579622,36,Bad,624194,0.25173812691643643,1,719334,4,0,Car,1
30,382071,Self-Employed,6,951488,36,Average,341808,0.8946167214556419,0,1140134,5,0,Personal,1
29,1892988,Salaried,5,1502261,180,Bad,123272,0.06512029388443356,1,83771,3,1,Personal,1
31,1210314,Self-Employed,7,698866,60,Bad,474698,0.3922102923619058,1,638755,2,1,Car,1
39,254343,Self-Employed,0,1643140,180,Bad,20701,0.08138977133331236,0,244008,5,0,Education,1
31,211164,Self-Employed,9,601906,36,Bad,375772,1.7795183860961807,1,395311,0,0,Car,1
52,2119617,Business,26,550168,36,Average,336944,0.1589644926585828,1,903895,3,1,Business,0
54,1224161,Salaried,22,139618,24,Bad,485811,0.39685188725021686,1,473915,2,1,Car,1
48,1009136,Salaried,12,129435,36,Bad,673386,0.6672889805844003,1,934905,3,1,Education,1
31,1292919,Business,7,907585,180,Good,514179,0.39768817869628437,1,77201,4,1,Education,0
59,1426166,Business,30,1250282,24,Bad,14877,0.010431457185589065,1,78505,2,1,Business,1
34,1442851,Business,0,921851,180,Average,273254,0.18938463543038372,1,132516,0,0,Personal,0
41,619799,Self-Employed,7,1085377,60,Average,360460,0.5815747015166183,0,682864,1,0,Education,0
58,797020,Business,35,1767863,12,Good,676612,0.8489261888959011,1,1283722,3,0,Business,1
61,1850961,Self-Employed,29,1615055,12,Bad,651661,0.35206611480948824,1,858167,0,1,Personal,1
30,302744,Business,3,1159594,36,Average,652994,2.156910931642141,1,144119,4,1,Business,1
47,2478083,Salaried,2,805290,60,Average,374398,0.1510836597952289,0,824390,2,1,Car,0
50,1896715,Business,7,97548,36,Average,531652,0.28030132080923026,1,949431,4,0,Personal,0
61,418371,Self-Employed,1,1379572,36,Average,567841,1.3572633923876358,0,666929,5,1,Home,1
46,2379658,Salaried,9,1935824,120,Good,577313,0.24260324693580046,0,518868,1,1,Business,0
25,1919513,Business,3,1650146,12,Average,465044,0.2422717417012848,0,690040,1,0,Education,0
49,2017934,Salaried,7,1841951,180,Bad,155506,0.07706194699036391,0,1372925,1,0,Business,0
21,970143,Self-Employed,0,214315,24,Average,524613,0.5407578668733714,0,376380,1,0,Business,0
50,588240,Business,11,418583,24,Average,64843,0.11023203074930173,1,819856,2,0,Business,1
64,1476106,Salaried,15,966537,12,Average,216361,0.1465754176357134,1,429917,3,1,Business,0
60,2410899,Business,23,684458,36,Bad,457431,0.18973453896884981,1,1098377,0,0,Education,1
48,1652076,Business,13,904016,180,Bad,585710,0.35452948016345487,0,857291,5,1,Car,0
29,2361449,Business,8,541928,120,Bad,290269,0.1229198162146139,1,904495,3,0,Car,1
22,1963153,Salaried,1,1381281,60,Average,85675,0.043641507492534974,1,440247,2,1,Personal,1
54,1320101,Salaried,5,400384,60,Bad,300246,0.2274415158828636,1,1123291,4,1,Business,1
32,1844554,Self-Employed,11,961920,24,Average,779827,0.42277243020674365,0,967740,5,0,Home,0
51,965431,Self-Employed,26,507434,180,Average,368679,0.38187982167568507,1,1160537,2,0,Home,0
42,1251239,Self-Employed,18,103285,24,Average,137683,0.11003724305488954,0,829756,2,1,Home,0
39,878574,Salaried,16,479969,180,Average,761107,0.8662971288734599,0,246251,1,0,Car,0
61,2475783,Business,39,1943834,120,Bad,652918,0.2637217140105922,0,453003,5,1,Business,0
43,1653765,Salaried,2,1269982,12,Average,320635,0.19388172208160043,0,284645,3,1,Home,0
27,2383553,Self-Employed,5,1132172,60,Good,149151,0.06257504549928385,0,960668,1,1,Personal,0
21,680521,Salaried,0,1803353,60,Bad,165129,0.2426504947672522,0,224804,3,0,Personal,1
45,1273422,Self-Employed,8,388447,24,Good,526184,0.41320441047475975,0,937042,5,1,Education,0
64,2038539,Business,34,464076,12,Average,457266,0.22431053597182296,0,286905,4,0,Home,0
58,811461,Business,13,952411,36,Good,502385,0.6191109380352993,1,1247701,4,1,Education,1
61,362755,Salaried,17,1089796,12,Bad,347166,0.9570234537816052,0,413218,3,1,Home,1
29,236332,Self-Employed,4,1568431,180,Average,118639,0.501999297601266,0,1323855,4,1,Home,1
25,1890985,Business,0,900615,24,Good,402688,0.21295133861382368,0,299836,2,1,Education,0
41,2389403,Business,2,1413881,120,Good,86879,0.03636011323325817,0,44767,0,1,Personal,0
50,1302897,Business,12,1967217,24,Average,762991,0.5856106924717054,1,1472693,1,1,Business,1
52,384589,Business,31,394517,180,Average,231422,0.601736914636366,0,30544,2,0,Car,1
44,1017026,Business,16,1143411,36,Good,5479,0.0053872709377430494,0,112568,2,0,Education,0
50,272280,Salaried,21,199924,24,Good,710602,2.6098111877068177,0,423037,3,1,Business,1
41,1347366,Business,2,1267641,120,Average,627343,0.46560662388198615,1,1407520,4,1,Car,1
63,1392112,Salaried,13,1343329,120,Good,663275,0.47645198342375944,0,448911,2,0,Personal,0
63,938009,Business,14,481971,180,Average,361626,0.3855246745770301,1,457455,5,0,Education,0
37,554625,Business,14,1948327,12,Good,346043,0.6239213451947799,1,507234,3,1,Personal,1
46,1786275,Self-Employed,3,1195022,36,Good,532193,0.29793436176716254,0,1362892,5,0,Education,0
60,563688,Self-Employed,0,1021264,120,Good,259080,0.4596151423923476,1,111178,4,1,Education,1
56,2088270,Salaried,1,912729,24,Average,675248,0.32335266830789683,1,908426,5,1,Education,0
43,358357,Business,18,702329,60,Good,568547,1.5865335781536898,1,204572,4,0,Car,1
52,767584,Self-Employed,6,864280,24,Bad,687825,0.8960896838786584,0,223599,5,1,Car,1
57,622477,Business,21,1272560,120,Average,97114,0.15601193937777721,1,814405,3,1,Car,1
61,892623,Self-Employed,1,209396,36,Bad,238172,0.2668223126422771,0,1206924,2,0,Car,0
21,1704604,Salaried,0,1508479,120,Average,377350,0.22137093344205844,0,29598,4,0,Personal,0
42,819198,Self-Employed,15,1439851,12,Good,73830,0.09012462173415739,0,385752,5,0,Home,0
41,1203794,Salaried,12,1341009,60,Good,414514,0.34433936010699495,0,25315,5,0,Education,0
54,358161,Salaried,23,741677,120,Average,33330,0.09305844841161262,0,21394,3,1,Personal,1
41,281653,Self-Employed,2,1771662,60,Average,706407,2.508066634949264,0,137300,2,0,Home,1
25,466346,Self-Employed,4,836806,180,Good,206194,0.4421471565164995,1,1404705,3,1,Car,0
48,1308680,Business,2,1128665,60,Average,735892,0.5623157973562694,0,651240,3,1,Car,0
24,1082442,Salaried,1,485612,36,Good,788796,0.7287182789301607,1,408090,3,1,Business,1
34,1456841,Salaried,2,1720658,24,Average,488395,0.335242256881666,1,439244,3,1,Business,1
54,1246117,Business,24,871458,36,Average,618264,0.4961520498058771,0,753733,4,0,Car,0
24,1666009,Business,1,292841,12,Good,424397,0.2547385669953962,1,1220541,3,0,Education,0
22,2194664,Business,0,1267492,120,Average,354029,0.1613134578625895,0,809741,4,1,Home,0
22,2014916,Business,1,380881,120,Good,345984,0.17171129133358842,1,746159,5,0,Education,0
61,1519816,Salaried,36,714622,36,Bad,563529,0.37078740400982485,1,1284848,2,0,Home,1
28,1323608,Self-Employed,3,1019514,12,Average,143085,0.10810216612307713,1,251710,4,1,Business,1
54,1007002,Salaried,8,1414361,24,Average,695834,0.690994962279159,1,107096,4,1,Personal,1
24,1887547,Business,3,1621723,12,Bad,197615,0.10469402632409877,1,926462,0,0,Education,1
36,1517370,Salaried,11,97486,24,Bad,67148,0.044252855761708905,0,880717,3,0,Personal,0
55,828757,Business,20,515455,36,Good,105073,0.12678369318908536,0,677368,2,0,Car,0
42,916232,Salaried,14,1802871,120,Bad,98665,0.10768549048113307,0,1033908,5,1,Education,0
23,419102,Business,0,348373,24,Bad,216973,0.5177080574464988,0,1259090,1,1,Home,1
38,1529017,Business,6,524083,36,Average,797084,0.5213045235569497,0,411650,4,1,Personal,0
56,2484008,Self-Employed,24,680619,60,Good,577701,0.23256799794203645,0,339018,3,0,Education,0
61,1715773,Salaried,8,786021,36,Bad,414842,0.24178126023590518,1,1368579,0,1,Business,1
36,472427,Business,0,411917,24,Average,427157,0.9041737576942942,1,669407,2,0,Home,1
57,317782,Salaried,32,775104,24,Bad,308455,0.9706466362266075,1,1019839,5,1,Car,1
32,2445103,Business,1,1528623,12,Good,223938,0.0915862883541968,0,319419,4,0,Personal,0
56,1877696,Self-Employed,24,840035,12,Bad,150800,0.08031114711265981,0,1258672,5,0,Home,0
53,1292897,Salaried,22,1848735,36,Bad,190643,0.14745401416043646,0,1024246,3,0,Business,0
61,1004671,Self-Employed,13,1692365,36,Average,724588,0.7212184673206778,0,1773,1,1,Business,1
47,373095,Business,3,654936,24,Average,661466,1.7729109934172438,0,1368810,0,0,Car,1
38,802035,Business,4,918943,36,Good,197300,0.24599893271623718,1,443531,0,1,Education,0
45,469464,Self-Employed,20,703433,36,Average,612183,1.3040013632539167,0,1426891,0,1,Home,0
59,973552,Business,24,909381,12,Good,279270,0.2868564936885819,0,1020321,2,0,Personal,0
36,992398,Business,6,1921460,180,Bad,307495,0.3098501711509181,0,1179461,3,0,Personal,0
59,1660069,Self-Employed,27,1691237,36,Average,396644,0.2389320932249845,0,1068298,3,1,Education,0
31,2429178,Salaried,10,110380,12,Good,543384,0.22369039086868445,0,260281,2,1,Personal,0
39,1480107,Business,1,954454,120,Good,672818,0.45457358517081187,0,110942,0,0,Business,0
31,1513645,Salaried,9,237248,24,Average,476986,0.315123879691817,0,873253,3,0,Personal,0
41,771533,Salaried,7,1368534,36,Good,321447,0.4166336156280864,1,443656,0,1,Education,0
62,659456,Salaried,38,1807587,60,Average,364933,0.5533840720471539,1,1344095,4,0,Business,1
59,2219988,Salaried,36,828949,120,Bad,274934,0.1238447577893404,0,1035790,4,1,Business,0
41,627995,Self-Employed,3,290592,180,Good,516781,0.8229049229612927,0,1220038,4,1,Education,0
42,2250313,Business,17,405137,180,Good,598901,0.2661410807558412,0,434680,4,0,Education,0
59,908209,Business,21,1766565,120,Bad,781737,0.8607447616740622,0,489941,5,1,Business,1
57,2282181,Self-Employed,8,1878252,24,Good,336228,0.14732742612114197,0,693324,2,1,Home,0
43,2464612,Salaried,13,1102257,36,Average,401944,0.16308605042657812,1,1417366,3,0,Personal,0
46,234251,Business,23,1666819,120,Bad,84482,0.36064580024930415,1,1271368,3,1,Home,1
46,2184591,Salaried,24,561265,24,Good,265043,0.12132379867728162,0,490048,4,1,Business,0
24,1485622,Self-Employed,1,1322485,120,Good,116967,0.07873262597576909,1,697308,0,0,Car,1
48,1821214,Self-Employed,20,812980,120,Good,162335,0.08913554961934753,0,1144277,2,1,Home,0
37,2304668,Salaried,11,1333647,12,Average,679870,0.2949968086523488,1,561229,0,0,Car,0
22,1608052,Business,1,1361868,120,Average,696151,0.4329154573885313,0,1079919,3,0,Personal,0
63,1081225,Self-Employed,39,517654,120,Average,615360,0.5691317078945567,1,471862,5,1,Education,1
30,1496260,Self-Employed,7,1319877,12,Bad,608999,0.4070138832730386,1,160404,1,0,Education,1
29,1637086,Salaried,5,573882,12,Bad,571550,0.3491262223693671,0,776872,4,0,Personal,0
56,1262017,Business,20,272369,120,Good,695381,0.5510071964108277,1,945426,0,1,Car,0
58,1106160,Salaried,2,1390325,12,Average,194300,0.17565254967405286,1,682566,5,1,Home,1
45,373244,Self-Employed,21,546342,60,Good,586249,1.570681455880186,1,863076,1,1,Business,1
62,741289,Self-Employed,6,1914115,36,Good,43224,0.05830916375507561,1,1352471,4,0,Business,0
41,1773415,Business,19,1189740,24,Good,142867,0.08056034229983264,1,984721,3,0,Personal,0
31,1720766,Self-Employed,4,565007,12,Good,265301,0.15417601569532657,0,1474099,2,1,Education,0
34,949851,Business,3,991455,12,Average,443326,0.46673165924796706,0,128452,2,1,Car,0
41,171369,Self-Employed,4,1838685,180,Average,56645,0.33054210188481065,1,671748,4,0,Personal,1
49,524737,Self-Employed,5,1809521,24,Good,294091,0.5604530260815874,0,1141013,3,1,Education,0
26,390146,Business,4,1095462,12,Average,408691,1.047530802492394,1,1107656,3,1,Education,1
54,648996,Salaried,7,1973745,36,Good,153912,0.23715363861466232,1,1355172,5,1,Business,0
27,1914220,Salaried,0,976822,36,Bad,327907,0.17130049247187237,1,875652,3,1,Home,1
23,254800,Business,2,415676,36,Good,719040,2.821966946754526,0,965988,0,0,Business,1
24,2117741,Self-Employed,1,466863,12,Bad,573782,0.27094046394697746,0,43891,5,0,Home,0
47,2429624,Self-Employed,14,1797317,180,Good,458213,0.18859412460770694,0,1274886,0,0,Personal,0
25,1509683,Self-Employed,1,680646,120,Bad,279554,0.18517385095158986,0,376577,3,1,Home,0
37,782324,Business,11,1044171,120,Average,438660,0.5607132585562267,1,208131,1,0,Car,1
40,413172,Salaried,8,961119,120,Average,403682,0.9770289926979739,1,676188,0,1,Personal,1
50,1368617,Business,21,1336947,36,Average,215061,0.15713734584814754,0,594964,2,0,Home,0
39,268935,Self-Employed,4,1244998,24,Bad,420727,1.5644130945652497,1,1282268,1,1,Education,1
49,1730318,Salaried,17,808572,24,Average,330910,0.19124219291356104,1,942222,1,1,Car,0
23,1038763,Self-Employed,1,1482800,120,Bad,302487,0.2911989633834057,1,95525,2,1,Car,1
44,1842316,Business,0,1211362,60,Good,758552,0.4117380450812754,1,1268704,0,0,Home,0
43,1521904,Self-Employed,16,1291236,12,Bad,525866,0.3455314227892017,0,967891,3,0,Home,0
33,929809,Self-Employed,5,1195918,12,Good,17943,0.01929749088523462,1,189926,0,1,Education,0
64,1073799,Self-Employed,42,302258,24,Average,792251,0.73780126653008,0,1298787,0,0,Education,0
46,836373,Business,20,471436,60,Average,450462,0.5385891957425745,0,260084,0,0,Car,0
64,1791982,Self-Employed,32,718738,24,Bad,708577,0.3954150234684146,1,670015,1,0,Business,1
37,1217565,Business,10,1035074,120,Good,22974,0.01886879232830089,1,464718,5,1,Personal,0
59,562567,Business,37,823979,180,Good,509972,0.9065073022283529,0,912457,3,1,Home,0
41,2209584,Self-Employed,5,1101154,60,Average,776254,0.35131212422242186,0,964211,3,1,Car,0
58,1071085,Business,23,1001899,60,Bad,457900,0.4275100225378728,1,1102344,0,1,Home,1
41,1486110,Business,7,1367833,36,Good,429235,0.288831049632228,1,966531,2,1,Education,0
33,878791,Self-Employed,7,1576984,120,Average,641901,0.7304356434742237,0,674176,5,0,Education,0
32,1305173,Business,4,241651,36,Good,457260,0.3503440920520942,0,1374863,2,1,Home,0
23,1030689,Business,0,857422,36,Good,97113,0.0942213468647217,0,179138,3,0,Education,0
51,451712,Salaried,25,500904,60,Average,109578,0.24258323315910765,0,1421647,3,0,Education,0
62,1850213,Business,1,1570220,12,Average,282374,0.1526169405268796,0,1003440,4,1,Personal,0
45,442236,Business,3,1261498,180,Average,230872,0.5220549162553111,1,476703,1,0,Education,1
60,1190410,Salaried,36,1433654,120,Average,528566,0.4440197545217576,0,1095971,5,1,Education,0
30,2352389,Self-Employed,5,279080,36,Bad,569534,0.24210866395453134,0,706398,1,1,Education,0
28,2250637,Business,5,1115617,12,Average,263356,0.11701393116085305,1,749293,3,0,Personal,0
41,626804,Salaried,0,954598,24,Good,669631,1.0683242794808592,0,751653,4,0,Home,0
35,999517,Salaried,5,1060874,60,Average,578919,0.5791981735196364,1,1140700,3,0,Home,1
26,2255013,Salaried,0,342443,36,Average,145920,0.0647091326262276,1,1407757,2,0,Education,0
51,926578,Business,24,146590,12,Average,148114,0.15985037433397475,1,1267813,0,1,Home,0
51,956921,Salaried,4,883689,36,Good,80431,0.0840517826949323,0,817018,0,1,Business,0
45,1394798,Business,21,1758263,12,Bad,648312,0.4648067571026363,0,241095,4,0,Personal,1
24,1281118,Salaried,3,1754799,60,Average,115937,0.09049666736657562,0,439919,2,1,Education,0
61,707715,Self-Employed,1,229218,12,Good,183126,0.25875633728783864,1,1208856,2,0,Home,0
43,1740206,Self-Employed,0,132287,180,Bad,737691,0.42390991416538376,0,1100821,2,1,Car,0
54,1882845,Salaried,13,1705112,24,Good,434139,0.23057594726281386,1,678760,5,0,Business,0
35,349348,Self-Employed,7,722481,120,Average,464119,1.3285253428519903,1,986928,2,1,Home,1
64,2308566,Salaried,19,1101244,60,Good,397454,0.17216481046467355,1,578511,0,1,Car,0
39,2219793,Business,8,160481,180,Average,732034,0.32977564584821834,0,795394,3,1,Car,0
36,1829738,Self-Employed,6,319782,180,Bad,178830,0.09773525076527308,0,1493960,1,1,Education,0
60,1522485,Self-Employed,37,990404,60,Good,114769,0.07538263077624359,0,1044613,3,1,Car,0
57,125165,Business,5,1146148,120,Bad,527994,4.2183500311586215,1,1169499,3,0,Education,1
39,2481613,Self-Employed,0,1585706,12,Average,79859,0.03218026655233248,0,43871,4,0,Home,0
51,1936216,Salaried,22,1485334,120,Average,193837,0.10011119621406071,0,1200051,3,1,Education,0
31,345041,Self-Employed,7,1838087,60,Good,205240,0.5948261371079463,0,541252,1,1,Personal,1
22,2189961,Business,1,1638311,180,Good,399705,0.18251686558944857,1,878351,0,0,Home,1
58,320883,Self-Employed,11,1936536,60,Average,436144,1.3591952231959212,1,39401,0,0,Business,1
52,1224888,Self-Employed,9,1186055,36,Bad,355928,0.2905797994757076,0,772725,3,0,Education,0
31,1363318,Self-Employed,3,936473,36,Bad,38465,0.028214233059173973,1,301931,3,0,Home,1
42,928876,Salaried,19,238571,36,Average,574401,0.618382196997019,1,181168,1,0,Education,1
43,2221071,Self-Employed,8,1792762,12,Average,408197,0.18378377648270744,1,59768,0,0,Education,1
24,2330031,Self-Employed,3,1552359,12,Average,480695,0.2063040335926717,1,232026,5,0,Car,0
23,2044555,Self-Employed,2,877891,24,Bad,732957,0.35849201489223087,1,1300555,0,0,Personal,1
62,1476858,Salaried,39,1960165,60,Average,74254,0.050278327179507316,1,1070811,0,1,Business,1
64,796138,Self-Employed,2,72264,36,Bad,443043,0.5564895074855019,1,666590,5,0,Car,1
48,1933610,Business,27,984316,36,Average,411731,0.21293372865586718,1,931988,2,0,Business,0
39,2394223,Self-Employed,0,1155763,36,Average,6550,0.0027357507067007933,0,1268671,4,0,Business,0
50,734803,Salaried,5,386274,24,Bad,364105,0.4955130892047403,0,1287945,4,0,Personal,0
22,1008892,Salaried,0,120621,36,Good,396909,0.3934104013012282,0,1257617,5,1,Personal,0
39,1269671,Self-Employed,3,1423843,180,Bad,697212,0.5491276487155737,0,158484,2,0,Car,1
61,1457726,Business,40,148474,180,Good,380521,0.26103721753112896,0,1409762,5,0,Business,0
63,727525,Salaried,17,411735,24,Good,464833,0.638922870110484,1,700563,4,1,Personal,0
62,2127697,Business,22,270916,24,Bad,281729,0.13241023867108961,0,32681,3,1,Education,0
57,911913,Salaried,31,483638,60,Bad,69184,0.07586680322925188,1,752507,5,1,Home,1
64,2476574,Salaried,38,121047,180,Bad,108354,0.04375155204263953,1,814702,3,1,Education,1
54,1737368,Business,6,920414,60,Good,145748,0.08389006595605193,0,811672,0,0,Home,0
58,1506532,Self-Employed,15,777808,36,Bad,717998,0.4765896266460808,0,435,4,0,Personal,1
34,1776481,Salaried,1,860910,12,Good,570706,0.32125628067157447,1,990162,3,0,Business,0
43,2014749,Salaried,16,1484689,24,Good,539056,0.26755478347189476,1,969704,1,1,Home,0
49,1392914,Self-Employed,27,913666,12,Bad,574080,0.41214288021882167,0,1387652,2,1,Car,0
54,626492,Self-Employed,13,679010,60,Average,334167,0.5333930307281964,0,70311,0,1,Personal,0
22,1163038,Salaried,0,127759,24,Bad,83949,0.07218072652765728,1,1039504,5,0,Business,1
46,965863,Salaried,12,789751,36,Bad,736454,0.7624820885756173,0,56183,5,1,Personal,1
46,264811,Business,3,465167,24,Bad,78468,0.29631587692400646,0,229697,2,0,Home,1
44,2259180,Self-Employed,3,990443,180,Bad,118020,0.05224017022097831,0,988378,3,1,Car,0
25,2489199,Self-Employed,0,566936,36,Average,794926,0.31934999196529007,1,79770,3,1,Education,0
44,1408768,Salaried,15,1706662,36,Average,421083,0.29890138127684523,1,34620,3,1,Personal,1
37,1176364,Salaried,7,396193,24,Good,312264,0.265448223978102,1,18909,2,0,Home,0
48,1446769,Business,17,550015,36,Bad,265059,0.18320742066810897,1,490258,4,1,Home,1
54,860624,Self-Employed,27,1237875,36,Good,602533,0.7001109658678286,0,1199581,5,0,Car,0
38,700165,Salaried,14,1343824,12,Good,393296,0.561718221107566,1,828894,1,1,Car,1
56,699618,Salaried,26,1228100,120,Bad,239298,0.3420404534468046,1,24759,5,0,Education,1
40,613562,Salaried,7,553388,24,Bad,167400,0.272832618655297,0,269937,2,0,Education,0
46,583462,Salaried,9,1602957,180,Bad,369056,0.6325268268939076,1,1196348,3,0,Car,1
40,344028,Salaried,13,1382703,24,Good,606884,1.7640489609887537,0,623716,2,0,Business,1
46,580724,Business,4,1171879,36,Bad,610430,1.0511515777691678,1,386446,5,0,Car,1
60,772900,Self-Employed,13,1045204,24,Good,440572,0.5700238452272671,0,1044552,5,0,Education,0
63,1430074,Business,29,363248,60,Good,630501,0.44088666678321065,1,233380,1,0,Education,0
58,170182,Salaried,2,234575,24,Bad,402602,2.36570045186652,0,630311,3,0,Personal,1
62,328082,Business,30,1565357,120,Bad,56686,0.1727794491028185,1,45284,0,1,Car,1
33,1766856,Salaried,7,79415,24,Average,149128,0.08440298224474306,1,85567,4,1,Car,0
47,1395112,Self-Employed,5,1909932,12,Average,48221,0.03456422526347328,0,236009,5,0,Personal,0
26,2383654,Business,0,212879,120,Good,540254,0.2266494102544202,0,269067,4,1,Business,0
26,1412121,Salaried,4,984303,24,Bad,75111,0.05319016345613198,0,46210,1,1,Car,0
40,1265126,Business,11,1292556,60,Bad,604451,0.4777789107338631,1,548329,3,1,Car,1
29,1222588,Self-Employed,4,1613933,24,Good,481345,0.39370957860736516,0,1483517,5,0,Education,0
53,124806,Self-Employed,20,571270,12,Good,486219,3.895767064347352,0,646740,5,0,Personal,1
34,476721,Business,12,1730076,180,Good,6042,0.012674053221793834,1,988106,2,1,Car,0
22,2296449,Salaried,0,1768330,24,Average,449756,0.19584837466524418,0,280085,0,1,Car,0
62,2318580,Self-Employed,18,114048,12,Bad,711631,0.3069252271108924,0,1450512,1,0,Personal,0
47,716970,Salaried,18,57914,60,Good,62953,0.08780410923175415,1,215837,5,1,Home,0
62,1676404,Salaried,22,1216627,12,Bad,764425,0.4559906466516146,1,1150266,5,1,Education,1
49,242865,Salaried,5,1287236,180,Average,502431,2.0687580805876493,0,1170522,5,1,Home,1
21,2314920,Salaried,0,660317,12,Bad,7042,0.0030420044571715407,1,254622,0,1,Business,1
34,878691,Self-Employed,13,101126,24,Good,56746,0.06458008039221934,0,648179,0,0,Education,0
63,2202085,Business,24,1588859,24,Bad,627707,0.2850510833818479,1,424556,1,0,Education,1
34,588409,Salaried,10,827345,12,Average,60914,0.10352305365306504,1,653947,1,0,Education,1
43,1323591,Salaried,4,1831177,12,Average,375260,0.2835163706036301,1,331690,5,1,Education,1
53,1002195,Salaried,15,302090,180,Bad,6255,0.006241294118116616,0,1347876,3,0,Personal,0
62,1785384,Salaried,23,372866,180,Average,558876,0.31302828241527736,0,24290,0,1,Car,0
42,675987,Self-Employed,7,164115,12,Average,257194,0.3804712509689521,0,17763,3,0,Car,0
43,1258534,Business,7,603545,24,Average,214335,0.17030515639215438,0,677014,4,0,Car,0
52,1388151,Self-Employed,13,705951,120,Average,24422,0.017593174234521867,1,1103891,2,1,Business,0
32,2264200,Self-Employed,11,1459145,12,Good,114503,0.05057104029191754,1,749992,4,1,Personal,0
41,312489,Self-Employed,4,149181,180,Good,83996,0.2687958014656469,0,1095814,4,1,Car,0
26,1234003,Business,0,814596,36,Bad,317639,0.2574051623819696,1,316112,4,0,Personal,1
43,2402197,Business,15,1317777,24,Average,157662,0.06563239166796409,0,368524,1,1,Home,0
27,1906239,Salaried,2,866878,120,Good,264729,0.13887495803256672,0,213694,0,1,Personal,0
41,1283855,Self-Employed,8,1879012,60,Bad,50612,0.0394218666267868,0,229235,2,0,Personal,0
61,159680,Self-Employed,30,1842703,60,Bad,263414,1.6496264427201734,1,1301502,1,1,Business,1
21,984512,Business,0,923564,24,Good,751829,0.7636557363894636,1,344018,3,0,Personal,1
25,2216958,Salaried,3,1749211,180,Bad,211845,0.09555657096049137,1,1195932,4,0,Car,1
60,2097276,Business,34,1256520,180,Good,423754,0.20204961004197347,1,202364,3,0,Home,0
53,867928,Self-Employed,13,400940,120,Bad,733492,0.8451059936930325,1,1007676,4,1,Personal,1
35,1368948,Self-Employed,7,589438,180,Bad,507820,0.3709561130473086,1,396640,2,1,Education,1
35,854228,Self-Employed,3,246805,120,Bad,783512,0.9172154071098031,1,124971,0,1,Home,1
62,651386,Business,32,1107638,60,Bad,590333,0.906270772981346,0,1034655,1,1,Education,1
45,738791,Salaried,0,736706,12,Average,196453,0.2659111089454136,1,1411274,2,1,Personal,1
45,2152463,Salaried,15,680185,180,Good,130257,0.0605152978168276,0,218709,1,1,Home,0
55,1074729,Salaried,27,1373311,12,Bad,354568,0.32991355968475805,1,1320349,1,1,Education,1
44,2332717,Business,18,563613,36,Average,62785,0.02691495500099026,1,811914,1,0,Home,0
28,1737346,Salaried,6,170684,36,Bad,310055,0.1784646360226253,1,861525,0,1,Personal,1
22,427361,Business,1,761693,120,Good,649958,1.5208605350967095,0,1138564,2,0,Personal,0
38,2231167,Salaried,9,1313045,120,Average,133569,0.05986505722563249,1,455868,2,1,Home,0
29,973755,Salaried,4,802438,60,Good,487539,0.5006788148160319,1,904043,1,1,Education,1
23,1918156,Salaried,0,1311472,60,Bad,783611,0.4085228685660246,1,99219,4,1,Home,1
56,247192,Salaried,24,1841141,36,Good,701582,2.8381952563381647,1,1413617,0,0,Education,1
56,569948,Salaried,32,1381903,180,Good,105759,0.18555870788438966,1,543687,2,1,Education,0
33,609680,Business,4,573085,180,Bad,521752,0.8557786777019458,0,776496,3,0,Business,1
44,2169248,Business,7,1484362,36,Bad,748443,0.34502401522370185,0,1410429,2,0,Car,0
30,2495994,Self-Employed,0,366292,180,Average,639567,0.2562372921420115,0,177619,3,1,Education,0
48,542532,Business,15,1274898,12,Average,185757,0.34238838927770293,0,1478230,1,0,Education,0
48,1836224,Salaried,15,1882858,60,Bad,203382,0.11076093615978434,0,404670,1,1,Business,0
51,2131935,Salaried,19,1511446,180,Good,717034,0.33632998363928374,0,25829,1,1,Car,0
24,961170,Self-Employed,0,321125,24,Average,387228,0.4028710812123961,1,1453051,1,1,Business,0
54,281452,Salaried,2,1658212,120,Good,747003,2.654094999875645,0,1466341,4,0,Personal,1
37,1236448,Self-Employed,6,64013,12,Good,501117,0.4052872378885017,1,480198,4,0,Car,0
29,1112849,Self-Employed,0,758106,36,Bad,599541,0.5387437660062003,0,768981,0,1,Car,1
52,410410,Self-Employed,9,1000192,24,Good,44122,0.10750686506940603,0,1139440,3,0,Home,0
50,865419,Salaried,5,1136612,36,Bad,123354,0.14253657183795151,0,707333,5,1,Home,0
28,2109860,Self-Employed,5,423438,180,Bad,671393,0.3182166976876676,1,108583,5,0,Car,1
49,598728,Business,20,571503,12,Bad,417974,0.6981021463800818,1,1209258,1,0,Car,1
43,1529107,Business,12,132005,60,Good,498984,0.32632358211454,1,403150,4,1,Business,0
52,2226284,Business,12,1706184,120,Average,560536,0.25178088160320894,1,53972,3,0,Home,1
62,377855,Salaried,20,1393675,60,Good,219369,0.5805624364837398,1,63348,1,0,Personal,1
41,626000,Salaried,4,704476,12,Average,363028,0.5799160065239513,0,446068,3,1,Personal,0
64,340632,Business,27,1345681,120,Average,418152,1.2275733707538612,0,1164407,5,1,Car,1
22,2283293,Self-Employed,0,984253,60,Average,83148,0.036415809790592016,1,557954,2,1,Home,0
40,671928,Self-Employed,4,1932945,180,Good,540761,0.8047888988271082,1,260852,4,1,Car,1
38,1575253,Self-Employed,11,525428,36,Bad,288209,0.1829603352856111,1,1036918,1,1,Car,1
62,2032365,Salaried,4,1019271,12,Good,139414,0.06859689642515177,1,1194301,4,0,Education,0
44,2153435,Self-Employed,16,1481557,36,Average,499900,0.23214063478088043,1,1317180,2,0,Education,0
49,1571170,Self-Employed,15,77140,60,Good,369987,0.2354848708383747,0,1064789,0,0,Business,0
36,2064129,Salaried,8,1222122,12,Average,371844,0.18014563036242873,1,963413,4,1,Home,0
36,390984,Self-Employed,15,685679,180,Good,332626,0.8507385193805389,1,730147,3,0,Car,1
35,1427272,Self-Employed,9,59719,120,Good,268293,0.1879759513421749,0,750151,0,1,Personal,0
52,252973,Self-Employed,3,1445625,180,Bad,594979,2.351937353245788,0,418337,1,1,Business,1
33,132202,Business,9,903048,60,Average,788453,5.963956945001248,0,1498118,2,0,Education,1
23,1387354,Business,1,1913989,180,Good,143453,0.10340035535245125,0,1187007,1,0,Education,0
43,1412847,Self-Employed,22,1799008,120,Good,91470,0.06474157163403282,0,207933,4,0,Home,0
64,1419782,Salaried,2,962072,24,Good,475970,0.3352413713926706,0,1091183,3,0,Personal,0
55,349351,Self-Employed,7,1125609,12,Bad,373623,1.0694743410657446,1,966798,4,0,Personal,1
33,1651598,Salaried,6,561627,36,Bad,101090,0.061207351179069495,1,1153825,5,1,Home,1
32,2114389,Business,10,1174025,120,Average,487442,0.23053552088309157,1,1422714,4,1,Education,0
36,1977904,Self-Employed,8,320793,180,Bad,87232,0.04410323043826675,0,744725,0,1,Home,0
55,1165158,Business,8,1528454,24,Bad,236164,0.2026882168013121,1,574536,2,0,Personal,1
31,1091373,Salaried,7,996903,36,Average,609619,0.5585793687590138,1,985184,3,1,Business,1
36,1691544,Salaried,9,432912,24,Good,610263,0.3607725481734154,0,521794,1,0,Business,0
45,1699458,Self-Employed,6,1104953,180,Average,456354,0.26852898481222554,1,521372,0,1,Education,0
48,246423,Salaried,4,1410794,60,Bad,263625,1.0698024543063986,0,318283,1,0,Business,1
58,2476103,Salaried,37,632006,24,Bad,5768,0.002329465967503788,0,942703,2,1,Education,0
45,843472,Business,12,235734,60,Average,573717,0.6801841908395408,0,804873,1,1,Home,0
33,1393883,Self-Employed,3,710666,120,Average,81674,0.05859454588760614,1,1448328,0,1,Home,0
25,1197285,Business,1,1554730,36,Average,249578,0.20845311813551648,0,283090,2,1,Car,0
45,1183589,Salaried,12,1674028,12,Good,321298,0.2714605564426871,0,549167,0,1,Car,0
55,706674,Business,14,480293,120,Average,792280,1.1211377224325185,1,1089880,5,1,Business,1
61,834626,Salaried,8,1735911,60,Good,570603,0.6836622826723794,0,356206,0,0,Car,0
61,661447,Business,5,1638744,24,Good,425486,0.6432644743048584,1,170047,1,1,Car,1
31,2225950,Salaried,7,804093,60,Average,60716,0.02727643151174487,1,566252,5,1,Education,0
33,1688861,Salaried,10,273384,24,Average,714891,0.42329746302539817,0,1205844,1,1,Home,0
32,1711536,Self-Employed,4,731494,60,Good,215084,0.12566716349106097,1,286281,2,1,Education,0
58,2086363,Business,0,355138,12,Bad,454215,0.21770649800322475,1,1289768,3,1,Personal,1
52,335126,Business,6,510234,36,Bad,22710,0.06776535462675344,0,914759,2,1,Car,1
34,545997,Salaried,3,99907,120,Bad,401576,0.7354898735892805,1,641255,2,0,Business,1
40,1023781,Business,15,740415,60,Good,408284,0.3987997444768515,1,364813,3,0,Personal,0
50,1388046,Business,21,1795620,180,Good,509430,0.3670120680351602,1,289137,2,1,Car,0
59,2405699,Salaried,33,193461,60,Average,744875,0.3096292139502016,0,1303718,0,1,Personal,0
26,1570655,Salaried,2,1185515,180,Good,432089,0.27510097691665136,1,1461891,1,1,Car,0
47,2220051,Business,3,1281108,12,Average,412063,0.18560961635132872,1,1413014,4,0,Business,0
21,216127,Business,0,499441,60,Bad,392323,1.8152344906721942,0,258096,3,1,Home,1
64,2441373,Business,9,676693,36,Bad,56907,0.023309415108049812,1,230603,0,0,Education,1
38,1939554,Business,16,1648518,120,Good,119976,0.06185748792893215,0,93496,5,0,Home,0
50,1007211,Self-Employed,28,689814,120,Bad,751663,0.7462808227066398,1,659047,2,0,Personal,1
41,624492,Self-Employed,19,1875096,60,Good,514280,0.8235160362085724,1,499771,5,0,Car,1
38,1219762,Business,1,1677166,60,Good,267221,0.21907616479594808,0,505581,0,0,Business,0
40,1708883,Business,14,1681475,24,Average,343296,0.20088900124291642,1,1459677,2,0,Business,1
56,2346829,Salaried,0,1236244,180,Good,383497,0.1634106432932935,1,274376,0,0,Personal,0
34,426107,Business,6,696185,120,Good,744571,1.7473762520300018,1,1437882,0,0,Car,1
56,2482349,Business,34,412491,12,Bad,91388,0.03681511470985155,0,963034,5,0,Home,0
31,1887945,Self-Employed,7,921643,24,Bad,127742,0.06766189287193596,1,354949,5,0,Personal,1
44,1613055,Business,8,1941117,12,Bad,516967,0.32048918326456116,0,1069720,5,0,Business,0
50,2378261,Self-Employed,1,689448,36,Average,335383,0.14102020719332017,0,817508,1,0,Personal,0
23,566200,Business,2,1342889,60,Good,575581,1.0165665549866567,1,461660,4,1,Home,1
29,1477484,Salaried,6,1123515,36,Bad,511373,0.3461104512059344,0,379289,5,0,Education,0
57,1426569,Business,29,1033509,24,Bad,202107,0.1416733844115606,0,516407,5,0,Home,0
52,280278,Self-Employed,16,93129,24,Bad,659683,2.353665454778988,0,459740,2,0,Personal,1
61,2098382,Salaried,21,914858,12,Bad,438323,0.2088860803771285,0,1430433,3,1,Personal,0
53,794964,Self-Employed,23,136547,36,Average,789872,0.9935934286415126,1,523587,4,0,Car,1
57,2208365,Business,32,1223022,36,Bad,553633,0.2506980274103115,1,645993,5,1,Business,1
25,1120104,Self-Employed,4,1250854,60,Good,429884,0.38378901977939567,0,125044,4,1,Car,0
29,1349517,Self-Employed,0,274418,60,Bad,3857,0.002858057469407596,1,340111,5,0,Personal,1
33,1853499,Business,1,1752475,120,Bad,17013,0.009178850822767736,1,1414753,2,0,Education,1
53,881285,Self-Employed,17,1908626,36,Good,764933,0.8679736203684162,1,98083,0,0,Business,1
42,1736966,Salaried,1,1189167,12,Bad,509973,0.29359970569389054,1,279088,5,1,Education,1
28,2093990,Business,3,1899811,36,Average,731847,0.34949863681362525,0,1276749,3,1,Education,0
55,1139800,Salaried,17,608517,60,Good,766702,0.6726630350385725,1,1340180,4,1,Personal,0
51,1699689,Salaried,22,1955843,12,Good,376238,0.2213568356582671,1,1416403,3,0,Personal,0
61,1636159,Salaried,39,1951273,180,Good,225932,0.13808673968316057,1,942512,3,0,Home,0
54,1564602,Self-Employed,33,1898143,180,Good,211641,0.13526817985137443,1,1238870,0,0,Personal,0
49,1314339,Salaried,14,868020,36,Average,138594,0.10544760107734681,0,1372589,4,1,Personal,0
61,1033836,Business,29,513302,36,Average,365891,0.3539155592225854,0,1494368,1,1,Car,0
35,462459,Salaried,4,1000447,120,Bad,203862,0.4408208277472646,1,1134025,0,0,Car,1
42,2400286,Business,12,1354270,12,Bad,175335,0.07304751473469631,1,377893,0,1,Education,1
25,2465867,Self-Employed,4,1027474,36,Average,773496,0.3136810242884047,1,629010,1,1,Car,0
50,1001169,Salaried,20,1293891,120,Bad,393222,0.3927624679125423,1,1040571,5,0,Business,1
44,1816883,Business,18,451470,60,Average,713144,0.39250937319058343,1,804183,2,1,Business,0
59,1493866,Salaried,9,1409607,60,Good,757610,0.5071468879090307,0,118035,1,1,Car,0
59,341141,Salaried,34,65218,120,Good,666011,1.9522984563612806,1,1486051,5,1,Business,1
26,619139,Self-Employed,0,1701110,180,Bad,129674,0.20944212940530413,1,1028325,2,0,Home,1
57,1410955,Self-Employed,28,130481,24,Average,672081,0.47633023283504233,0,974472,5,0,Home,0
32,1606662,Salaried,6,924025,12,Good,403739,0.25129040750922876,0,248025,3,1,Personal,0
60,1013109,Salaried,13,1849084,36,Average,95454,0.0942187916415789,1,1279145,2,1,Business,1
31,301413,Salaried,8,1460682,120,Average,613771,2.03630554652405,0,672169,1,1,Education,1
29,1960072,Salaried,8,961938,36,Average,573670,0.292677874752624,1,164834,3,0,Education,0
50,1407800,Self-Employed,25,512791,36,Average,300831,0.21368858240617813,1,324999,4,1,Education,0
22,1025558,Salaried,1,395676,24,Bad,500050,0.48758774482989276,1,1243159,2,1,Home,1
34,126041,Salaried,9,497973,60,Average,524709,4.162969486361689,1,1090849,1,0,Education,1
39,2368450,Business,3,549459,36,Good,285049,0.12035250043171676,0,459929,2,1,Education,0
23,771391,Business,0,540248,60,Average,269101,0.3488511677590641,1,63425,5,1,Education,1
23,1597889,Self-Employed,1,1037637,120,Bad,192928,0.1207392248527746,0,1495918,4,0,Car,0
64,900965,Self-Employed,20,1149742,120,Bad,498338,0.5531152118947885,1,538194,5,0,Business,1
40,2017795,Self-Employed,7,239234,24,Bad,755353,0.3743455730906395,0,1218098,5,0,Car,0
21,1080665,Self-Employed,0,1008709,12,Good,352648,0.3263246923656338,0,69794,1,0,Business,0
39,1838191,Business,15,1339371,60,Average,313489,0.17054203260595194,1,1191423,4,0,Car,1
47,1506791,Self-Employed,6,470153,12,Average,637207,0.42288982155466714,0,584156,5,0,Home,0
46,1398539,Self-Employed,17,1639230,12,Bad,114379,0.08178457534285755,0,771237,4,1,Business,0
43,1372099,Self-Employed,11,1897504,12,Good,32804,0.023907878434516434,0,1384174,3,1,Business,0
28,1122383,Salaried,4,831563,120,Average,357878,0.31885522245505993,0,1319418,3,1,Personal,0
33,1903150,Salaried,1,422855,60,Good,486708,0.2557379840065239,1,78457,3,0,Car,0
48,2204369,Self-Employed,6,1154148,120,Bad,615464,0.27920176739839503,1,542118,0,1,Education,1
64,1756894,Salaried,41,1441052,180,Average,514500,0.2928461860270534,1,482618,5,1,Personal,1
60,1434025,Self-Employed,37,1038202,12,Good,455907,0.31792101398440475,1,1335169,5,0,Personal,0
33,357035,Salaried,8,1976055,120,Average,219509,0.6148091508979486,1,1498502,1,1,Car,1
58,1379409,Self-Employed,7,435734,36,Bad,33761,0.024474956684379552,0,111971,0,1,Business,0
30,196089,Salaried,7,526892,60,Good,432143,2.203799275842725,0,71064,4,1,Education,1
28,2209315,Salaried,2,634374,12,Bad,442931,0.2004833170085221,0,571902,2,1,Personal,0
33,1151785,Business,6,1397608,24,Bad,534856,0.46437098558239115,0,1271321,3,0,Education,1
46,385088,Self-Employed,11,496359,60,Bad,190989,0.49596067402600436,1,384501,1,1,Education,1
23,686994,Self-Employed,0,244540,24,Good,58643,0.0853616110743164,1,151188,3,0,Education,0
45,371515,Business,6,1099798,12,Average,135712,0.36529247730918724,0,922418,1,1,Education,0
37,2123828,Salaried,14,1378915,36,Bad,441106,0.20769374558874562,0,923191,4,0,Personal,0
21,1877732,Self-Employed,0,1530465,60,Bad,570311,0.3037231597889583,1,1145422,1,0,Education,1
26,1282261,Self-Employed,2,388649,36,Good,70727,0.05515799423206802,1,627208,4,0,Home,0
23,154754,Salaried,2,1063442,120,Bad,780077,5.0407224322315916,1,997353,3,1,Home,1
29,792971,Salaried,7,227896,24,Bad,403285,0.508574073233355,1,474743,5,1,Car,1
31,1877569,Salaried,6,123012,180,Good,461721,0.2459141336940833,0,996530,5,0,Personal,0
48,840098,Business,5,158387,12,Good,201739,0.24013717430921833,1,148729,1,0,Business,0
26,713534,Self-Employed,4,478924,24,Average,35847,0.05023860076940865,0,1259684,0,1,Car,0
61,210849,Self-Employed,10,260339,12,Bad,102851,0.4877922693858193,1,1022608,1,0,Car,1
36,871147,Business,0,1996564,120,Good,688499,0.7903352817202128,0,240164,2,0,Personal,0
46,698815,Self-Employed,18,955620,180,Average,375387,0.5371757372470006,0,661010,3,0,Home,0
31,2426628,Self-Employed,1,1350504,12,Average,25202,0.010385600765506387,0,1034013,0,0,Car,0
41,1959315,Business,17,1329598,60,Average,321487,0.16408124059620807,1,608843,0,0,Personal,0
26,773738,Business,5,1480416,24,Average,736425,0.9517744355654814,0,808814,3,0,Business,0
49,2403445,Self-Employed,6,170786,180,Average,150340,0.06255185263159646,0,1488481,1,0,Business,0
41,2432555,Business,3,960724,120,Bad,437718,0.17994159230044446,0,197033,5,0,Car,0
35,1142791,Self-Employed,8,1450935,12,Average,662858,0.5800338119272799,1,385387,5,0,Personal,1
38,2334687,Business,11,527859,36,Good,12140,0.0051998382653271015,0,1369172,2,1,Business,0
62,2385812,Business,10,219771,180,Bad,144625,0.06061874924815985,1,359585,2,0,Car,1
25,1381659,Salaried,3,973273,12,Bad,570873,0.41317907444668006,0,62063,3,0,Personal,0
61,1470640,Self-Employed,0,817436,12,Bad,729957,0.4963529508561233,0,813774,5,1,Business,1
44,903815,Self-Employed,2,1656606,36,Average,202979,0.2245800030094621,1,815146,4,0,Business,1
34,2214938,Business,13,1951864,36,Good,351268,0.15859037201475978,1,1173364,0,1,Home,0
26,1933412,Business,0,1361960,36,Bad,313865,0.16233727610189855,0,369389,1,0,Car,1
43,2418512,Business,10,1818771,180,Good,403794,0.16695961526772857,1,1003747,3,1,Business,0
46,1834624,Self-Employed,19,1085896,180,Average,485437,0.2645973972882742,1,724298,2,0,Business,0
45,2251448,Salaried,18,376239,12,Good,439488,0.19520228972541684,0,1042685,2,0,Car,0
60,860575,Business,35,1372410,60,Good,575709,0.6689810080690143,0,7270,5,1,Home,0
54,680664,Business,25,866346,120,Average,105909,0.1555963653192099,0,141266,0,0,Personal,0
36,1219847,Self-Employed,14,1283885,36,Good,762311,0.624922941218906,1,1061473,4,1,Education,1
25,1985521,Business,2,1326793,12,Good,403092,0.20301563014663146,1,748037,4,0,Car,0
27,1942033,Self-Employed,5,822414,12,Bad,481919,0.24815168014566172,0,426123,5,1,Home,0
23,1624914,Self-Employed,2,102054,60,Average,378849,0.23315004169448864,1,83138,0,1,Business,0
25,2336476,Salaried,1,1228475,60,Bad,32732,0.014009125705067928,1,1451436,5,0,Car,1
44,336166,Salaried,20,1558639,60,Good,221930,0.6601778282817766,0,301188,5,0,Home,1
38,294821,Business,2,179615,12,Good,344817,1.1695768972464742,0,555351,3,0,Business,0
25,2474696,Self-Employed,3,830028,60,Good,598560,0.2418720352431025,0,756570,5,1,Education,0
31,1746692,Business,9,1184722,12,Average,753038,0.4311221262122193,1,224506,2,0,Personal,0
57,900048,Self-Employed,19,1907266,24,Good,786307,0.873626880314294,0,225249,1,1,Home,0
51,1022305,Salaried,2,887403,36,Good,376168,0.3679602780380825,1,466148,3,1,Business,0
49,640654,Salaried,3,1148658,60,Bad,324264,0.5061444927457056,0,322874,1,1,Car,1
37,1355229,Business,7,579302,24,Average,512274,0.3779978306265357,1,1083834,2,1,Education,0
56,670297,Self-Employed,26,1752604,12,Bad,725939,1.0830093480810028,1,1367595,1,1,Personal,1
53,1272877,Business,25,810019,120,Good,311870,0.24501169790034866,1,1139783,4,0,Education,0
54,2149934,Salaried,26,429299,24,Good,329268,0.15315253716972838,1,317169,4,1,Education,0
56,1866865,Salaried,5,50409,12,Average,626551,0.33561648238277414,1,277528,0,1,Home,0
23,2072421,Business,1,979562,180,Bad,85398,0.04120685844871363,0,1484738,2,0,Personal,0
44,1713782,Self-Employed,4,235995,36,Average,380725,0.22215473020796683,1,548095,3,1,Education,0
38,2099398,Business,11,631089,60,Good,767727,0.36568894240685074,0,1303007,5,1,Home,0
22,1882613,Salaried,1,154352,24,Good,129453,0.06876236976884269,1,602281,5,0,Home,0
50,163070,Business,20,934844,36,Good,131817,0.8083411520135401,0,124396,3,1,Education,1
33,1656416,Self-Employed,4,1629899,36,Bad,445679,0.269062077967082,1,1270469,3,1,Personal,1
62,968123,Self-Employed,33,1207623,120,Average,215193,0.2222783445095876,0,104671,5,1,Business,0
61,1632498,Salaried,23,1223675,12,Average,342996,0.21010487602136357,1,96587,3,0,Education,1
57,348621,Business,16,348327,120,Average,694237,1.9913746120439904,1,491790,4,0,Personal,1
54,1519042,Salaried,10,1954538,60,Average,404872,0.26653096719447705,0,1002254,5,0,Business,0
31,552002,Salaried,9,1533782,24,Bad,492379,0.8919860942784731,1,1094070,3,0,Car,1
50,306674,Self-Employed,13,1866099,24,Good,245086,0.7991717616369121,0,1287666,2,1,Car,1
32,536782,Salaried,8,1155242,120,Average,8315,0.01549043095627097,0,221011,3,0,Car,0
45,1664657,Salaried,17,1079283,36,Bad,553731,0.33263949712193136,1,69466,0,1,Personal,1
25,2019245,Self-Employed,1,1837953,60,Bad,355028,0.17582206427547709,0,925839,5,0,Personal,1
23,495406,Business,0,822549,24,Average,778264,1.5709588277920983,1,149813,3,1,Business,1
21,1017257,Salaried,0,1289874,12,Bad,209812,0.20625249445076863,1,171140,1,1,Business,1
35,1169874,Salaried,0,1014406,60,Good,38599,0.03299412330377177,1,537188,3,0,Home,1
44,811991,Salaried,21,1368120,120,Good,553108,0.6811741987605789,0,36295,2,0,Education,0
39,1204362,Salaried,13,179457,60,Average,105622,0.08769947266729383,1,356132,3,0,Personal,0
43,687499,Self-Employed,15,1512735,24,Average,705485,1.02616,0,930118,4,1,Business,0
41,173160,Self-Employed,2,1661629,36,Good,48343,0.27917949191792607,1,401408,5,0,Car,1
40,192283,Self-Employed,17,1719570,180,Good,453210,2.3569823802292444,1,497733,3,0,Home,1
21,2497620,Business,0,1760946,12,Bad,762876,0.3054410577105173,1,876635,1,1,Home,1
55,1851069,Salaried,20,1626527,24,Bad,585527,0.31631812951428095,1,136153,2,1,Personal,1
29,1868310,Self-Employed,1,1973010,120,Average,233717,0.12509534012270976,1,240416,5,0,Business,1
41,1312366,Self-Employed,4,1933980,36,Bad,638695,0.486674078211354,0,454391,4,0,Education,1
39,777630,Salaried,13,647431,12,Good,717606,0.9228104332260416,0,1137704,2,0,Car,0
61,164362,Salaried,0,984690,120,Good,628726,3.825228305640564,0,1029026,2,1,Education,1
24,1863711,Business,0,720035,36,Good,244131,0.13099180560086537,1,975590,3,1,Car,0
48,1265511,Salaried,10,315202,120,Bad,263993,0.20860568686823988,1,548488,5,0,Business,1
24,1456191,Self-Employed,3,1385776,120,Good,135109,0.09278240781435415,0,79298,2,0,Business,0
53,163654,Salaried,2,498063,12,Bad,565624,3.4561974886193516,1,33026,2,0,Business,1
59,2396314,Self-Employed,8,769440,60,Bad,120891,0.050448709789823125,0,51304,1,0,Home,0
25,1764286,Salaried,3,905565,60,Average,264458,0.14989511343675943,1,127931,5,0,Home,0
62,1792884,Business,11,157668,180,Good,794446,0.44311040585425165,0,313623,4,1,Personal,0
52,2067673,Salaried,7,366697,12,Bad,730595,0.35334148419915323,1,681900,5,1,Education,1
29,2429207,Business,5,979425,24,Average,418696,0.1723590569436623,1,398775,5,0,Business,0
41,926214,Business,11,888435,12,Average,623737,0.6734257164913114,1,339466,2,1,Business,1
47,2084225,Salaried,9,1327634,36,Good,63056,0.030253916801728797,1,631402,3,0,Business,0
21,605281,Salaried,0,1692444,36,Good,278733,0.4605010557062658,1,1322704,1,1,Business,1
37,1188136,Business,11,1724973,36,Bad,472751,0.39789266725975203,1,4323,5,0,Business,1
31,1037395,Business,3,1800689,36,Good,137513,0.1325559381374133,1,873896,4,0,Personal,0
37,2215627,Salaried,3,996728,36,Average,668931,0.30191485213221714,0,96381,1,0,Business,0
38,1704013,Business,8,1895418,12,Average,695187,0.4079702396811294,0,1337344,3,0,Home,0
49,206599,Business,16,193316,180,Average,79891,0.38669409486931267,1,947514,0,0,Car,1
41,2456908,Business,12,1037822,120,Average,620593,0.2525909588023,0,1046183,2,0,Home,0
62,2042945,Business,13,1488057,120,Average,250000,0.1223722996104645,1,696908,0,1,Business,1
21,1090094,Salaried,0,847209,12,Bad,493171,0.45241102839660763,0,119981,4,1,Personal,1
54,681736,Salaried,18,150054,12,Average,338472,0.4964847147800398,0,495709,4,1,Car,0
27,1999553,Salaried,3,1698106,60,Bad,200449,0.10024685504867585,0,308891,5,1,Business,0
48,1976459,Business,25,1739518,24,Average,44604,0.022567620897969095,1,1335655,5,0,Education,1
38,1066573,Business,9,1688447,24,Good,665007,0.6234982289086365,0,1297084,4,0,Home,0
29,2199770,Self-Employed,0,1534774,36,Bad,745354,0.338832542114611,0,287800,2,0,Car,0
22,2380247,Salaried,1,1045760,12,Average,157351,0.06610697708810175,0,14069,5,1,Personal,0
40,2083733,Salaried,1,1940229,12,Bad,259470,0.12452165199588815,0,1228591,1,1,Education,1
51,246365,Salaried,27,137731,180,Average,258984,1.051216482793892,1,1479444,5,0,Education,1
43,127977,Business,12,202876,120,Good,770905,6.023730641203957,0,28853,2,0,Business,1
47,1123431,Self-Employed,26,571606,24,Bad,375576,0.3343112889787722,0,998247,3,0,Personal,0
27,1888310,Salaried,3,1907431,12,Average,474812,0.251447987116529,1,1397616,4,0,Home,1
56,1298590,Business,32,1518468,36,Good,125143,0.09636829455925691,0,811721,5,0,Business,0
64,1776181,Self-Employed,30,687320,24,Bad,443396,0.2496343280136833,1,557746,5,0,Home,1
47,1487835,Salaried,10,1790283,24,Good,764683,0.5139565113359268,1,1234192,1,0,Business,1
43,1514705,Business,18,1490806,180,Average,131112,0.08655937191771869,0,522859,3,1,Car,0
25,701930,Business,0,1350398,24,Average,721774,1.0282691603590666,1,1341103,2,0,Education,1
41,569771,Salaried,2,1343671,36,Average,511799,0.8982522833694881,0,853418,0,0,Personal,0
44,1744611,Salaried,5,1205401,36,Bad,109550,0.06279333169782164,1,1059303,5,1,Personal,1
54,1690710,Business,19,747339,120,Bad,601524,0.35578168001509425,0,1365413,2,1,Business,0
54,959405,Salaried,15,1015590,120,Average,172651,0.1799561395279996,1,262832,0,0,Home,1
29,2162050,Self-Employed,5,671852,60,Good,726558,0.3360503521887319,0,1278906,5,1,Home,0
58,1657204,Salaried,25,398812,24,Bad,335092,0.20220310703865846,0,831762,2,0,Home,0
59,1529036,Self-Employed,33,1018895,180,Bad,164537,0.1076082527760937,1,657426,2,1,Personal,1
23,812802,Salaried,1,372565,24,Average,685805,0.8437530373288484,1,821352,1,1,Car,1
36,1326574,Salaried,11,1153515,60,Bad,76876,0.05795073780223508,0,1281041,1,0,Home,0
22,2322710,Salaried,1,254118,24,Bad,14389,0.006194916199217208,0,320938,5,1,Business,0
32,2365389,Business,0,1391989,120,Good,143033,0.060469098119126236,0,911720,3,1,Home,0
36,507809,Salaried,1,1718591,120,Average,251465,0.49519505326795454,1,488658,5,1,Home,1
24,1751558,Salaried,3,678982,24,Good,323126,0.18447908406168448,1,1310886,0,1,Car,0
53,1331070,Self-Employed,32,904589,36,Good,366914,0.27565321459185876,1,1194941,1,1,Business,0
49,886690,Salaried,27,1390966,60,Good,253902,0.28634778068120686,0,568832,2,0,Personal,0
57,1458970,Business,20,992005,24,Average,186566,0.12787505714644087,1,520874,0,0,Personal,0
22,893993,Self-Employed,0,953821,36,Good,64336,0.07196468880104341,1,1317030,0,1,Education,1
63,323867,Self-Employed,37,1616447,120,Bad,542906,1.676318747143898,0,181837,0,0,Car,1
35,136941,Self-Employed,6,195065,120,Bad,40198,0.29354033094302695,1,972718,2,0,Personal,1
44,858137,Salaried,13,1356862,24,Average,329490,0.3839592233417003,1,805172,1,0,Home,1
36,1352865,Self-Employed,13,603665,120,Good,53539,0.039574503313705864,0,875682,2,0,Business,0
44,1807792,Salaried,4,1179846,180,Good,611228,0.3381072943639012,0,204520,0,1,Personal,0
29,215695,Self-Employed,4,1748959,180,Bad,512741,2.3771465395742157,1,1088291,5,0,Business,1
35,788546,Business,2,96632,24,Good,678180,0.8600375120316227,0,176570,2,0,Personal,0
28,1396503,Business,5,789004,36,Average,492322,0.3525389114531716,0,1049487,0,1,Home,0
55,544967,Self-Employed,11,1519872,120,Average,498541,0.9148078419283334,0,205135,2,1,Business,0
24,353708,Business,0,1805103,180,Average,209401,0.5920149049077066,0,229774,2,1,Car,1
23,2166906,Salaried,1,65993,24,Good,417669,0.19274892738820817,1,322744,1,1,Personal,0
61,545885,Business,2,1158854,12,Good,647545,1.1862275273591922,1,398390,3,1,Education,1
56,1354715,Self-Employed,27,1108426,60,Average,70068,0.051721541636771104,0,400322,1,1,Business,0
59,742645,Self-Employed,12,1710279,12,Average,757306,1.019740226164283,0,1196111,0,0,Car,0
48,938235,Salaried,14,1251996,12,Average,735945,0.7843921998303198,0,1015556,3,0,Education,0
39,438719,Business,14,649592,180,Bad,156591,0.35692696936542667,1,89883,3,0,Car,1
63,785072,Self-Employed,0,1020120,12,Good,599766,0.7639620774119095,1,461097,0,0,Home,1
46,2434717,Self-Employed,24,1823267,36,Average,29794,0.012237146149985337,1,485809,3,1,Car,1
45,1149388,Salaried,12,1383643,12,Bad,255383,0.2221902245453889,0,252763,0,0,Home,0
54,525890,Self-Employed,21,135332,180,Average,581146,1.1050693014331867,1,397525,4,0,Business,1
64,1436631,Self-Employed,16,784980,12,Bad,167461,0.11656499367966187,1,233018,1,1,Business,1
47,2494837,Salaried,8,1490863,12,Good,672345,0.26949445214478857,1,74339,2,0,Personal,0
47,370021,Salaried,15,505407,60,Good,341207,0.9221262519525866,0,1263676,4,0,Car,1
64,512092,Business,26,1854321,120,Average,373140,0.7286567088399959,1,1472044,0,0,Personal,1
30,1618809,Business,9,1290861,36,Average,681758,0.4211476331379223,1,581827,0,0,Home,1
39,779657,Self-Employed,12,1439086,12,Bad,622632,0.798596307611799,0,635967,1,1,Home,1
62,220341,Self-Employed,10,1584755,120,Average,180587,0.8195759319603162,1,868127,3,0,Personal,1
59,1087234,Salaried,27,1159784,180,Average,605723,0.5571224252346548,0,604562,5,1,Home,0
39,1519314,Salaried,17,1560316,12,Good,243824,0.16048284917874173,0,1524,5,0,Business,0
36,1723665,Salaried,11,1038712,120,Average,786813,0.4564764867439516,0,1198019,4,0,Home,0
55,1277571,Salaried,18,754535,120,Good,408992,0.32013225086335645,0,655712,0,0,Home,0
23,1853661,Business,1,891153,180,Average,555946,0.2999176764696045,1,46536,1,0,Home,1
40,829987,Salaried,8,329149,12,Bad,360466,0.4343026646168378,1,862735,1,1,Home,1
34,1475419,Business,2,497005,60,Good,160360,0.10868769570698512,0,1146004,4,1,Home,0
50,1533104,Self-Employed,9,1836020,24,Average,531240,0.34651246979169725,0,110253,5,0,Personal,0
42,1270039,Salaried,9,51495,12,Good,714496,0.5625775566123902,1,81655,5,1,Business,0
55,2163535,Salaried,4,342766,36,Good,418156,0.19327434348215144,1,580644,0,1,Car,0
63,1499696,Self-Employed,24,890002,60,Good,639733,0.4265748347832929,0,372005,3,1,Personal,0
50,237439,Salaried,4,1100367,60,Good,744402,3.1351162398921835,0,1313109,2,0,Business,1
38,2381282,Salaried,11,850182,24,Average,653460,0.2744150947199472,1,122803,3,0,Business,0
29,1852488,Business,6,1457392,60,Average,141568,0.07642042678795934,0,844290,3,0,Home,0
50,223311,Salaried,12,1881601,60,Average,786775,3.523209679730601,1,1046992,2,1,Home,1
49,1037118,Self-Employed,23,781240,120,Average,375117,0.36169137774932286,1,613444,2,1,Business,1
58,2222935,Self-Employed,32,1014744,24,Average,459241,0.2065920926198505,0,732310,4,0,Car,0
42,1559955,Self-Employed,13,977069,36,Bad,287347,0.18420199031254728,1,1378951,2,0,Business,1
58,528803,Salaried,5,1825283,180,Good,601377,1.137239884720993,0,1314121,2,0,Personal,0
63,2102887,Self-Employed,31,585472,36,Average,275962,0.13123000369016324,0,1423705,5,0,Business,0
21,503413,Salaried,0,1761583,36,Average,61592,0.12234860373370625,0,187239,4,1,Car,0
49,2163748,Self-Employed,26,1301933,60,Average,507770,0.23467139672854845,1,715503,2,0,Education,0
32,2441650,Salaried,3,792705,24,Bad,322695,0.13216262274993437,1,1495191,5,0,Car,1
33,1914510,Business,4,1956510,36,Average,222233,0.11607820482619322,1,1240229,5,1,Education,1
58,2172489,Self-Employed,18,959578,12,Good,300930,0.13851847419320687,1,949370,5,0,Business,0
26,2155155,Salaried,2,1266694,12,Average,719978,0.33407233629491323,1,641522,0,1,Personal,0
28,236805,Business,4,1018455,12,Average,745594,3.148543533525333,1,1127314,1,1,Home,1
55,590984,Salaried,7,1772879,120,Average,169912,0.2875064510943594,0,1164359,3,1,Education,0
27,1451245,Self-Employed,5,1856928,12,Bad,388011,0.26736404441424816,0,627169,0,0,Education,0
63,2041678,Salaried,30,322620,120,Bad,327250,0.16028474603500353,0,1474347,3,0,Personal,0
43,1610993,Salaried,22,96716,180,Average,706186,0.4383542086438559,1,1303032,0,0,Education,0
50,257028,Business,4,460067,12,Average,543480,2.1144695734722543,0,975357,1,0,Business,1
42,722085,Salaried,5,1734535,60,Good,232902,0.32254052841351305,1,1060209,1,1,Home,0
56,1789965,Salaried,10,1853654,36,Average,599391,0.3348616677635218,1,1166417,3,1,Home,1
54,709313,Salaried,6,1340794,60,Bad,364305,0.5136018744871805,0,927238,5,1,Personal,1
57,2438433,Business,15,1641885,12,Bad,690152,0.28303083044281696,1,1037343,5,1,Car,1
59,2486310,Salaried,8,1449479,60,Good,71220,0.028644847728220645,1,629707,0,0,Education,0
41,1599637,Salaried,4,801889,12,Good,342756,0.21427097880895551,0,1118756,4,0,Car,0
23,718528,Business,1,936598,120,Bad,121178,0.16864733364972048,1,1301945,5,1,Personal,1
35,1690182,Self-Employed,0,1118968,60,Good,133048,0.07871810330597338,1,720888,2,1,Personal,0
40,2240006,Self-Employed,17,820701,24,Bad,21877,0.009766487336869929,1,497806,1,1,Home,1
30,1242786,Self-Employed,0,1828075,180,Good,115041,0.09256694831857752,1,331778,3,1,Personal,1
23,2071043,Business,1,967414,180,Bad,657333,0.31739209789845124,0,738303,0,0,Personal,0
31,2336291,Salaried,8,1510706,60,Good,649077,0.2778235768474146,1,326810,1,0,Education,0
25,2347803,Self-Employed,1,1401170,120,Good,283419,0.12071663563057222,1,314305,1,1,Car,0
42,457268,Salaried,1,318847,36,Good,672320,1.4702942906691685,0,1413052,2,1,Home,0
39,1953960,Business,8,751788,60,Good,303594,0.15537362311734984,0,579936,2,1,Personal,0
37,739642,Salaried,0,557349,180,Bad,623185,0.8425483645488432,1,535007,3,1,Car,1
43,2393243,Self-Employed,13,505001,120,Good,761670,0.31825839738864903,1,508008,0,1,Personal,0
40,1721192,Salaried,14,1040794,60,Bad,783814,0.4553899533637425,0,1133338,0,1,Home,0
24,1329820,Self-Employed,0,398377,120,Average,723096,0.5437543849886564,0,685837,4,1,Education,0
48,2475911,Salaried,9,645914,60,Good,342325,0.13826218379328506,0,1230460,2,0,Business,0
51,225825,Business,25,616650,36,Bad,203491,0.9010964193671234,1,171152,0,1,Home,1
41,226329,Self-Employed,8,553899,60,Good,388373,1.7159589979233862,1,1275321,0,0,Car,1
23,1437697,Self-Employed,1,548899,24,Average,143847,0.10005369695165466,1,1281777,3,1,Car,0
28,898790,Salaried,0,1801502,36,Average,155950,0.17351086070065233,1,1411128,5,0,Car,1
45,2316285,Self-Employed,6,213327,120,Average,136439,0.058904211310693066,1,885873,1,1,Personal,0
32,430989,Business,6,962222,24,Average,70581,0.16376482052947863,0,234618,2,1,Education,0
41,532846,Self-Employed,18,1349691,24,Average,497185,0.9330727206871766,0,585898,4,0,Education,0
56,598744,Self-Employed,32,1146503,60,Good,575508,0.9611904901084769,1,1214753,5,0,Business,1
45,1965354,Self-Employed,10,1821282,36,Good,522928,0.2660730504158282,1,437168,1,0,Car,0
22,665388,Self-Employed,1,749150,60,Good,617802,0.9284824365897242,1,590551,3,0,Personal,1
24,865692,Business,1,781984,24,Bad,798471,0.9223489158396799,1,368342,4,1,Business,1
31,804623,Business,1,310843,120,Good,714070,0.8874579928016068,1,991563,5,0,Personal,1
44,1028382,Business,5,671539,60,Bad,230780,0.22441055521143388,0,495031,0,0,Business,0
46,2455587,Self-Employed,16,607796,180,Bad,795930,0.3241301065162397,1,198365,0,1,Home,1
45,751216,Salaried,20,798521,24,Average,780257,1.0386572721330853,0,735611,0,1,Home,0
33,226420,Business,4,68688,36,Good,747678,3.3021583687025498,0,760636,2,0,Personal,0
31,1127004,Salaried,5,87551,120,Average,290897,0.2581150926570867,0,206269,0,1,Personal,0
54,558289,Self-Employed,0,662123,120,Bad,603907,1.0817084311021155,0,818038,3,1,Personal,1
41,524093,Salaried,8,1762863,60,Average,630708,1.2034253397291326,1,1339837,3,0,Car,1
45,1560528,Business,14,1301116,120,Bad,604526,0.3873853033170162,0,567516,3,0,Car,0
48,1527943,Salaried,13,1692912,180,Average,764513,0.5003540705680313,1,1002099,2,0,Personal,1
49,123989,Salaried,2,1915455,24,Average,505558,4.077409468505524,0,1287638,3,0,Education,1
25,1598916,Salaried,2,1986131,36,Average,4542,0.002840672780388225,1,210135,4,1,Education,1
51,839714,Self-Employed,9,1486242,12,Good,72119,0.08588509196572647,1,1061063,3,0,Car,0
58,961932,Salaried,20,769237,180,Good,713114,0.7413343756789714,0,1245692,3,0,Personal,0
46,870185,Self-Employed,24,404395,12,Bad,627471,0.7210768732202081,1,1197425,2,0,Personal,1
48,146552,Salaried,0,1652676,36,Good,359069,2.450096552100605,0,1393938,0,0,Home,1
28,189394,Business,3,103871,36,Average,590564,3.1181604583014333,0,946372,3,0,Personal,0
54,2189989,Self-Employed,26,1792246,60,Good,572654,0.26148703875360163,0,852143,5,1,Business,0
43,1407464,Business,7,657647,60,Average,55090,0.0391412930339298,0,618528,3,1,Education,0
37,413465,Business,14,506037,60,Average,11966,0.028940710965351443,0,754453,0,1,Education,0
38,605588,Self-Employed,1,247725,12,Good,385880,0.637197835495691,0,205840,2,1,Personal,0
23,693737,Salaried,2,1795893,24,Bad,797468,1.149523307069816,1,1453185,2,1,Car,1
60,606669,Salaried,11,1742147,120,Average,613915,1.011942242075593,1,134630,1,1,Car,1
45,960325,Salaried,12,895085,180,Bad,2593,0.0027001247493038823,0,1054393,3,0,Education,0
28,1023860,Self-Employed,7,293136,24,Average,566968,0.5537548553954101,0,237470,4,0,Car,0
47,368943,Salaried,11,221824,120,Average,482440,1.3076239212455008,1,1125913,5,1,Business,1
27,2335692,Salaried,0,1678681,36,Average,146730,0.06282075598120129,1,582765,0,0,Home,1
51,1885999,Self-Employed,4,805473,36,Good,270602,0.14347932131495228,0,86793,3,0,Education,0
41,1290740,Business,5,414393,12,Good,741887,0.5747760394997912,1,811808,4,0,Personal,0
54,1869087,Salaried,23,203804,36,Good,311350,0.16657856665924772,1,489697,2,0,Personal,0
45,285654,Business,17,912509,60,Bad,126156,0.4416376398102606,0,602331,3,1,Home,1
64,1434956,Business,6,1211135,24,Average,154568,0.1077161197164793,0,1423885,5,1,Home,0
61,2230680,Self-Employed,30,586854,12,Average,527283,0.236377590520563,0,1252826,0,1,Car,0
40,875803,Salaried,7,1667557,180,Bad,593469,0.67762764271458,0,1320566,3,0,Home,1
44,2342316,Self-Employed,4,728869,120,Bad,453136,0.19345630843306008,0,1459803,4,0,Home,0
23,365138,Business,1,1083434,120,Bad,513488,1.4062808957684607,1,1309663,4,1,Personal,1
41,1403428,Salaried,18,1862533,120,Good,128138,0.09130351446350332,0,237504,5,0,Business,0
46,1057072,Business,10,1576257,120,Average,629081,0.5951159475268027,1,369150,0,0,Education,1
62,1524506,Business,25,1858362,60,Bad,690897,0.4531937209865222,0,720352,3,1,Education,1
57,954363,Salaried,25,1898085,120,Average,696715,0.7300306801178585,0,355402,3,1,Business,0
41,2126179,Business,6,1838860,12,Bad,152116,0.07154427188667,1,738071,4,1,Education,1
33,1025549,Salaried,10,1841582,60,Average,244039,0.2379591438740188,0,182272,2,0,Business,0
37,1883514,Self-Employed,12,1979141,24,Good,544282,0.2889714178012917,1,208844,2,1,Education,0
60,1284506,Salaried,31,1880653,24,Bad,9401,0.007318761205661005,1,1145419,2,1,Car,1
33,853519,Salaried,1,744575,180,Average,244625,0.28660722654419346,1,211792,5,0,Personal,1
27,2186944,Business,1,1426284,120,Good,717764,0.32820395574648653,1,1385428,4,0,Home,0
58,1110561,Business,20,1891623,180,Good,651952,0.5870469185871657,1,284986,4,1,Business,1
43,321034,Salaried,12,924292,24,Average,359187,1.118840624853988,0,254336,0,0,Education,1
22,1467070,Business,0,1387901,12,Average,449565,0.30643711176896005,0,1047748,5,1,Home,0
63,146361,Self-Employed,14,309107,36,Bad,75209,0.5138560555335401,0,785536,3,0,Car,1
46,2480682,Salaried,10,907208,36,Bad,735728,0.29658283625920767,0,1124509,0,1,Business,0
35,498814,Self-Employed,6,361608,12,Average,790291,1.5843368784018124,1,129368,1,1,Business,1
56,2408636,Self-Employed,26,1677794,24,Good,686674,0.28508820548716973,0,968463,5,1,Car,0
41,1717152,Salaried,9,1855662,60,Average,650830,0.3790168959900486,1,237859,4,0,Home,1
46,575773,Self-Employed,24,216667,12,Good,686328,1.1920093647854888,1,221364,4,1,Home,0
39,1515383,Self-Employed,8,408680,12,Good,345199,0.22779638692239063,0,1394350,0,1,Education,0
27,345134,Salaried,6,1942030,36,Good,416618,1.2071160560360439,1,516485,2,1,Education,1
52,2290317,Salaried,5,1524544,24,Average,68594,0.029949552856852194,0,217617,3,1,Car,0
36,2377847,Self-Employed,2,356654,120,Bad,729317,0.3067130447362489,1,616125,0,0,Business,1
25,265103,Self-Employed,0,203758,24,Good,640271,2.4151691411672402,1,884664,4,0,Education,1
61,2073572,Self-Employed,40,1349252,120,Good,505161,0.24361862350638247,0,526111,0,0,Business,0
53,570918,Salaried,27,380574,12,Bad,364544,0.6385214014597518,1,1232841,2,1,Home,1
55,2464181,Business,32,1454175,60,Average,334477,0.1357355097959485,0,1234436,4,0,Personal,0
31,1528326,Self-Employed,8,934103,12,Bad,793565,0.5192377024026926,1,619696,3,1,Personal,1
53,2069006,Self-Employed,24,819599,120,Bad,17276,0.00834989925118668,0,1361062,1,0,Education,0
34,2108491,Self-Employed,0,1258909,24,Good,426418,0.20223837700119326,1,476407,3,1,Business,0
59,1817244,Salaried,5,1755703,12,Good,438814,0.2414721185090618,0,1278756,0,1,Home,0
63,975148,Business,32,1539734,12,Average,227877,0.23368428824723197,0,821511,1,1,Personal,0
37,718544,Salaried,6,897758,120,Good,83564,0.11629612619947255,1,165432,3,0,Home,0
45,453338,Salaried,14,1520562,24,Bad,441883,0.9747297276431104,0,313989,0,1,Home,1
51,1002509,Salaried,28,1896223,120,Bad,678192,0.6764940000598498,1,1020779,3,0,Home,1
25,763850,Business,2,1788791,180,Average,635355,0.8317787107695087,1,1238129,5,1,Personal,1
59,2328581,Self-Employed,19,517173,36,Bad,327043,0.14044727649702696,1,1145816,4,0,Business,1
32,1683251,Salaried,2,620335,24,Bad,497162,0.29535803314061115,1,1076484,2,0,Car,1
44,2229521,Self-Employed,5,1060309,24,Bad,26197,0.01175005225335296,0,1169705,2,1,Car,0
34,1758680,Self-Employed,3,603489,180,Good,100759,0.05729236854210627,0,1359861,1,1,Home,0
21,860366,Self-Employed,0,179717,12,Average,508449,0.5909675754648889,1,495766,5,0,Business,1
52,2345458,Self-Employed,13,999644,12,Good,261984,0.11169839251080492,1,580201,5,0,Home,0
37,1482126,Salaried,10,1966150,60,Average,273118,0.1842743570557719,1,726402,2,1,Education,1
63,1974596,Business,26,922318,120,Good,303311,0.153606533383774,0,1194722,5,0,Education,0
24,1853210,Business,2,996578,12,Bad,71705,0.03869230217174407,1,748238,4,0,Car,1
30,850721,Salaried,5,1971022,120,Average,304624,0.35807702163574,0,707993,4,0,Education,0
52,377300,Business,31,717436,120,Good,134582,0.3566966427335205,1,971531,2,1,Education,1
30,379909,Self-Employed,4,974881,36,Average,699806,1.8420310073438446,1,931810,2,1,Car,1
25,1473825,Salaried,2,573808,180,Average,205859,0.13967659683029068,1,175049,4,1,Education,0
23,2003497,Business,2,1617413,60,Average,454683,0.22694457394017864,1,269192,1,1,Car,1
49,186458,Salaried,12,1939085,180,Good,715359,3.8365485173684295,1,291473,4,1,Personal,1
38,1863189,Business,16,1437568,24,Bad,468440,0.2514182665213961,0,876872,3,1,Car,0
64,1705047,Self-Employed,6,1949539,120,Average,416107,0.2440441559416509,0,958952,5,1,Home,0
39,561588,Self-Employed,2,739727,24,Bad,706346,1.2577632396645946,1,670507,0,1,Car,1
37,2244440,Self-Employed,2,1072246,36,Good,221222,0.09856440868795392,0,1467117,1,1,Business,0
36,1330676,Business,9,775453,60,Bad,19137,0.014381401346833229,0,1185017,1,1,Home,0
22,1024666,Self-Employed,0,214021,60,Average,609449,0.5947776204366882,1,406797,0,1,Education,1
64,1907301,Salaried,35,918257,24,Good,361756,0.189668966949125,0,669550,3,1,Business,0
43,2445270,Salaried,15,779643,12,Average,774715,0.3168217346870756,1,1418438,4,0,Education,0
21,1109074,Self-Employed,0,205308,12,Good,504929,0.455270382976805,1,300632,1,0,Business,1
22,2414500,Salaried,0,1018321,36,Good,405123,0.16778746415926107,0,815868,5,1,Personal,0
61,1755755,Self-Employed,23,534444,36,Good,484379,0.2758805893301803,1,277821,5,1,Home,0
30,2137182,Salaried,6,1810145,120,Average,243206,0.11379746142468848,0,135834,0,0,Business,0
40,132027,Self-Employed,17,1843212,36,Good,174146,1.3190080891932014,0,1186156,1,0,Personal,1
37,739156,Business,8,1244960,36,Good,113455,0.15349242447815553,0,917157,3,0,Business,0
38,267131,Salaried,5,1841801,180,Good,681157,2.549889193357591,1,349392,4,1,Home,1
30,2004929,Salaried,0,446778,24,Bad,501144,0.2499558588080382,0,632741,0,0,Business,0
36,2312217,Self-Employed,8,1696283,36,Bad,41032,0.01774573158759252,1,1389580,0,1,Business,1
21,253314,Self-Employed,0,864391,36,Bad,795026,3.1384876537117816,1,1049340,3,1,Education,1
64,1144803,Self-Employed,41,62409,24,Average,281530,0.24591982557712935,0,1112771,2,0,Business,0
24,385268,Self-Employed,3,1603495,24,Good,749299,1.9448722840405015,0,1481555,4,0,Car,1
37,1027276,Self-Employed,16,1574146,60,Average,8078,0.00786350711638633,0,548970,0,1,Home,0
23,1019153,Self-Employed,0,1078809,60,Bad,317112,0.3111521909348342,0,780132,4,0,Personal,1
25,292791,Salaried,2,801394,60,Average,788238,2.692143227957048,1,752090,3,1,Home,1
59,1211092,Salaried,1,292386,60,Average,723372,0.5972885649574393,1,847347,1,0,Car,1
30,317284,Salaried,6,1107192,24,Good,329280,1.0378051278818727,0,513785,4,0,Home,1
26,498897,Self-Employed,2,1619135,12,Good,433918,0.8697529354697754,1,98471,5,0,Education,1
37,1430681,Self-Employed,12,1493337,24,Good,790245,0.5523554500580842,1,1497,1,1,Personal,1
40,347478,Self-Employed,12,1622826,36,Bad,266446,0.7667974179734602,1,44453,2,1,Personal,1
28,2062349,Salaried,7,709212,24,Average,381653,0.18505733750333359,0,98977,0,0,Home,0
57,983199,Business,10,1362777,24,Good,480331,0.4885384458909683,1,710377,0,1,Car,1
54,1395171,Business,3,569545,180,Bad,145044,0.10396137537163877,0,1140412,5,1,Personal,0
58,1754891,Business,24,605829,120,Bad,320317,0.18252804161167752,0,391442,1,1,Personal,0
42,2027293,Self-Employed,18,265139,24,Bad,154882,0.0763983911558955,0,17686,3,1,Personal,0
48,2300772,Self-Employed,6,864028,12,Bad,197632,0.08589808729500911,1,1270359,1,1,Business,1
30,704054,Self-Employed,5,319763,60,Good,277935,0.39476319321643905,0,1496782,4,1,Home,0
32,904486,Business,5,343780,24,Average,456813,0.5050520350209566,0,577759,2,0,Business,0
31,1116899,Self-Employed,6,1077428,24,Bad,581398,0.5205461545348733,1,216502,2,0,Home,1
54,1579603,Self-Employed,14,276345,12,Good,177539,0.11239462548841356,0,682678,2,1,Car,0
27,985333,Salaried,1,896240,180,Good,52957,0.053745227506611974,1,308221,4,1,Home,1
33,213062,Salaried,7,71558,180,Good,184202,0.8645424123381348,1,1181918,3,1,Business,1
34,628505,Self-Employed,11,100684,36,Bad,492480,0.7835724718618438,1,623098,2,1,Business,1
63,1049984,Salaried,5,197164,180,Bad,758813,0.7226893717529298,0,1297526,4,1,Home,0
50,2385545,Self-Employed,22,870169,60,Average,131333,0.05505364390374363,1,1003703,3,0,Car,0
61,595521,Self-Employed,10,1031591,12,Bad,227538,0.3820816023589389,0,116227,2,1,Business,0
35,951555,Business,10,326304,24,Average,509960,0.5359222158233462,0,979480,0,0,Home,0
60,184577,Salaried,32,805733,180,Average,236585,1.2817616400654466,0,1060043,2,0,Personal,1
31,1785833,Self-Employed,7,564026,24,Average,325909,0.18249680541416505,1,81544,2,0,Home,0
53,1831902,Business,17,941787,12,Average,282489,0.15420521719763547,0,911204,4,1,Home,0
21,1486625,Salaried,0,1862870,120,Average,513912,0.345690173587708,0,1279235,3,0,Home,0
40,2322577,Business,15,1454210,36,Average,536883,0.23115822159686347,1,1411666,5,1,Education,0
64,570330,Salaried,40,1841987,12,Good,494619,0.8672490185523845,0,1068575,0,0,Business,0
27,2262237,Business,4,194030,24,Bad,505227,0.22333061331301127,0,804360,1,1,Business,0
23,835121,Self-Employed,1,1322473,24,Bad,427090,0.5114103089129493,1,1354132,4,0,Business,1
30,437263,Business,7,715267,12,Bad,533593,1.2202994072230964,0,1216820,3,1,Education,1
57,326328,Business,23,1427386,120,Good,228134,0.6990920206294874,0,1486156,3,0,Business,1
58,1610851,Self-Employed,11,596756,60,Bad,454916,0.28240707402045623,1,716005,1,1,Personal,1
36,1126551,Self-Employed,12,1877508,24,Good,272781,0.24213795723588435,1,371484,3,0,Home,0
37,1261444,Business,1,1483191,36,Good,333997,0.2647733353416122,0,1284198,0,1,Personal,0
56,746510,Self-Employed,8,1244161,180,Average,782362,1.048024744444489,1,161645,0,0,Car,1
53,1784135,Self-Employed,3,1067711,12,Average,687082,0.3851062923454266,1,435614,1,1,Business,0
61,1677639,Business,29,171229,120,Good,598828,0.35694666316969076,1,30434,5,1,Education,0
23,1973788,Salaried,1,1771667,24,Good,519091,0.2629921435371258,0,1013809,3,0,Personal,0
22,821258,Business,0,1912730,12,Average,788214,0.9597629980310718,0,805364,5,0,Business,1
50,1924475,Self-Employed,17,1907664,180,Average,69100,0.03590587775581509,1,1077612,4,0,Business,1
57,1878102,Salaried,17,837401,36,Average,319760,0.17025690284292183,0,163142,2,0,Car,0
47,1449928,Business,20,463620,36,Average,734436,0.506532388827315,1,881144,4,1,Home,1
62,1639340,Business,32,566724,24,Average,446713,0.2724954722659898,1,408645,0,0,Education,0
55,1468570,Business,24,1410331,12,Bad,457589,0.31158793139725627,1,740091,3,1,Home,1
58,953584,Salaried,1,1504656,180,Good,11377,0.01193076652841645,0,681730,4,1,Education,0
34,984931,Salaried,4,1364953,12,Bad,373553,0.3792678073207084,0,867234,5,0,Education,0
62,1132014,Self-Employed,17,1007552,120,Average,428440,0.3784755502356418,1,604066,2,0,Home,1
45,570230,Salaried,15,639054,180,Average,554472,0.9723638314998658,1,302935,4,0,Education,1
32,1880354,Salaried,10,255896,120,Good,154223,0.0820180231924291,0,875807,0,1,Car,0
39,1898604,Salaried,1,802722,36,Bad,763121,0.40193773849747577,1,81931,1,1,Business,1
25,2410457,Business,3,1520810,36,Average,305171,0.1266029111480059,1,526012,5,0,Personal,0
36,2396921,Business,1,697340,12,Good,113344,0.04728731264513405,0,1159326,4,1,Car,0
32,2215908,Salaried,10,970297,180,Average,289140,0.13048369766086965,1,928026,4,0,Education,0
63,465789,Self-Employed,24,1193121,120,Average,146933,0.31544902209150044,0,1201373,1,1,Car,0
42,1808934,Salaried,4,705917,12,Good,143821,0.07950589711625901,0,458494,2,1,Home,0
26,1508135,Salaried,4,1978499,24,Bad,725885,0.48131269328495574,0,54109,2,0,Personal,1
57,412914,Business,1,636388,60,Good,390311,0.9452574985166439,0,107624,4,1,Education,0
55,922466,Business,18,1463839,60,Good,50328,0.0545580492310294,1,432207,0,0,Car,0
37,725680,Business,16,1930719,12,Average,33509,0.04617593680970013,0,814897,5,0,Car,0
60,1833394,Self-Employed,32,454436,120,Bad,531600,0.28995388336937755,1,686979,5,0,Business,1
64,1637548,Salaried,33,1551909,24,Good,204203,0.12470039064479903,1,1157097,4,0,Education,0
25,2015360,Business,4,1862440,180,Average,537073,0.2664897256620526,1,1153221,0,0,Home,1
34,1269161,Salaried,3,697697,180,Good,332662,0.26211153501286677,1,774962,0,1,Personal,0
60,1497545,Salaried,38,788743,180,Good,214576,0.14328508105927965,0,213561,3,0,Education,0
58,2438486,Self-Employed,6,647292,24,Good,672088,0.2756168066510094,0,1269046,3,1,Home,0
33,566613,Self-Employed,8,1406042,24,Bad,120962,0.2134821942274635,0,989786,4,0,Business,0
47,674478,Self-Employed,1,73562,36,Good,745445,1.105216025999327,0,1021188,3,0,Home,0
27,995683,Self-Employed,4,1013255,12,Bad,456324,0.45830203156824856,1,1300250,4,1,Personal,1
47,645727,Business,24,441401,12,Average,135025,0.20910507210466325,0,783374,0,0,Business,0
54,1820322,Business,19,1711687,120,Bad,694743,0.3816591890560082,1,1392801,1,0,Car,1
47,2352518,Salaried,17,1458497,60,Average,337337,0.1433939534600996,1,774473,1,0,Personal,0
58,1025579,Salaried,9,1559946,120,Good,146604,0.14294740537061956,0,143513,5,1,Home,0
47,389803,Self-Employed,18,1565456,12,Bad,720138,1.8474361473971534,1,1219505,1,1,Business,1
54,1455013,Salaried,15,1535242,60,Average,181032,0.1244194213938835,0,694683,5,0,Education,0
52,381670,Business,0,1212479,180,Bad,423496,1.1095839086543122,1,1031772,0,0,Home,1
31,322890,Business,5,742529,24,Average,45227,0.14006893967314046,0,1306951,0,0,Education,0
24,2257265,Salaried,2,859812,12,Good,599788,0.2657143641910169,0,812447,5,1,Education,0
48,1920375,Salaried,18,55243,120,Bad,774381,0.4032444687915283,0,194155,5,0,Business,0
26,726770,Salaried,1,1768853,24,Good,663414,0.9128239844462699,1,970838,1,1,Car,1
31,447360,Self-Employed,5,1352440,36,Good,466252,1.0422276416585263,1,900526,3,0,Business,1
56,1338302,Self-Employed,17,999497,180,Average,552357,0.4127294043277195,1,226192,0,0,Car,1
37,1978524,Self-Employed,12,251773,12,Average,388487,0.1963518277504707,0,1171164,0,1,Home,0
53,257405,Self-Employed,10,603506,36,Bad,701944,2.7269916008173856,0,75093,3,0,Education,1
22,1645664,Self-Employed,0,1344498,24,Average,761637,0.4628141207353866,1,245982,5,1,Education,1
51,1890155,Self-Employed,20,1034015,60,Bad,142483,0.07538160871377812,0,179518,2,1,Business,0
34,1984994,Business,13,240960,12,Average,122156,0.06153970161133907,1,1031004,4,1,Car,0
54,410930,Salaried,13,1343645,12,Bad,29582,0.0719877546352064,0,1454633,1,1,Car,0
40,185115,Salaried,3,1228758,12,Average,205974,1.1126752954903951,0,1452579,3,1,Car,1
43,1455785,Business,10,1722064,12,Good,528588,0.36309457571373815,1,1288486,4,1,Car,0
26,1924958,Salaried,0,176135,12,Bad,499729,0.2596050097690392,0,1482110,2,1,Home,0
23,323487,Self-Employed,0,497106,180,Good,577516,1.7852779701256307,0,696861,3,1,Car,1
26,2418881,Business,3,755488,12,Average,311904,0.12894552111264626,1,934352,4,0,Personal,0
49,440515,Salaried,13,1125751,60,Bad,785846,1.7839215828709967,1,584588,5,0,Car,1
29,2091814,Salaried,8,1841470,24,Good,421673,0.20158235790449922,1,965503,5,0,Personal,0
54,1322942,Self-Employed,3,1319012,12,Good,337054,0.25477590493316793,0,714794,4,1,Home,0
63,415324,Salaried,23,262780,24,Good,574543,1.3833576115090591,1,1059976,4,0,Home,0
22,306020,Salaried,0,664564,180,Average,611012,1.9966342179131498,1,1128749,5,1,Education,1
28,2184996,Business,4,1109522,60,Good,634947,0.2905939916622311,1,197659,0,0,Personal,0
31,1433874,Salaried,9,346186,12,Average,608597,0.4244421584866184,1,1014182,3,1,Business,0
50,1907817,Self-Employed,4,1634996,36,Bad,436652,0.22887508137568677,1,490175,1,0,Car,1
32,1303809,Self-Employed,3,1211926,180,Average,260383,0.19970931347358895,1,1407207,2,0,Car,1
26,828374,Business,4,1710587,120,Average,593901,0.7169470348574015,0,1335657,2,0,Personal,0
57,1348404,Salaried,36,1616452,12,Average,793373,0.5883788624337644,1,102885,3,0,Business,1
36,914744,Salaried,5,1626677,36,Good,612435,0.6695144548480724,1,146612,0,1,Home,1
22,1281538,Business,1,1004815,36,Average,469895,0.3666646118456013,1,514120,3,0,Car,1
41,416687,Salaried,20,409229,120,Good,125535,0.3012685750489575,0,858113,1,1,Personal,0
32,1017009,Business,9,117412,36,Bad,759915,0.7472050422316399,1,394806,3,0,Home,1
38,1985495,Business,16,92447,36,Average,100944,0.05084069673270558,0,449387,3,1,Education,0
47,1188547,Self-Employed,2,700571,24,Bad,505756,0.42552425312229714,1,714311,3,0,Personal,1
56,2092463,Salaried,33,54899,12,Good,168374,0.0804668562995588,1,1473283,4,0,Car,0
31,161530,Salaried,2,1357337,36,Average,19723,0.12210040178046319,0,1380464,0,1,Home,0
41,1133729,Business,17,1915963,60,Bad,660485,0.5825769804097978,1,461937,4,0,Education,1
35,2134375,Business,1,88963,60,Good,305015,0.1429059359737928,0,540971,5,0,Business,0
40,1766315,Business,0,344729,60,Bad,378524,0.21430140473165618,1,1420790,2,0,Education,1
48,731193,Salaried,26,358858,36,Average,419818,0.5741540548746297,0,1430006,5,1,Business,0
55,854093,Salaried,5,940297,120,Bad,600328,0.7028828208604674,1,763448,0,0,Education,1
47,1042681,Salaried,16,743731,120,Bad,51523,0.04941391526850948,0,1469207,2,0,Education,0
36,429840,Business,2,278597,60,Good,675302,1.5710506908368442,0,67320,4,0,Education,0
23,2049963,Self-Employed,2,1545656,60,Good,221282,0.10794433463221793,0,1270082,0,1,Personal,0
40,2411589,Salaried,0,484097,120,Good,495770,0.20557806260599853,0,1306210,1,0,Personal,0
50,919978,Salaried,25,1923294,12,Good,619359,0.6732316715925037,1,841314,3,1,Business,1
41,1549760,Business,10,1656070,12,Bad,492056,0.3175044410073553,1,895150,0,0,Business,1
59,2178730,Self-Employed,26,564652,36,Bad,784945,0.360276234193207,1,942006,4,0,Home,1
48,2083518,Salaried,6,556193,12,Average,232142,0.1114182304073061,0,1155054,5,1,Personal,0
56,2396535,Business,34,1228523,24,Average,65837,0.027471734203033043,1,1019458,2,1,Business,0
30,2084848,Self-Employed,3,162021,36,Good,148501,0.07122865972547653,0,888950,2,1,Business,0
64,2038706,Business,34,466872,120,Good,381030,0.18689787203359776,0,941263,4,1,Home,0
41,812928,Self-Employed,14,1598591,24,Bad,778733,0.9579348257965948,1,1482838,1,1,Business,1
50,2032055,Salaried,24,57089,24,Average,22880,0.01125953221761605,1,710376,5,1,Business,0
23,1643004,Salaried,1,1853289,36,Average,691729,0.42101454347369605,0,1038631,2,0,Business,0
37,1496151,Self-Employed,1,647573,36,Good,768921,0.5139324079371614,1,841912,0,0,Personal,1
26,478458,Salaried,2,1612878,180,Average,89896,0.18788652737225134,1,39314,4,1,Business,1
52,1266889,Salaried,31,434374,36,Average,126300,0.09969294887480365,0,891468,3,0,Education,0
48,1565836,Salaried,24,753355,60,Bad,226588,0.14470727157424432,0,512627,1,1,Personal,0
35,2432620,Business,12,1767533,120,Good,601593,0.24730239523542713,0,133413,3,0,Car,0
52,2440689,Business,6,887794,60,Average,226784,0.09291798630715084,1,862795,4,0,Personal,0
63,894942,Self-Employed,15,1594800,24,Average,730112,0.8158195549884183,0,1361493,3,0,Personal,0
25,2070310,Business,0,883459,24,Good,307621,0.14858685482519293,0,1229804,4,1,Education,0
51,406211,Salaried,26,578053,120,Bad,28775,0.07083739525174047,0,217042,3,1,Personal,0
38,166639,Business,1,1961149,36,Bad,305394,1.832657225156025,1,405723,5,0,Home,1
56,730338,Salaried,23,755186,24,Bad,519005,0.7106357458659609,0,259492,2,1,Car,1
54,714327,Self-Employed,28,643923,12,Good,20840,0.029174272883045322,0,251825,5,0,Car,0
34,1020759,Self-Employed,5,399811,12,Bad,97315,0.09533582820643442,0,543054,2,0,Personal,0
49,1729027,Self-Employed,14,1508570,36,Good,770614,0.44569203043559735,0,115760,0,1,Education,0
41,482850,Business,9,1553491,36,Bad,29548,0.06119486135474505,1,1104792,1,0,Business,1
58,1718354,Business,23,1668823,12,Average,169279,0.09851223990386154,0,1167187,5,1,Business,0
60,940165,Business,11,737464,60,Bad,451709,0.4804566427630865,1,280760,4,1,Car,1
